MC_max_endpoint_half_width,absolute_MC_tolerance,attempted,cell,descriptive_lower,descriptive_upper,eligible_blocks,eligible_people,empirical_range_width,failed_replicates,gamma_per_endpoint,interval_publication_status,interval_role,primary_p,primary_q,statistic,status,uncertainty_role,undefined,valid,zero_width,lower_MC_half_width,lower_estimate,lower_lower_MC,lower_lower_rank,lower_upper_MC,lower_upper_rank,upper_MC_half_width,upper_estimate,upper_lower_MC,upper_lower_rank,upper_upper_MC,upper_upper_rank,cell_data_key,cell_id,cell_kind,cell_labels,cell_n_blocks,cell_n_people,cell_p,cell_predictors,reference_point
0.00878214695718138,,20000,A_1c4334be6b7c3e81,0.12776123283501703,0.5375028452901943,335,133,0.40974161245517726,0,0.0001404494382022472,descriptive_range,success_conditional_descriptive_stability_no_physiological_validation,,,coefficient_vas_mean,MC_PRECISION_INSUFFICIENT,descriptive_empirical_resampling_not_population_coverage,0,20000,False,0.00878214695718138,0.12776123283501703,0.11897908587783565,418,0.13548328243662877,587,0.008515272830148746,0.5375028452901943,0.5313460569670998,19414,0.5460181181203431,19583,A_1c4334be6b7c3e81,A_1c4334be6b7c3e81,planned24,"[""ECG"", ""HR""]",335,133,1,"[""vas_mean""]",0.33580889980187884
0.04331652831359056,,20000,A_25abd8124bbd60d8,-2.0248061515772053,0.032917172324311704,335,133,2.057723323901517,0,0.0001404494382022472,descriptive_range,success_conditional_descriptive_stability_no_physiological_validation,,,coefficient_vas_mean,MC_PRECISION_INSUFFICIENT,descriptive_empirical_resampling_not_population_coverage,0,20000,False,0.04331652831359056,-2.0248061515772053,-2.068122679890796,418,-1.9889490995853112,587,0.039998538478780925,0.032917172324311704,-0.005355048888904535,19414,0.07291571080309263,19583,A_25abd8124bbd60d8,A_25abd8124bbd60d8,planned24,"[""ECG"", ""candidate_RR_RMSSD""]",335,133,1,"[""vas_mean""]",-1.0159345962525954
0.004068799516928942,,20000,A_3ce8bb2a84cef358,-0.015426544036886883,0.16262921247603732,439,164,0.1780557565129242,14,0.0001404494382022472,descriptive_range,success_conditional_descriptive_stability_no_physiological_validation,,,coefficient_vas_mean,MC_PRECISION_INSUFFICIENT,descriptive_empirical_resampling_not_population_coverage,14,19986,False,0.004068799516928942,-0.015426544036886883,-0.019495343553815825,418,-0.01213390221430394,587,0.0034610981804993057,0.16262921247603732,0.15993801904547897,19400,0.16609031065653662,19569,A_3ce8bb2a84cef358,A_3ce8bb2a84cef358,planned24,"[""Frontal_Inf_Oper_R"", ""HbO""]",439,164,1,"[""vas_mean""]",0.07573863297367894
0.003651566110178389,,20000,A_a95d350f358e7cdc,-0.12323602975791613,0.05688913846491197,442,165,0.1801251682228281,13,0.0001404494382022472,descriptive_range,success_conditional_descriptive_stability_no_physiological_validation,,,coefficient_vas_mean,MC_PRECISION_INSUFFICIENT,descriptive_empirical_resampling_not_population_coverage,13,19987,False,0.003138153958874193,-0.12323602975791613,-0.12637418371679032,418,-0.12043962846998103,587,0.003651566110178389,0.05688913846491197,0.0536704463897761,19401,0.06054070457509036,19570,A_a95d350f358e7cdc,A_a95d350f358e7cdc,planned24,"[""Frontal_Inf_Oper_R"", ""HbR""]",442,165,1,"[""vas_mean""]",-0.03689953591491162
0.003910247041702881,,20000,A_42f83844a638312a,0.0009790731547081417,0.17255035055076445,446,166,0.17157127739605632,3,0.0001404494382022472,descriptive_range,success_conditional_descriptive_stability_no_physiological_validation,,,coefficient_vas_mean,MC_PRECISION_INSUFFICIENT,descriptive_empirical_resampling_not_population_coverage,3,19997,False,0.003910247041702881,0.0009790731547081417,-0.0029311738869947394,418,0.003567030417203042,587,0.0029910115131131787,0.17255035055076445,0.16955933903765127,19411,0.1751511261735122,19580,A_42f83844a638312a,A_42f83844a638312a,planned24,"[""Frontal_Inf_Tri_L"", ""HbO""]",446,166,1,"[""vas_mean""]",0.08807191593933483
0.004377681530255084,,20000,A_8117955e15d07ede,-0.1703138795124825,0.008952973121758013,446,166,0.17926685263424053,12,0.0001404494382022472,descriptive_range,success_conditional_descriptive_stability_no_physiological_validation,,,coefficient_vas_mean,MC_PRECISION_INSUFFICIENT,descriptive_empirical_resampling_not_population_coverage,12,19988,False,0.004377681530255084,-0.1703138795124825,-0.1746915610427376,418,-0.16710835957510856,587,0.0034604142981650666,0.008952973121758013,0.005492558823592946,19402,0.012064288205317677,19571,A_8117955e15d07ede,A_8117955e15d07ede,planned24,"[""Frontal_Inf_Tri_L"", ""HbR""]",446,166,1,"[""vas_mean""]",-0.08055596343801877
0.0033429316667596964,,20000,A_ad2faf7784072d89,0.042932890697780134,0.20134131053598914,449,167,0.158408419838209,4,0.0001404494382022472,descriptive_range,success_conditional_descriptive_stability_no_physiological_validation,,,coefficient_vas_mean,MC_PRECISION_INSUFFICIENT,descriptive_empirical_resampling_not_population_coverage,4,19996,False,0.0028983524794802054,0.042932890697780134,0.040073173307444566,418,0.04583124317726034,587,0.0033429316667596964,0.20134131053598914,0.1989947446919442,19410,0.20468424220274883,19579,A_ad2faf7784072d89,A_ad2faf7784072d89,planned24,"[""Frontal_Mid_L"", ""HbO""]",449,167,1,"[""vas_mean""]",0.12313670721003152
0.0034603322736823927,,20000,A_0634a6544ed39532,-0.24420013325655934,-0.08991619357904665,449,167,0.1542839396775127,3,0.0001404494382022472,descriptive_range,success_conditional_descriptive_stability_no_physiological_validation,,,coefficient_vas_mean,MC_PRECISION_INSUFFICIENT,descriptive_empirical_resampling_not_population_coverage,3,19997,False,0.0024193615899621157,-0.24420013325655934,-0.24661949484652146,418,-0.24188224238707914,587,0.0034603322736823927,-0.08991619357904665,-0.09265691194165554,19411,-0.08645586130536426,19580,A_0634a6544ed39532,A_0634a6544ed39532,planned24,"[""Frontal_Mid_L"", ""HbR""]",449,167,1,"[""vas_mean""]",-0.17227247164498596
0.003705513295306745,,20000,A_a239e5028db9fec3,0.0028966505818780555,0.18695025094757817,449,167,0.18405360036570012,6,0.0001404494382022472,descriptive_range,success_conditional_descriptive_stability_no_physiological_validation,,,coefficient_vas_mean,MC_PRECISION_INSUFFICIENT,descriptive_empirical_resampling_not_population_coverage,6,19994,False,0.0035198041655905856,0.0028966505818780555,-0.0006231535837125301,418,0.005795568274939748,587,0.003705513295306745,0.18695025094757817,0.18396521151233644,19408,0.1906557642428849,19577,A_a239e5028db9fec3,A_a239e5028db9fec3,planned24,"[""Frontal_Mid_R"", ""HbO""]",449,167,1,"[""vas_mean""]",0.09452086755387201
0.003560343092186613,,20000,A_34821e2a1730266a,-0.1946258095662116,-0.013960735806850401,449,167,0.1806650737593612,2,0.0001404494382022472,descriptive_range,success_conditional_descriptive_stability_no_physiological_validation,,,coefficient_vas_mean,MC_PRECISION_MET,descriptive_empirical_resampling_not_population_coverage,2,19998,False,0.003560343092186613,-0.1946258095662116,-0.1981861526583982,418,-0.191714229448893,587,0.00319611158015827,-0.013960735806850401,-0.01715684738700867,19412,-0.01081830475838343,19581,A_34821e2a1730266a,A_34821e2a1730266a,planned24,"[""Frontal_Mid_R"", ""HbR""]",449,167,1,"[""vas_mean""]",-0.10455728612748312
0.0032161640554530524,,20000,A_53da895805c5fb40,0.04251011771392714,0.20875769610816808,449,167,0.16624757839424092,4,0.0001404494382022472,descriptive_range,success_conditional_descriptive_stability_no_physiological_validation,,,coefficient_vas_mean,MC_PRECISION_MET,descriptive_empirical_resampling_not_population_coverage,4,19996,False,0.0032161640554530524,0.04251011771392714,0.03929395365847409,418,0.04558727870510028,587,0.002907009669223526,0.20875769610816808,0.20590393289817346,19410,0.2116647057773916,19579,A_53da895805c5fb40,A_53da895805c5fb40,planned24,"[""Frontal_Sup_L"", ""HbO""]",449,167,1,"[""vas_mean""]",0.1255204685035426
0.003909098309639994,,20000,A_199f045377ba4e5a,-0.2666630082907123,-0.09998770232808107,449,167,0.16667530596263125,4,0.0001404494382022472,descriptive_range,success_conditional_descriptive_stability_no_physiological_validation,,,coefficient_vas_mean,MC_PRECISION_INSUFFICIENT,descriptive_empirical_resampling_not_population_coverage,4,19996,False,0.0029123700566328625,-0.2666630082907123,-0.2695753783473452,418,-0.2639360479892236,587,0.003909098309639994,-0.09998770232808107,-0.10279206597175237,19410,-0.09607860401844108,19579,A_199f045377ba4e5a,A_199f045377ba4e5a,planned24,"[""Frontal_Sup_L"", ""HbR""]",449,167,1,"[""vas_mean""]",-0.1869124937453608
0.003114594622669234,,20000,A_f7e7779e48e82d31,0.09404083718558885,0.25487804170841005,449,167,0.1608372045228212,2,0.0001404494382022472,descriptive_range,success_conditional_descriptive_stability_no_physiological_validation,,,coefficient_vas_mean,MC_PRECISION_MET,descriptive_empirical_resampling_not_population_coverage,2,19998,False,0.003114594622669234,0.09404083718558885,0.09092624256291962,418,0.09712626336091468,587,0.0027798393638961416,0.25487804170841005,0.252361352502057,19412,0.2576578810723062,19581,A_f7e7779e48e82d31,A_f7e7779e48e82d31,planned24,"[""Frontal_Sup_Medial_L"", ""HbO""]",449,167,1,"[""vas_mean""]",0.1738149356600295
0.0036816899956416405,,20000,A_4d7c2f1f67321842,-0.13457987034940982,0.05204341734291969,449,167,0.1866232876923295,5,0.0001404494382022472,descriptive_range,success_conditional_descriptive_stability_no_physiological_validation,,,coefficient_vas_mean,MC_PRECISION_MET,descriptive_empirical_resampling_not_population_coverage,5,19995,False,0.0036816899956416405,-0.13457987034940982,-0.1378876839392912,418,-0.13089818035376818,587,0.0032471729421807358,0.05204341734291969,0.04879624440073895,19409,0.05525497591536743,19578,A_4d7c2f1f67321842,A_4d7c2f1f67321842,planned24,"[""Frontal_Sup_Medial_L"", ""HbR""]",449,167,1,"[""vas_mean""]",-0.040564743334995865
0.0033658695721733196,,20000,A_4a4af13574527dd5,-0.005177768690962547,0.1707314246442651,449,167,0.17590919333522764,8,0.0001404494382022472,descriptive_range,success_conditional_descriptive_stability_no_physiological_validation,,,coefficient_vas_mean,MC_PRECISION_MET,descriptive_empirical_resampling_not_population_coverage,8,19992,False,0.0033658695721733196,-0.005177768690962547,-0.008543638263135866,418,-0.0021938003294760364,587,0.003230462786329741,0.1707314246442651,0.16753853128493734,19406,0.17396188743059485,19575,A_4a4af13574527dd5,A_4a4af13574527dd5,planned24,"[""Frontal_Sup_R"", ""HbO""]",449,167,1,"[""vas_mean""]",0.08127278953263266
0.003392409896041476,,20000,A_6695d90a009846ae,-0.19103168332708334,-0.015035216254920426,449,167,0.1759964670721629,4,0.0001404494382022472,descriptive_range,success_conditional_descriptive_stability_no_physiological_validation,,,coefficient_vas_mean,MC_PRECISION_MET,descriptive_empirical_resampling_not_population_coverage,4,19996,False,0.003392409896041476,-0.19103168332708334,-0.19442409322312482,418,-0.188133328194425,587,0.003229691319509065,-0.015035216254920426,-0.01826490757442949,19410,-0.01189802597595754,19579,A_6695d90a009846ae,A_6695d90a009846ae,planned24,"[""Frontal_Sup_R"", ""HbR""]",449,167,1,"[""vas_mean""]",-0.10221550496494355
0.00369150563059905,,20000,A_9c0985d90142e044,-0.04270241612548746,0.13908184706565033,440,164,0.18178426319113777,2,0.0001404494382022472,descriptive_range,success_conditional_descriptive_stability_no_physiological_validation,,,coefficient_vas_mean,MC_PRECISION_INSUFFICIENT,descriptive_empirical_resampling_not_population_coverage,2,19998,False,0.00369150563059905,-0.04270241612548746,-0.04639392175608651,418,-0.039169426145279476,587,0.0031700489369733686,0.13908184706565033,0.13624244870501448,19412,0.1422518960026237,19581,A_9c0985d90142e044,A_9c0985d90142e044,planned24,"[""Postcentral_L"", ""HbO""]",440,164,1,"[""vas_mean""]",0.05083447250370746
0.004107384513522008,,20000,A_4c7926fcf9f1254b,-0.11308234285211563,0.07714375900210178,440,164,0.1902261018542174,3,0.0001404494382022472,descriptive_range,success_conditional_descriptive_stability_no_physiological_validation,,,coefficient_vas_mean,MC_PRECISION_INSUFFICIENT,descriptive_empirical_resampling_not_population_coverage,3,19997,False,0.0036853434847894384,-0.11308234285211563,-0.11676768633690507,418,-0.11009731639817319,587,0.004107384513522008,0.07714375900210178,0.07303637448857977,19411,0.08097087386423446,19580,A_4c7926fcf9f1254b,A_4c7926fcf9f1254b,planned24,"[""Postcentral_L"", ""HbR""]",440,164,1,"[""vas_mean""]",-0.01889697837725884
0.0033102447058637637,,20000,A_3cf809391077cbc6,-0.009008768915553,0.1610958715340935,436,162,0.1701046404496465,4,0.0001404494382022472,descriptive_range,success_conditional_descriptive_stability_no_physiological_validation,,,coefficient_vas_mean,MC_PRECISION_MET,descriptive_empirical_resampling_not_population_coverage,4,19996,False,0.0033102447058637637,-0.009008768915553,-0.012319013621416764,418,-0.006047379234901714,587,0.0031018384306583935,0.1610958715340935,0.15803082905794702,19410,0.1641977099647519,19579,A_3cf809391077cbc6,A_3cf809391077cbc6,planned24,"[""Postcentral_R"", ""HbO""]",436,162,1,"[""vas_mean""]",0.07681730348822582
0.003443001448124844,,20000,A_00517bbe03ed8ce8,-0.17052868304905605,0.001019987072264263,436,162,0.1715486701213203,7,0.0001404494382022472,descriptive_range,success_conditional_descriptive_stability_no_physiological_validation,,,coefficient_vas_mean,MC_PRECISION_INSUFFICIENT,descriptive_empirical_resampling_not_population_coverage,7,19993,False,0.003443001448124844,-0.17052868304905605,-0.1739716844971809,418,-0.16721543731940744,587,0.003260421894908984,0.001019987072264263,-0.0018780113749786683,19407,0.004280408967173247,19576,A_00517bbe03ed8ce8,A_00517bbe03ed8ce8,planned24,"[""Postcentral_R"", ""HbR""]",436,162,1,"[""vas_mean""]",-0.08512347585294622
0.0041975186970975,,20000,A_9958238aaf1ddc9d,-0.008520641629365286,0.17185360817069245,437,163,0.18037424980005773,6,0.0001404494382022472,descriptive_range,success_conditional_descriptive_stability_no_physiological_validation,,,coefficient_vas_mean,MC_PRECISION_INSUFFICIENT,descriptive_empirical_resampling_not_population_coverage,6,19994,False,0.0041975186970975,-0.008520641629365286,-0.012718160326462787,418,-0.005550226472943226,587,0.0033495615395593703,0.17185360817069245,0.16901333731201645,19408,0.17520316971025182,19577,A_9958238aaf1ddc9d,A_9958238aaf1ddc9d,planned24,"[""Precentral_L"", ""HbO""]",437,163,1,"[""vas_mean""]",0.08375763413810206
0.004016706200533696,,20000,A_7d912fe16af7a3d7,-0.09617599946642064,0.0931977179529346,437,163,0.18937371741935524,4,0.0001404494382022472,descriptive_range,success_conditional_descriptive_stability_no_physiological_validation,,,coefficient_vas_mean,MC_PRECISION_INSUFFICIENT,descriptive_empirical_resampling_not_population_coverage,4,19996,False,0.004016706200533696,-0.09617599946642064,-0.10019270566695433,418,-0.09216988453240355,587,0.003977935517416403,0.0931977179529346,0.08923246329369029,19410,0.09717565347035101,19579,A_7d912fe16af7a3d7,A_7d912fe16af7a3d7,planned24,"[""Precentral_L"", ""HbR""]",437,163,1,"[""vas_mean""]",-0.0014230570034021407
0.003499252982199552,,20000,A_2a4c15d083bfcd9e,0.05766544449147579,0.22332973350790233,444,165,0.16566428901642655,5,0.0001404494382022472,descriptive_range,success_conditional_descriptive_stability_no_physiological_validation,,,coefficient_vas_mean,MC_PRECISION_INSUFFICIENT,descriptive_empirical_resampling_not_population_coverage,5,19995,False,0.003382023429631474,0.05766544449147579,0.054333557249024354,418,0.06104746792110726,587,0.003499252982199552,0.22332973350790233,0.22105881381659298,19409,0.22682898649010189,19578,A_2a4c15d083bfcd9e,A_2a4c15d083bfcd9e,planned24,"[""Precentral_R"", ""HbO""]",444,165,1,"[""vas_mean""]",0.14475897208655833
0.003875626239811123,,20000,A_d2865d4c965d8771,-0.1719880915145131,0.002850628061616308,444,165,0.17483871957612943,7,0.0001404494382022472,descriptive_range,success_conditional_descriptive_stability_no_physiological_validation,,,coefficient_vas_mean,MC_PRECISION_INSUFFICIENT,descriptive_empirical_resampling_not_population_coverage,7,19993,False,0.003777383716216498,-0.1719880915145131,-0.1757654752307296,418,-0.16906178247354084,587,0.003875626239811123,0.002850628061616308,-0.00022054283227324864,19407,0.006726254301427431,19576,A_d2865d4c965d8771,A_d2865d4c965d8771,planned24,"[""Precentral_R"", ""HbR""]",444,165,1,"[""vas_mean""]",-0.08639994829518698
0.006659613123568137,,20000,A_2424872a3a611332,-0.1290551116794304,0.18889094998768613,301,121,0.31794606166711653,0,0.0001404494382022472,descriptive_range,success_conditional_descriptive_stability_no_physiological_validation,,,coefficient_egg_value,MC_PRECISION_INSUFFICIENT,descriptive_empirical_resampling_not_population_coverage,0,20000,False,0.005155110301926141,-0.1290551116794304,-0.13421022198135654,418,-0.12407559137817775,587,0.006659613123568137,0.18889094998768613,0.18317489291981492,19414,0.19555056311125427,19583,A_2424872a3a611332,A_2424872a3a611332,egg66,"[""Frontal_Inf_Oper_R"", ""HbO"", ""log_power_1_9""]",301,121,1,"[""egg_value""]",0.02329471339278922
0.010823469081848919,,20000,A_d8bc00b45798b130,-0.3280488342066935,0.22494726883099003,301,121,0.5529961030376835,0,0.0001404494382022472,descriptive_range,success_conditional_descriptive_stability_no_physiological_validation,,,coefficient_egg_value,MC_PRECISION_MET,descriptive_empirical_resampling_not_population_coverage,0,20000,False,0.010546606221003452,-0.3280488342066935,-0.3381885258304142,418,-0.31750222798569006,587,0.010823469081848919,0.22494726883099003,0.2146942080285772,19414,0.23577073791283895,19583,A_d8bc00b45798b130,A_d8bc00b45798b130,egg66,"[""Frontal_Inf_Oper_R"", ""HbO"", ""peak_cpm""]",301,121,1,"[""egg_value""]",-0.042592882801736176
0.05254338002018155,,20000,A_b399745f762dc5ef,-1.361959034187893,1.234391826533605,301,121,2.596350860721498,0,0.0001404494382022472,descriptive_range,success_conditional_descriptive_stability_no_physiological_validation,,,coefficient_egg_value,MC_PRECISION_INSUFFICIENT,descriptive_empirical_resampling_not_population_coverage,0,20000,False,0.05254338002018155,-1.361959034187893,-1.4145024142080747,418,-1.3195895543514997,587,0.051369308240301725,1.234391826533605,1.1923502946777347,19414,1.2857611347739066,19583,A_b399745f762dc5ef,A_b399745f762dc5ef,egg66,"[""Frontal_Inf_Oper_R"", ""HbO"", ""spectral_fraction_2_4""]",301,121,1,"[""egg_value""]",-0.06318808411316001
0.008079450628078716,,20000,A_d5506838667ac1fe,-0.2021681286551802,0.14526054578770667,301,121,0.34742867444288683,0,0.0001404494382022472,descriptive_range,success_conditional_descriptive_stability_no_physiological_validation,,,coefficient_egg_value,MC_PRECISION_INSUFFICIENT,descriptive_empirical_resampling_not_population_coverage,0,20000,False,0.008079450628078716,-0.2021681286551802,-0.2102475792832589,418,-0.19595568337194888,587,0.006005856438585033,0.14526054578770667,0.13925468934912164,19414,0.15043696757360459,19583,A_d5506838667ac1fe,A_d5506838667ac1fe,egg66,"[""Frontal_Inf_Oper_R"", ""HbR"", ""log_power_1_9""]",301,121,1,"[""egg_value""]",-0.016340384165735005
0.01217506277805272,,20000,A_1273041bfe288bad,-0.14725432449860165,0.41881457247887377,301,121,0.5660688969774754,0,0.0001404494382022472,descriptive_range,success_conditional_descriptive_stability_no_physiological_validation,,,coefficient_egg_value,MC_PRECISION_INSUFFICIENT,descriptive_empirical_resampling_not_population_coverage,0,20000,False,0.01217506277805272,-0.14725432449860165,-0.15942938727665437,418,-0.13721290385334375,587,0.010948860742783062,0.41881457247887377,0.41036959804626244,19414,0.42976343322165683,19583,A_1273041bfe288bad,A_1273041bfe288bad,egg66,"[""Frontal_Inf_Oper_R"", ""HbR"", ""peak_cpm""]",301,121,1,"[""egg_value""]",0.13072922895122108
0.06782286666374948,,20000,A_35321c8a158904eb,-0.6278725329238052,1.9730567509264583,301,121,2.6009292838502636,0,0.0001404494382022472,descriptive_range,success_conditional_descriptive_stability_no_physiological_validation,,,coefficient_egg_value,MC_PRECISION_INSUFFICIENT,descriptive_empirical_resampling_not_population_coverage,0,20000,False,0.043870788211047396,-0.6278725329238052,-0.6668697169897725,418,-0.5840017447127578,587,0.06782286666374948,1.9730567509264583,1.930052703262828,19414,2.0408796175902078,19583,A_35321c8a158904eb,A_35321c8a158904eb,egg66,"[""Frontal_Inf_Oper_R"", ""HbR"", ""spectral_fraction_2_4""]",301,121,1,"[""egg_value""]",0.6110391404490586
0.007536474652676928,,20000,A_094c884d93f6ec97,-0.058427854100457165,0.2894392784427405,301,121,0.3478671325431976,0,0.0001404494382022472,descriptive_range,success_conditional_descriptive_stability_no_physiological_validation,,,coefficient_egg_value,MC_PRECISION_INSUFFICIENT,descriptive_empirical_resampling_not_population_coverage,0,20000,False,0.006816101489202218,-0.058427854100457165,-0.06524395558965938,418,-0.05223888753437763,587,0.007536474652676928,0.2894392784427405,0.28190280379006355,19414,0.29605736372950914,19583,A_094c884d93f6ec97,A_094c884d93f6ec97,egg66,"[""Frontal_Inf_Tri_L"", ""HbO"", ""log_power_1_9""]",301,121,1,"[""egg_value""]",0.11573761844531111
0.010048275744420465,,20000,A_5c064b7f07151bd4,-0.2657153083864037,0.24971903371400456,301,121,0.5154343421004083,0,0.0001404494382022472,descriptive_range,success_conditional_descriptive_stability_no_physiological_validation,,,coefficient_egg_value,MC_PRECISION_MET,descriptive_empirical_resampling_not_population_coverage,0,20000,False,0.010048275744420465,-0.2657153083864037,-0.2757635841308242,418,-0.25680773203387364,587,0.009061331083056567,0.24971903371400456,0.240657702630948,19414,0.2584439072331371,19583,A_5c064b7f07151bd4,A_5c064b7f07151bd4,egg66,"[""Frontal_Inf_Tri_L"", ""HbO"", ""peak_cpm""]",301,121,1,"[""egg_value""]",-0.0015040775789900537
0.07455080936345437,,20000,A_4a966040fbb42fb3,-1.6632217174042476,1.1269315600197436,301,121,2.7901532774239914,0,0.0001404494382022472,descriptive_range,success_conditional_descriptive_stability_no_physiological_validation,,,coefficient_egg_value,MC_PRECISION_INSUFFICIENT,descriptive_empirical_resampling_not_population_coverage,0,20000,False,0.07455080936345437,-1.6632217174042476,-1.737772526767702,418,-1.6114235979349785,587,0.048611754911667804,1.1269315600197436,1.0783198051080758,19414,1.1689485837337432,19583,A_4a966040fbb42fb3,A_4a966040fbb42fb3,egg66,"[""Frontal_Inf_Tri_L"", ""HbO"", ""spectral_fraction_2_4""]",301,121,1,"[""egg_value""]",-0.18196472928360033
0.008291145810755352,,20000,A_cb6d286d74bb60f3,-0.15545813652332732,0.1538424040073456,301,121,0.3093005405306729,0,0.0001404494382022472,descriptive_range,success_conditional_descriptive_stability_no_physiological_validation,,,coefficient_egg_value,MC_PRECISION_INSUFFICIENT,descriptive_empirical_resampling_not_population_coverage,0,20000,False,0.008291145810755352,-0.15545813652332732,-0.16374928233408267,418,-0.14906615189467454,587,0.00508966110236686,0.1538424040073456,0.14915567292826365,19414,0.15893206510971247,19583,A_cb6d286d74bb60f3,A_cb6d286d74bb60f3,egg66,"[""Frontal_Inf_Tri_L"", ""HbR"", ""log_power_1_9""]",301,121,1,"[""egg_value""]",0.016514031373684176
0.011848410148100313,,20000,A_9ad56232f89b5fc7,-0.3177932159736277,0.2150547812819542,301,121,0.532847997255582,0,0.0001404494382022472,descriptive_range,success_conditional_descriptive_stability_no_physiological_validation,,,coefficient_egg_value,MC_PRECISION_INSUFFICIENT,descriptive_empirical_resampling_not_population_coverage,0,20000,False,0.009208016042073164,-0.3177932159736277,-0.32700123201570086,418,-0.30996121696473966,587,0.011848410148100313,0.2150547812819542,0.2061911106251997,19414,0.22690319143005452,19583,A_9ad56232f89b5fc7,A_9ad56232f89b5fc7,egg66,"[""Frontal_Inf_Tri_L"", ""HbR"", ""peak_cpm""]",301,121,1,"[""egg_value""]",-0.0556299872843564
0.054166953822635144,,20000,A_18e4834bde01c5e1,-1.4286069852981385,0.9447748730135112,301,121,2.3733818583116495,0,0.0001404494382022472,descriptive_range,success_conditional_descriptive_stability_no_physiological_validation,,,coefficient_egg_value,MC_PRECISION_INSUFFICIENT,descriptive_empirical_resampling_not_population_coverage,0,20000,False,0.039933051013631315,-1.4286069852981385,-1.4685400363117698,418,-1.3899901933811483,587,0.054166953822635144,0.9447748730135112,0.8980924242173155,19414,0.9989418268361463,19583,A_18e4834bde01c5e1,A_18e4834bde01c5e1,egg66,"[""Frontal_Inf_Tri_L"", ""HbR"", ""spectral_fraction_2_4""]",301,121,1,"[""egg_value""]",-0.2945583438431347
0.005932308226786198,,20000,A_468a5462ab7be38a,-0.047922372263771634,0.2798580969132638,304,122,0.3277804691770354,0,0.0001404494382022472,descriptive_range,success_conditional_descriptive_stability_no_physiological_validation,,,coefficient_egg_value,MC_PRECISION_MET,descriptive_empirical_resampling_not_population_coverage,0,20000,False,0.00556975852319639,-0.047922372263771634,-0.053492130786968024,418,-0.043391044152324455,587,0.005932308226786198,0.2798580969132638,0.27428155582884645,19414,0.28579040514005,19583,A_468a5462ab7be38a,A_468a5462ab7be38a,egg66,"[""Frontal_Mid_L"", ""HbO"", ""log_power_1_9""]",304,122,1,"[""egg_value""]",0.10933746448470763
0.011669655154737113,,20000,A_455b12e6c8d890d6,-0.11277942606030786,0.45417559149016834,304,122,0.5669550175504762,0,0.0001404494382022472,descriptive_range,success_conditional_descriptive_stability_no_physiological_validation,,,coefficient_egg_value,MC_PRECISION_INSUFFICIENT,descriptive_empirical_resampling_not_population_coverage,0,20000,False,0.010594935981375508,-0.11277942606030786,-0.12337436204168337,418,-0.10308699407340335,587,0.011669655154737113,0.45417559149016834,0.4451579810581232,19414,0.46584524664490545,19583,A_455b12e6c8d890d6,A_455b12e6c8d890d6,egg66,"[""Frontal_Mid_L"", ""HbO"", ""peak_cpm""]",304,122,1,"[""egg_value""]",0.16876900263659514
0.06223170985306026,,20000,A_d9b6871d3ccff85b,-1.1561136751602665,1.7440803375676137,304,122,2.90019401272788,0,0.0001404494382022472,descriptive_range,success_conditional_descriptive_stability_no_physiological_validation,,,coefficient_egg_value,MC_PRECISION_INSUFFICIENT,descriptive_empirical_resampling_not_population_coverage,0,20000,False,0.05474708560683372,-1.1561136751602665,-1.206810608472399,418,-1.1013665895534328,587,0.06223170985306026,1.7440803375676137,1.6818486277145535,19414,1.8060790132292217,19583,A_d9b6871d3ccff85b,A_d9b6871d3ccff85b,egg66,"[""Frontal_Mid_L"", ""HbO"", ""spectral_fraction_2_4""]",304,122,1,"[""egg_value""]",0.2949415831720677
0.006589929143157813,,20000,A_30080c1b42dbe1da,-0.08966210206850177,0.2629075672775157,304,122,0.35256966934601747,0,0.0001404494382022472,descriptive_range,success_conditional_descriptive_stability_no_physiological_validation,,,coefficient_egg_value,MC_PRECISION_MET,descriptive_empirical_resampling_not_population_coverage,0,20000,False,0.006013242860221132,-0.08966210206850177,-0.0956753449287229,418,-0.08383081294425315,587,0.006589929143157813,0.2629075672775157,0.2580841540777953,19414,0.2694974964206735,19583,A_30080c1b42dbe1da,A_30080c1b42dbe1da,egg66,"[""Frontal_Mid_L"", ""HbR"", ""log_power_1_9""]",304,122,1,"[""egg_value""]",0.08241934049585117
0.013839478294836782,,20000,A_de13a5816df30a3f,-0.4647137232347448,0.08401326673798491,304,122,0.5487269899727297,0,0.0001404494382022472,descriptive_range,success_conditional_descriptive_stability_no_physiological_validation,,,coefficient_egg_value,MC_PRECISION_INSUFFICIENT,descriptive_empirical_resampling_not_population_coverage,0,20000,False,0.013562705211662751,-0.4647137232347448,-0.47827642844640755,418,-0.4556739202071729,587,0.013839478294836782,0.08401326673798491,0.07383167482781995,19414,0.0978527450328217,19583,A_de13a5816df30a3f,A_de13a5816df30a3f,egg66,"[""Frontal_Mid_L"", ""HbR"", ""peak_cpm""]",304,122,1,"[""egg_value""]",-0.19851258864657287
0.059268678024625654,,20000,A_f01c9b32796472bc,-2.190780815344108,0.31408846322052586,304,122,2.504869278564634,0,0.0001404494382022472,descriptive_range,success_conditional_descriptive_stability_no_physiological_validation,,,coefficient_egg_value,MC_PRECISION_INSUFFICIENT,descriptive_empirical_resampling_not_population_coverage,0,20000,False,0.046589561793708434,-2.190780815344108,-2.2305820804906347,418,-2.1441912535503995,587,0.059268678024625654,0.31408846322052586,0.2700263594024646,19414,0.3733571412451515,19583,A_f01c9b32796472bc,A_f01c9b32796472bc,egg66,"[""Frontal_Mid_L"", ""HbR"", ""spectral_fraction_2_4""]",304,122,1,"[""egg_value""]",-0.9721881761312666
0.00818969330467366,,20000,A_5539d29225ccfc24,-0.0902823972252203,0.2712753454881297,304,122,0.36155774271335,0,0.0001404494382022472,descriptive_range,success_conditional_descriptive_stability_no_physiological_validation,,,coefficient_egg_value,MC_PRECISION_INSUFFICIENT,descriptive_empirical_resampling_not_population_coverage,0,20000,False,0.00818969330467366,-0.0902823972252203,-0.09847209052989396,418,-0.08393036466596468,587,0.00644669327220293,0.2712753454881297,0.2648286522159268,19414,0.277255752481256,19583,A_5539d29225ccfc24,A_5539d29225ccfc24,egg66,"[""Frontal_Mid_R"", ""HbO"", ""log_power_1_9""]",304,122,1,"[""egg_value""]",0.08534908602360429
0.011075943762057477,,20000,A_9dd43db409175137,-0.37430356147520993,0.16641902849797502,304,122,0.5407225899731849,0,0.0001404494382022472,descriptive_range,success_conditional_descriptive_stability_no_physiological_validation,,,coefficient_egg_value,MC_PRECISION_INSUFFICIENT,descriptive_empirical_resampling_not_population_coverage,0,20000,False,0.009660152171445946,-0.37430356147520993,-0.3839637136466559,418,-0.36498690208892887,587,0.011075943762057477,0.16641902849797502,0.15766001687197626,19414,0.1774949722600325,19583,A_9dd43db409175137,A_9dd43db409175137,egg66,"[""Frontal_Mid_R"", ""HbO"", ""peak_cpm""]",304,122,1,"[""egg_value""]",-0.10570901226659508
0.05393861710394998,,20000,A_155195ceb91002d3,-1.6486533348564247,0.9847601978010836,304,122,2.6334135326575083,0,0.0001404494382022472,descriptive_range,success_conditional_descriptive_stability_no_physiological_validation,,,coefficient_egg_value,MC_PRECISION_INSUFFICIENT,descriptive_empirical_resampling_not_population_coverage,0,20000,False,0.05393861710394998,-1.6486533348564247,-1.7025919519603747,418,-1.6065585802455156,587,0.04420105508449701,0.9847601978010836,0.9405591427165866,19414,1.028714804627976,19583,A_155195ceb91002d3,A_155195ceb91002d3,egg66,"[""Frontal_Mid_R"", ""HbO"", ""spectral_fraction_2_4""]",304,122,1,"[""egg_value""]",-0.33957071297393
0.00797337923136704,,20000,A_dc8ca4c78d19ff24,-0.24256619923501332,0.12224746826474961,304,122,0.36481366749976296,0,0.0001404494382022472,descriptive_range,success_conditional_descriptive_stability_no_physiological_validation,,,coefficient_egg_value,MC_PRECISION_INSUFFICIENT,descriptive_empirical_resampling_not_population_coverage,0,20000,False,0.00797337923136704,-0.24256619923501332,-0.25053957846638036,418,-0.2351333829934801,587,0.006248864919151276,0.12224746826474961,0.1170486696133289,19414,0.12849633318390088,19583,A_dc8ca4c78d19ff24,A_dc8ca4c78d19ff24,egg66,"[""Frontal_Mid_R"", ""HbR"", ""log_power_1_9""]",304,122,1,"[""egg_value""]",-0.04138460881528936
0.0110970585764546,,20000,A_074c71ab05fb6d51,-0.15438183180748152,0.37101890973276236,304,122,0.5254007415402439,0,0.0001404494382022472,descriptive_range,success_conditional_descriptive_stability_no_physiological_validation,,,coefficient_egg_value,MC_PRECISION_INSUFFICIENT,descriptive_empirical_resampling_not_population_coverage,0,20000,False,0.009809762009313577,-0.15438183180748152,-0.1641915938167951,418,-0.14704816405368656,587,0.0110970585764546,0.37101890973276236,0.3623029529417967,19414,0.38211596830921696,19583,A_074c71ab05fb6d51,A_074c71ab05fb6d51,egg66,"[""Frontal_Mid_R"", ""HbR"", ""peak_cpm""]",304,122,1,"[""egg_value""]",0.1004528089367897
0.05253729866255319,,20000,A_015fddb9feee38e5,-0.9900803390104043,1.3985822566339297,304,122,2.388662595644334,0,0.0001404494382022472,descriptive_range,success_conditional_descriptive_stability_no_physiological_validation,,,coefficient_egg_value,MC_PRECISION_INSUFFICIENT,descriptive_empirical_resampling_not_population_coverage,0,20000,False,0.04301682102555726,-0.9900803390104043,-1.0330971600359615,418,-0.9485173007448097,587,0.05253729866255319,1.3985822566339297,1.3562369208255947,19414,1.4511195552964828,19583,A_015fddb9feee38e5,A_015fddb9feee38e5,egg66,"[""Frontal_Mid_R"", ""HbR"", ""spectral_fraction_2_4""]",304,122,1,"[""egg_value""]",0.16097902929031618
0.006022600609314416,,20000,A_3f56568b169c450c,0.011464212146034611,0.32830747080915396,304,122,0.31684325866311935,0,0.0001404494382022472,descriptive_range,success_conditional_descriptive_stability_no_physiological_validation,,,coefficient_egg_value,MC_PRECISION_MET,descriptive_empirical_resampling_not_population_coverage,0,20000,False,0.006022600609314416,0.011464212146034611,0.005897353077885915,418,0.017486812755349027,587,0.005329067354986949,0.32830747080915396,0.32407529013129605,19414,0.3336365381641409,19583,A_3f56568b169c450c,A_3f56568b169c450c,egg66,"[""Frontal_Sup_L"", ""HbO"", ""log_power_1_9""]",304,122,1,"[""egg_value""]",0.1689461504284809
0.010893182714261818,,20000,A_9fb29d1b1c7cca18,-0.140888069452007,0.3538952050232723,304,122,0.4947832744752793,0,0.0001404494382022472,descriptive_range,success_conditional_descriptive_stability_no_physiological_validation,,,coefficient_egg_value,MC_PRECISION_INSUFFICIENT,descriptive_empirical_resampling_not_population_coverage,0,20000,False,0.00929616518280127,-0.140888069452007,-0.15018423463480826,418,-0.13210492765076853,587,0.010893182714261818,0.3538952050232723,0.3454398744844864,19414,0.36478838773753414,19583,A_9fb29d1b1c7cca18,A_9fb29d1b1c7cca18,egg66,"[""Frontal_Sup_L"", ""HbO"", ""peak_cpm""]",304,122,1,"[""egg_value""]",0.10081578553332705
0.05595727746299306,,20000,A_064d25f8dc76e58c,-1.310282131209324,1.2682696659968875,304,122,2.5785517972062113,0,0.0001404494382022472,descriptive_range,success_conditional_descriptive_stability_no_physiological_validation,,,coefficient_egg_value,MC_PRECISION_INSUFFICIENT,descriptive_empirical_resampling_not_population_coverage,0,20000,False,0.04752825229208635,-1.310282131209324,-1.351956984902334,418,-1.2627538789172377,587,0.05595727746299306,1.2682696659968875,1.2224376808554074,19414,1.3242269434598806,19583,A_064d25f8dc76e58c,A_064d25f8dc76e58c,egg66,"[""Frontal_Sup_L"", ""HbO"", ""spectral_fraction_2_4""]",304,122,1,"[""egg_value""]",-0.02232390223666152
0.00708711992528098,,20000,A_d3bbd37b8ba0a506,-0.2141050846497864,0.12830712729795446,304,122,0.34241221194774085,0,0.0001404494382022472,descriptive_range,success_conditional_descriptive_stability_no_physiological_validation,,,coefficient_egg_value,MC_PRECISION_INSUFFICIENT,descriptive_empirical_resampling_not_population_coverage,0,20000,False,0.006542990476613941,-0.2141050846497864,-0.22064807512640033,418,-0.20760277084717774,587,0.00708711992528098,0.12830712729795446,0.12122000737267348,19414,0.13484728828197245,19583,A_d3bbd37b8ba0a506,A_d3bbd37b8ba0a506,egg66,"[""Frontal_Sup_L"", ""HbR"", ""log_power_1_9""]",304,122,1,"[""egg_value""]",-0.04655616726820047
0.012001485190011985,,20000,A_b5bc7b4e7bbad76f,-0.37271967865299876,0.17243003167661025,304,122,0.545149710329609,0,0.0001404494382022472,descriptive_range,success_conditional_descriptive_stability_no_physiological_validation,,,coefficient_egg_value,MC_PRECISION_INSUFFICIENT,descriptive_empirical_resampling_not_population_coverage,0,20000,False,0.011909595105067061,-0.37271967865299876,-0.38346638467775646,418,-0.3608100835479317,587,0.012001485190011985,0.17243003167661025,0.1641267543334476,19414,0.18443151686662224,19583,A_b5bc7b4e7bbad76f,A_b5bc7b4e7bbad76f,egg66,"[""Frontal_Sup_L"", ""HbR"", ""peak_cpm""]",304,122,1,"[""egg_value""]",-0.09753005028682413
0.05530461145877874,,20000,A_07a725f68bc9f15d,-1.632576508828979,1.0915619343439504,304,122,2.7241384431729294,0,0.0001404494382022472,descriptive_range,success_conditional_descriptive_stability_no_physiological_validation,,,coefficient_egg_value,MC_PRECISION_INSUFFICIENT,descriptive_empirical_resampling_not_population_coverage,0,20000,False,0.05530461145877874,-1.632576508828979,-1.6878811202877577,418,-1.5913521292301285,587,0.05521405271970181,1.0915619343439504,1.050271487650311,19414,1.1467759870636522,19583,A_07a725f68bc9f15d,A_07a725f68bc9f15d,egg66,"[""Frontal_Sup_L"", ""HbR"", ""spectral_fraction_2_4""]",304,122,1,"[""egg_value""]",-0.23417326301769098
0.006710652845948545,,20000,A_3d4d70f8aef7d910,-0.0991311036469487,0.24550200026499402,304,122,0.34463310391194274,0,0.0001404494382022472,descriptive_range,success_conditional_descriptive_stability_no_physiological_validation,,,coefficient_egg_value,MC_PRECISION_MET,descriptive_empirical_resampling_not_population_coverage,0,20000,False,0.006710652845948545,-0.0991311036469487,-0.10584175649289725,418,-0.09328200368923283,587,0.006475747149268185,0.24550200026499402,0.2391570327338813,19414,0.2519777474142622,19583,A_3d4d70f8aef7d910,A_3d4d70f8aef7d910,egg66,"[""Frontal_Sup_Medial_L"", ""HbO"", ""log_power_1_9""]",304,122,1,"[""egg_value""]",0.07368564124426616
0.010890843176875244,,20000,A_84cea9464aa3750e,-0.011829659863464567,0.48691317339056667,304,122,0.49874283325403124,0,0.0001404494382022472,descriptive_range,success_conditional_descriptive_stability_no_physiological_validation,,,coefficient_egg_value,MC_PRECISION_INSUFFICIENT,descriptive_empirical_resampling_not_population_coverage,0,20000,False,0.010890843176875244,-0.011829659863464567,-0.02272050304033981,418,-0.0029524630234939995,587,0.008620779997271788,0.48691317339056667,0.47899462216651234,19414,0.49553395338783846,19583,A_84cea9464aa3750e,A_84cea9464aa3750e,egg66,"[""Frontal_Sup_Medial_L"", ""HbO"", ""peak_cpm""]",304,122,1,"[""egg_value""]",0.23372168022574177
0.05178236594538177,,20000,A_1d6982f4aa3846af,-0.3488448286878969,2.176380226422521,304,122,2.5252250551104183,0,0.0001404494382022472,descriptive_range,success_conditional_descriptive_stability_no_physiological_validation,,,coefficient_egg_value,MC_PRECISION_INSUFFICIENT,descriptive_empirical_resampling_not_population_coverage,0,20000,False,0.04651613169208296,-0.3488448286878969,-0.393541378339058,418,-0.30232869699581394,587,0.05178236594538177,2.176380226422521,2.1304804325620967,19414,2.228162592367903,19583,A_1d6982f4aa3846af,A_1d6982f4aa3846af,egg66,"[""Frontal_Sup_Medial_L"", ""HbO"", ""spectral_fraction_2_4""]",304,122,1,"[""egg_value""]",0.9308105549222757
0.008030376985864202,,20000,A_326e549593b47a14,-0.1245315723721214,0.22753028706654144,304,122,0.35206185943866286,0,0.0001404494382022472,descriptive_range,success_conditional_descriptive_stability_no_physiological_validation,,,coefficient_egg_value,MC_PRECISION_INSUFFICIENT,descriptive_empirical_resampling_not_population_coverage,0,20000,False,0.008030376985864202,-0.1245315723721214,-0.1325619493579856,418,-0.11790044795643234,587,0.005994169521909509,0.22753028706654144,0.22234782733678538,19414,0.23352445658845095,19583,A_326e549593b47a14,A_326e549593b47a14,egg66,"[""Frontal_Sup_Medial_L"", ""HbR"", ""log_power_1_9""]",304,122,1,"[""egg_value""]",0.06684323101884589
0.01168639560391449,,20000,A_67487865eb18f5af,-0.1873781729130987,0.35483977922395743,304,122,0.5422179521370561,0,0.0001404494382022472,descriptive_range,success_conditional_descriptive_stability_no_physiological_validation,,,coefficient_egg_value,MC_PRECISION_INSUFFICIENT,descriptive_empirical_resampling_not_population_coverage,0,20000,False,0.01168639560391449,-0.1873781729130987,-0.19906456851701318,418,-0.1776891259352063,587,0.009642482033979272,0.35483977922395743,0.34766724877900085,19414,0.3644822612579367,19583,A_67487865eb18f5af,A_67487865eb18f5af,egg66,"[""Frontal_Sup_Medial_L"", ""HbR"", ""peak_cpm""]",304,122,1,"[""egg_value""]",0.09381054448420151
0.051290842686225524,,20000,A_4a3f4dd33cbe1498,-1.0641532443572153,1.489490388512611,304,122,2.553643632869826,0,0.0001404494382022472,descriptive_range,success_conditional_descriptive_stability_no_physiological_validation,,,coefficient_egg_value,MC_PRECISION_INSUFFICIENT,descriptive_empirical_resampling_not_population_coverage,0,20000,False,0.05043034737594598,-1.0641532443572153,-1.10933039005653,418,-1.0137228969812693,587,0.051290842686225524,1.489490388512611,1.4441645980728137,19414,1.5407812311988365,19583,A_4a3f4dd33cbe1498,A_4a3f4dd33cbe1498,egg66,"[""Frontal_Sup_Medial_L"", ""HbR"", ""spectral_fraction_2_4""]",304,122,1,"[""egg_value""]",0.2094897865477589
0.005934009614813322,,20000,A_5f2b22e6e4beca0f,0.054487576300885354,0.35684866979543306,304,122,0.3023610934945477,0,0.0001404494382022472,descriptive_range,success_conditional_descriptive_stability_no_physiological_validation,,,coefficient_egg_value,MC_PRECISION_MET,descriptive_empirical_resampling_not_population_coverage,0,20000,False,0.005934009614813322,0.054487576300885354,0.04855356668607203,418,0.059547441846133344,587,0.0058231374900631905,0.35684866979543306,0.35107943707564365,19414,0.36267180728549625,19583,A_5f2b22e6e4beca0f,A_5f2b22e6e4beca0f,egg66,"[""Frontal_Sup_R"", ""HbO"", ""log_power_1_9""]",304,122,1,"[""egg_value""]",0.2017749814694188
0.010382486591436202,,20000,A_58a160babb42a3c9,-0.21599549903418586,0.28140300899381765,304,122,0.4973985080280035,0,0.0001404494382022472,descriptive_range,success_conditional_descriptive_stability_no_physiological_validation,,,coefficient_egg_value,MC_PRECISION_INSUFFICIENT,descriptive_empirical_resampling_not_population_coverage,0,20000,False,0.009432340217145924,-0.21599549903418586,-0.22542783925133178,418,-0.2069123019484438,587,0.010382486591436202,0.28140300899381765,0.27259758790157684,19414,0.29178549558525385,19583,A_58a160babb42a3c9,A_58a160babb42a3c9,egg66,"[""Frontal_Sup_R"", ""HbO"", ""peak_cpm""]",304,122,1,"[""egg_value""]",0.03376370144973599
0.05412969207960572,,20000,A_96a5d64adaf18108,-2.0007212312229075,0.6244003096861027,304,122,2.62512154090901,0,0.0001404494382022472,descriptive_range,success_conditional_descriptive_stability_no_physiological_validation,,,coefficient_egg_value,MC_PRECISION_INSUFFICIENT,descriptive_empirical_resampling_not_population_coverage,0,20000,False,0.05412969207960572,-2.0007212312229075,-2.054850923302513,418,-1.950570716275632,587,0.05318557551407055,0.6244003096861027,0.5746281346917309,19414,0.6775858852001733,19583,A_96a5d64adaf18108,A_96a5d64adaf18108,egg66,"[""Frontal_Sup_R"", ""HbO"", ""spectral_fraction_2_4""]",304,122,1,"[""egg_value""]",-0.6829639991176284
0.0069635719332113155,,20000,A_4da378b49ae8147c,-0.1159463785706779,0.20744740866047337,304,122,0.32339378723115125,0,0.0001404494382022472,descriptive_range,success_conditional_descriptive_stability_no_physiological_validation,,,coefficient_egg_value,MC_PRECISION_INSUFFICIENT,descriptive_empirical_resampling_not_population_coverage,0,20000,False,0.0069635719332113155,-0.1159463785706779,-0.12290995050388921,418,-0.10960172542392602,587,0.005660768987273662,0.20744740866047337,0.20293436812988133,19414,0.21310817764774703,19583,A_4da378b49ae8147c,A_4da378b49ae8147c,egg66,"[""Frontal_Sup_R"", ""HbR"", ""log_power_1_9""]",304,122,1,"[""egg_value""]",0.055339758734466324
0.013061194340796625,,20000,A_98715b76bff3db6e,-0.41048262721819634,0.1203459746271794,304,122,0.5308286018453757,0,0.0001404494382022472,descriptive_range,success_conditional_descriptive_stability_no_physiological_validation,,,coefficient_egg_value,MC_PRECISION_INSUFFICIENT,descriptive_empirical_resampling_not_population_coverage,0,20000,False,0.009201177451629572,-0.41048262721819634,-0.41930323134701336,418,-0.40128144976656677,587,0.013061194340796625,0.1203459746271794,0.11018156208541705,19414,0.13340716896797603,19583,A_98715b76bff3db6e,A_98715b76bff3db6e,egg66,"[""Frontal_Sup_R"", ""HbR"", ""peak_cpm""]",304,122,1,"[""egg_value""]",-0.14690162449170774
0.04884199928471672,,20000,A_180b4bde646efe82,-2.5286992182397077,-0.03024884469777143,304,122,2.498450373541936,0,0.0001404494382022472,descriptive_range,success_conditional_descriptive_stability_no_physiological_validation,,,coefficient_egg_value,MC_PRECISION_MET,descriptive_empirical_resampling_not_population_coverage,0,20000,False,0.046209155029081295,-2.5286992182397077,-2.574908373268789,418,-2.4866919820638334,587,0.04884199928471672,-0.03024884469777143,-0.07629389071257826,19414,0.01859315458694529,19583,A_180b4bde646efe82,A_180b4bde646efe82,egg66,"[""Frontal_Sup_R"", ""HbR"", ""spectral_fraction_2_4""]",304,122,1,"[""egg_value""]",-1.2758930821555596
0.006825080586491644,,20000,A_475bf302208abdb5,-0.12152580506153784,0.2053013283174169,299,120,0.32682713337895475,0,0.0001404494382022472,descriptive_range,success_conditional_descriptive_stability_no_physiological_validation,,,coefficient_egg_value,MC_PRECISION_INSUFFICIENT,descriptive_empirical_resampling_not_population_coverage,0,20000,False,0.006412041520956507,-0.12152580506153784,-0.12793784658249435,418,-0.1167242083992249,587,0.006825080586491644,0.2053013283174169,0.19900593617192427,19414,0.21212640890390855,19583,A_475bf302208abdb5,A_475bf302208abdb5,egg66,"[""Postcentral_L"", ""HbO"", ""log_power_1_9""]",299,120,1,"[""egg_value""]",0.03683068189923602
0.010926929941631053,,20000,A_5e16a3b9bb8aa855,-0.5681690843129399,-0.05737779411660959,299,120,0.5107912901963303,0,0.0001404494382022472,descriptive_range,success_conditional_descriptive_stability_no_physiological_validation,,,coefficient_egg_value,MC_PRECISION_INSUFFICIENT,descriptive_empirical_resampling_not_population_coverage,0,20000,False,0.010284379556014134,-0.5681690843129399,-0.578453463868954,418,-0.55975312690127,587,0.010926929941631053,-0.05737779411660959,-0.06585541630925382,19414,-0.04645086417497854,19583,A_5e16a3b9bb8aa855,A_5e16a3b9bb8aa855,egg66,"[""Postcentral_L"", ""HbO"", ""peak_cpm""]",299,120,1,"[""egg_value""]",-0.32070319627845095
0.055308596258337284,,20000,A_0799e5a96b948874,-1.809478165149383,0.7545392368311123,299,120,2.5640174019804953,0,0.0001404494382022472,descriptive_range,success_conditional_descriptive_stability_no_physiological_validation,,,coefficient_egg_value,MC_PRECISION_INSUFFICIENT,descriptive_empirical_resampling_not_population_coverage,0,20000,False,0.055308596258337284,-1.809478165149383,-1.8647867614077203,418,-1.762987431348555,587,0.05084010998080646,0.7545392368311123,0.7163854886000277,19414,0.8053793468119188,19583,A_0799e5a96b948874,A_0799e5a96b948874,egg66,"[""Postcentral_L"", ""HbO"", ""spectral_fraction_2_4""]",299,120,1,"[""egg_value""]",-0.5259893141216092
0.006920330444683667,,20000,A_b9dba4ca06ffe734,-0.2877451046244899,0.07099719669474479,299,120,0.3587423013192347,0,0.0001404494382022472,descriptive_range,success_conditional_descriptive_stability_no_physiological_validation,,,coefficient_egg_value,MC_PRECISION_MET,descriptive_empirical_resampling_not_population_coverage,0,20000,False,0.006521356288111735,-0.2877451046244899,-0.2938626345301314,418,-0.28122374833637814,587,0.006920330444683667,0.07099719669474479,0.06522068241414218,19414,0.07791752713942846,19583,A_b9dba4ca06ffe734,A_b9dba4ca06ffe734,egg66,"[""Postcentral_L"", ""HbR"", ""log_power_1_9""]",299,120,1,"[""egg_value""]",-0.10418328097569254
0.012527812593122772,,20000,A_4511c62da4741ebc,-0.16782316569867364,0.40472836129957196,299,120,0.5725515269982456,0,0.0001404494382022472,descriptive_range,success_conditional_descriptive_stability_no_physiological_validation,,,coefficient_egg_value,MC_PRECISION_INSUFFICIENT,descriptive_empirical_resampling_not_population_coverage,0,20000,False,0.012527812593122772,-0.16782316569867364,-0.1800943464403416,418,-0.15529535310555087,587,0.011166479546917019,0.40472836129957196,0.3950273957138437,19414,0.415894840846489,19583,A_4511c62da4741ebc,A_4511c62da4741ebc,egg66,"[""Postcentral_L"", ""HbR"", ""peak_cpm""]",299,120,1,"[""egg_value""]",0.12722746018080783
0.0633896354846849,,20000,A_9cfd8f2278d62fc5,-0.21340564913359733,2.390282819170305,299,120,2.6036884683039023,0,0.0001404494382022472,descriptive_range,success_conditional_descriptive_stability_no_physiological_validation,,,coefficient_egg_value,MC_PRECISION_INSUFFICIENT,descriptive_empirical_resampling_not_population_coverage,0,20000,False,0.0633896354846849,-0.21340564913359733,-0.27679528461828223,418,-0.16665435931533096,587,0.04690150419440764,2.390282819170305,2.352946718883389,19414,2.4371843233647126,19583,A_9cfd8f2278d62fc5,A_9cfd8f2278d62fc5,egg66,"[""Postcentral_L"", ""HbR"", ""spectral_fraction_2_4""]",299,120,1,"[""egg_value""]",1.201527874321987
0.00865343644237962,,20000,A_2f40fe0fd2ec5dc4,-0.24781861841665256,0.09093798292380349,291,117,0.33875660134045604,0,0.0001404494382022472,descriptive_range,success_conditional_descriptive_stability_no_physiological_validation,,,coefficient_egg_value,MC_PRECISION_INSUFFICIENT,descriptive_empirical_resampling_not_population_coverage,0,20000,False,0.006220424777253125,-0.24781861841665256,-0.2540390431939057,418,-0.2420498752335796,587,0.00865343644237962,0.09093798292380349,0.08554842705559289,19414,0.09959141936618311,19583,A_2f40fe0fd2ec5dc4,A_2f40fe0fd2ec5dc4,egg66,"[""Postcentral_R"", ""HbO"", ""log_power_1_9""]",291,117,1,"[""egg_value""]",-0.08135945911527867
0.011198119226124487,,20000,A_f50271f49cc2df66,-0.28245471267569905,0.223171575801821,291,117,0.50562628847752,0,0.0001404494382022472,descriptive_range,success_conditional_descriptive_stability_no_physiological_validation,,,coefficient_egg_value,MC_PRECISION_INSUFFICIENT,descriptive_empirical_resampling_not_population_coverage,0,20000,False,0.008484814011256336,-0.28245471267569905,-0.2909395266869554,418,-0.27427997185627245,587,0.011198119226124487,0.223171575801821,0.21254290238812615,19414,0.2343696950279455,19583,A_f50271f49cc2df66,A_f50271f49cc2df66,egg66,"[""Postcentral_R"", ""HbO"", ""peak_cpm""]",291,117,1,"[""egg_value""]",-0.03794609744348107
0.06071588240238501,,20000,A_5996348872813d66,-0.8862811214721047,1.562200654487062,291,117,2.4484817759591664,0,0.0001404494382022472,descriptive_range,success_conditional_descriptive_stability_no_physiological_validation,,,coefficient_egg_value,MC_PRECISION_INSUFFICIENT,descriptive_empirical_resampling_not_population_coverage,0,20000,False,0.06071588240238501,-0.8862811214721047,-0.9469970038744897,418,-0.844148606239723,587,0.04653891493528217,1.562200654487062,1.5156617395517797,19414,1.5976574409239477,19583,A_5996348872813d66,A_5996348872813d66,egg66,"[""Postcentral_R"", ""HbO"", ""spectral_fraction_2_4""]",291,117,1,"[""egg_value""]",0.39412394394164196
0.007094421880629281,,20000,A_3ee447a46853ffb4,-0.22120331406200508,0.13370217673710943,291,117,0.3549054907991145,0,0.0001404494382022472,descriptive_range,success_conditional_descriptive_stability_no_physiological_validation,,,coefficient_egg_value,MC_PRECISION_MET,descriptive_empirical_resampling_not_population_coverage,0,20000,False,0.007058029955930717,-0.22120331406200508,-0.2282613440179358,418,-0.21565577183994109,587,0.007094421880629281,0.13370217673710943,0.12724078061796898,19414,0.14079659861773872,19583,A_3ee447a46853ffb4,A_3ee447a46853ffb4,egg66,"[""Postcentral_R"", ""HbR"", ""log_power_1_9""]",291,117,1,"[""egg_value""]",-0.04103940047503911
0.012600952955226286,,20000,A_3f4ff1edfde8de66,-0.14007343536350914,0.41173271289190083,291,117,0.55180614825541,0,0.0001404494382022472,descriptive_range,success_conditional_descriptive_stability_no_physiological_validation,,,coefficient_egg_value,MC_PRECISION_INSUFFICIENT,descriptive_empirical_resampling_not_population_coverage,0,20000,False,0.011528388349324348,-0.14007343536350914,-0.1513218711292384,418,-0.1285450470141848,587,0.012600952955226286,0.41173271289190083,0.39913175993667455,19414,0.42172779658471604,19583,A_3f4ff1edfde8de66,A_3f4ff1edfde8de66,egg66,"[""Postcentral_R"", ""HbR"", ""peak_cpm""]",291,117,1,"[""egg_value""]",0.14166089945879826
0.0513439349076823,,20000,A_223682221d1f680d,-0.9763304046352101,1.614218108276324,291,117,2.590548512911534,0,0.0001404494382022472,descriptive_range,success_conditional_descriptive_stability_no_physiological_validation,,,coefficient_egg_value,MC_PRECISION_MET,descriptive_empirical_resampling_not_population_coverage,0,20000,False,0.0513439349076823,-0.9763304046352101,-1.0207294378033904,418,-0.9249864697275278,587,0.04854940932289176,1.614218108276324,1.572152297504533,19414,1.6627675175992158,19583,A_223682221d1f680d,A_223682221d1f680d,egg66,"[""Postcentral_R"", ""HbR"", ""spectral_fraction_2_4""]",291,117,1,"[""egg_value""]",0.3943870020566124
0.00611868341788082,,20000,A_48aa338409744815,-0.01582484813798237,0.3069398450407999,299,120,0.32276469317878226,0,0.0001404494382022472,descriptive_range,success_conditional_descriptive_stability_no_physiological_validation,,,coefficient_egg_value,MC_PRECISION_MET,descriptive_empirical_resampling_not_population_coverage,0,20000,False,0.00611868341788082,-0.01582484813798237,-0.02194353155586319,418,-0.010406723632845491,587,0.006025975313736109,0.3069398450407999,0.3009138697270638,19414,0.31289912602583103,19583,A_48aa338409744815,A_48aa338409744815,egg66,"[""Precentral_L"", ""HbO"", ""log_power_1_9""]",299,120,1,"[""egg_value""]",0.13740686520292847
0.010463966587804907,,20000,A_37c60e41bd0b0e3c,-0.3755850836045283,0.13204331677475398,299,120,0.5076284003792823,0,0.0001404494382022472,descriptive_range,success_conditional_descriptive_stability_no_physiological_validation,,,coefficient_egg_value,MC_PRECISION_INSUFFICIENT,descriptive_empirical_resampling_not_population_coverage,0,20000,False,0.009215651935029934,-0.3755850836045283,-0.3845443678814799,418,-0.36636943166949837,587,0.010463966587804907,0.13204331677475398,0.12157935018694907,19414,0.1414679990300227,19583,A_37c60e41bd0b0e3c,A_37c60e41bd0b0e3c,egg66,"[""Precentral_L"", ""HbO"", ""peak_cpm""]",299,120,1,"[""egg_value""]",-0.12390807073311226
0.05495959912699144,,20000,A_31a6322cc135883a,-2.098995447729497,0.6292205672357866,299,120,2.7282160149652834,0,0.0001404494382022472,descriptive_range,success_conditional_descriptive_stability_no_physiological_validation,,,coefficient_egg_value,MC_PRECISION_INSUFFICIENT,descriptive_empirical_resampling_not_population_coverage,0,20000,False,0.0476981974598889,-2.098995447729497,-2.146693645189386,418,-2.060076298745194,587,0.05495959912699144,0.6292205672357866,0.5831947156805445,19414,0.684180166362778,19583,A_31a6322cc135883a,A_31a6322cc135883a,egg66,"[""Precentral_L"", ""HbO"", ""spectral_fraction_2_4""]",299,120,1,"[""egg_value""]",-0.7515249554455739
0.007288538136199533,,20000,A_9221b2f5f35d5f2b,-0.34404655447121313,-0.004244990031076054,299,120,0.3398015644401371,0,0.0001404494382022472,descriptive_range,success_conditional_descriptive_stability_no_physiological_validation,,,coefficient_egg_value,MC_PRECISION_INSUFFICIENT,descriptive_empirical_resampling_not_population_coverage,0,20000,False,0.006336549404612257,-0.34404655447121313,-0.3503831038758254,418,-0.33885245451453344,587,0.007288538136199533,-0.004244990031076054,-0.010327478446838722,19414,0.0030435481051234795,19583,A_9221b2f5f35d5f2b,A_9221b2f5f35d5f2b,egg66,"[""Precentral_L"", ""HbR"", ""log_power_1_9""]",299,120,1,"[""egg_value""]",-0.17861591474609154
0.012636702954616663,,20000,A_f5bcfd2963bda9ff,-0.28194992926538653,0.2857289092514262,299,120,0.5676788385168128,0,0.0001404494382022472,descriptive_range,success_conditional_descriptive_stability_no_physiological_validation,,,coefficient_egg_value,MC_PRECISION_INSUFFICIENT,descriptive_empirical_resampling_not_population_coverage,0,20000,False,0.012636702954616663,-0.28194992926538653,-0.2945866322200032,418,-0.2710490880542391,587,0.01044354584632634,0.2857289092514262,0.27645816765324555,19414,0.29617245509775253,19583,A_f5bcfd2963bda9ff,A_f5bcfd2963bda9ff,egg66,"[""Precentral_L"", ""HbR"", ""peak_cpm""]",299,120,1,"[""egg_value""]",0.008102957528352696
0.055691242421256115,,20000,A_75172323bee96fe8,-1.278868183270501,1.3195019459336828,299,120,2.5983701292041834,0,0.0001404494382022472,descriptive_range,success_conditional_descriptive_stability_no_physiological_validation,,,coefficient_egg_value,MC_PRECISION_INSUFFICIENT,descriptive_empirical_resampling_not_population_coverage,0,20000,False,0.055691242421256115,-1.278868183270501,-1.334559425691757,418,-1.2258891614016612,587,0.04533062995296766,1.3195019459336828,1.277808108729191,19414,1.3648325758866504,19583,A_75172323bee96fe8,A_75172323bee96fe8,egg66,"[""Precentral_L"", ""HbR"", ""spectral_fraction_2_4""]",299,120,1,"[""egg_value""]",0.10597846968006644
0.005642512688373846,,20000,A_1a9d63ea56e27f42,0.06232437456676278,0.33060214418336964,299,120,0.2682777696166069,0,0.0001404494382022472,descriptive_range,success_conditional_descriptive_stability_no_physiological_validation,,,coefficient_egg_value,MC_PRECISION_INSUFFICIENT,descriptive_empirical_resampling_not_population_coverage,0,20000,False,0.005642512688373846,0.06232437456676278,0.056904598096438726,418,0.06796688725513662,587,0.0048050473797676685,0.33060214418336964,0.3258574115430766,19414,0.3354071915631373,19583,A_1a9d63ea56e27f42,A_1a9d63ea56e27f42,egg66,"[""Precentral_R"", ""HbO"", ""log_power_1_9""]",299,120,1,"[""egg_value""]",0.20086928672464693
0.010928899331647784,,20000,A_184f7df42f3fea9e,0.0725329300365192,0.5706276575108584,299,120,0.49809472747433925,0,0.0001404494382022472,descriptive_range,success_conditional_descriptive_stability_no_physiological_validation,,,coefficient_egg_value,MC_PRECISION_INSUFFICIENT,descriptive_empirical_resampling_not_population_coverage,0,20000,False,0.010928899331647784,0.0725329300365192,0.061604030704871415,418,0.08253798810344715,587,0.010556721122897073,0.5706276575108584,0.5622958787209967,19414,0.5811843786337555,19583,A_184f7df42f3fea9e,A_184f7df42f3fea9e,egg66,"[""Precentral_R"", ""HbO"", ""peak_cpm""]",299,120,1,"[""egg_value""]",0.3304114383196026
0.05609392100020816,,20000,A_5536f6ee728bb0c1,-0.4201893670339021,2.13093631799772,299,120,2.551125685031622,0,0.0001404494382022472,descriptive_range,success_conditional_descriptive_stability_no_physiological_validation,,,coefficient_egg_value,MC_PRECISION_INSUFFICIENT,descriptive_empirical_resampling_not_population_coverage,0,20000,False,0.05609392100020816,-0.4201893670339021,-0.47628328803411024,418,-0.3673749298835674,587,0.04022022743078102,2.13093631799772,2.0938100921240927,19414,2.171156545428501,19583,A_5536f6ee728bb0c1,A_5536f6ee728bb0c1,egg66,"[""Precentral_R"", ""HbO"", ""spectral_fraction_2_4""]",299,120,1,"[""egg_value""]",0.9848703743704551
0.00782656507864121,,20000,A_66224d68613d2590,-0.008400432591238719,0.3226907800280244,299,120,0.33109121261926316,0,0.0001404494382022472,descriptive_range,success_conditional_descriptive_stability_no_physiological_validation,,,coefficient_egg_value,MC_PRECISION_INSUFFICIENT,descriptive_empirical_resampling_not_population_coverage,0,20000,False,0.00782656507864121,-0.008400432591238719,-0.01622699766987993,418,-0.001444663232321381,587,0.006401572314751414,0.3226907800280244,0.31795383998331106,19414,0.32909235234277584,19583,A_66224d68613d2590,A_66224d68613d2590,egg66,"[""Precentral_R"", ""HbR"", ""log_power_1_9""]",299,120,1,"[""egg_value""]",0.1674844348066844
0.010410144589919318,,20000,A_eccf18d544db012f,-0.2817510216143881,0.23317285914263375,299,120,0.5149238807570218,0,0.0001404494382022472,descriptive_range,success_conditional_descriptive_stability_no_physiological_validation,,,coefficient_egg_value,MC_PRECISION_INSUFFICIENT,descriptive_empirical_resampling_not_population_coverage,0,20000,False,0.009932728048889727,-0.2817510216143881,-0.2916837496632778,418,-0.27323264820644155,587,0.010410144589919318,0.23317285914263375,0.22388350264551432,19414,0.24358300373255307,19583,A_eccf18d544db012f,A_eccf18d544db012f,egg66,"[""Precentral_R"", ""HbR"", ""peak_cpm""]",299,120,1,"[""egg_value""]",-0.024506392713600864
0.05309642458927355,,20000,A_d16a76f98d4ae2ed,-2.2613056252246,0.08854953043627142,299,120,2.3498551556608716,0,0.0001404494382022472,descriptive_range,success_conditional_descriptive_stability_no_physiological_validation,,,coefficient_egg_value,MC_PRECISION_INSUFFICIENT,descriptive_empirical_resampling_not_population_coverage,0,20000,False,0.041598880102962976,-2.2613056252246,-2.302904505327563,418,-2.22238103014455,587,0.05309642458927355,0.08854953043627142,0.03545310584699787,19414,0.12803991776408508,19583,A_d16a76f98d4ae2ed,A_d16a76f98d4ae2ed,egg66,"[""Precentral_R"", ""HbR"", ""spectral_fraction_2_4""]",299,120,1,"[""egg_value""]",-1.127450507438638
0.004580913151592633,,20000,A_69864ba86bbe347b,0.056653410102409256,0.26011527693176967,311,125,0.2034618668293604,0,0.0001404494382022472,descriptive_range,success_conditional_descriptive_stability_no_physiological_validation,,,coefficient_candidate_HR,MC_PRECISION_INSUFFICIENT,descriptive_empirical_resampling_not_population_coverage,0,20000,False,0.004580913151592633,0.056653410102409256,0.05207249695081662,418,0.060936709440960427,587,0.004286844698788872,0.26011527693176967,0.25711147806938883,19414,0.26440212163055854,19583,A_69864ba86bbe347b,A_69864ba86bbe347b,joint22,"[""Frontal_Inf_Oper_R"", ""HbO""]",311,125,3,"[""candidate_HR"", ""candidate_RR_RMSSD"", ""hb_within_person_SD""]",0.1644923301565427
0.0014218491829790375,,20000,A_69864ba86bbe347b,-0.03521866757726591,0.01312892162329896,311,125,0.04834758920056487,0,0.0001404494382022472,descriptive_range,success_conditional_descriptive_stability_no_physiological_validation,,,coefficient_candidate_RR_RMSSD,MC_PRECISION_INSUFFICIENT,descriptive_empirical_resampling_not_population_coverage,0,20000,False,0.0014218491829790375,-0.03521866757726591,-0.03664051676024495,418,-0.03383934983740505,587,0.000868938636830411,0.01312892162329896,0.012297978990428046,19414,0.01399786026012937,19583,A_69864ba86bbe347b,A_69864ba86bbe347b,joint22,"[""Frontal_Inf_Oper_R"", ""HbO""]",311,125,3,"[""candidate_HR"", ""candidate_RR_RMSSD"", ""hb_within_person_SD""]",-0.008137618519916331
0.008836011306931207,,20000,A_69864ba86bbe347b,-0.2199237854282991,0.19530693302762464,311,125,0.41523071845592374,0,0.0001404494382022472,descriptive_range,success_conditional_descriptive_stability_no_physiological_validation,,,coefficient_hb_within_person_SD,MC_PRECISION_INSUFFICIENT,descriptive_empirical_resampling_not_population_coverage,0,20000,False,0.0075177628431805366,-0.2199237854282991,-0.22736755945457313,418,-0.21240602258511856,587,0.008836011306931207,0.19530693302762464,0.1880157087917348,19414,0.20414294433455585,19583,A_69864ba86bbe347b,A_69864ba86bbe347b,joint22,"[""Frontal_Inf_Oper_R"", ""HbO""]",311,125,3,"[""candidate_HR"", ""candidate_RR_RMSSD"", ""hb_within_person_SD""]",-0.015596152182540764
0.5936329015017918,0.01,20000,A_69864ba86bbe347b,0.0017737485362658845,9.497625320459974,311,125,9.495851571923708,0,0.0001404494382022472,descriptive_range,success_conditional_descriptive_stability_no_physiological_validation,,,same_row_SSE_reduction,MC_PRECISION_INSUFFICIENT,descriptive_empirical_resampling_not_population_coverage,0,20000,False,0.0008105211109636912,0.0017737485362658845,0.0013406577203909364,418,0.0025842696472295756,587,0.5936329015017918,9.497625320459974,8.903992418958182,19414,9.92135653965289,19583,A_69864ba86bbe347b,A_69864ba86bbe347b,joint22,"[""Frontal_Inf_Oper_R"", ""HbO""]",311,125,3,"[""candidate_HR"", ""candidate_RR_RMSSD"", ""hb_within_person_SD""]",0.0410025052963192
0.0045179601462141325,,20000,A_b41367d79cc2d1ec,0.05744758356845506,0.25656412038309134,311,125,0.19911653681463629,0,0.0001404494382022472,descriptive_range,success_conditional_descriptive_stability_no_physiological_validation,,,coefficient_candidate_HR,MC_PRECISION_INSUFFICIENT,descriptive_empirical_resampling_not_population_coverage,0,20000,False,0.0045179601462141325,0.05744758356845506,0.052929623422240925,418,0.06169472062407734,587,0.004209235953631152,0.25656412038309134,0.2531040430806826,19414,0.2607733563367225,19583,A_b41367d79cc2d1ec,A_b41367d79cc2d1ec,joint22,"[""Frontal_Inf_Oper_R"", ""HbR""]",311,125,3,"[""candidate_HR"", ""candidate_RR_RMSSD"", ""hb_within_person_SD""]",0.16233666777259537
0.0014273006963998885,,20000,A_b41367d79cc2d1ec,-0.03425086234395468,0.013281170544437077,311,125,0.04753203288839175,0,0.0001404494382022472,descriptive_range,success_conditional_descriptive_stability_no_physiological_validation,,,coefficient_candidate_RR_RMSSD,MC_PRECISION_INSUFFICIENT,descriptive_empirical_resampling_not_population_coverage,0,20000,False,0.0014273006963998885,-0.03425086234395468,-0.035422411381794465,418,-0.03282356164755479,587,0.0009277444482279299,0.013281170544437077,0.012430041478197117,19414,0.014208914992665007,19583,A_b41367d79cc2d1ec,A_b41367d79cc2d1ec,joint22,"[""Frontal_Inf_Oper_R"", ""HbR""]",311,125,3,"[""candidate_HR"", ""candidate_RR_RMSSD"", ""hb_within_person_SD""]",-0.008201377980217186
0.008822352986927684,,20000,A_b41367d79cc2d1ec,-0.20814595116368542,0.1918560934292661,311,125,0.4000020445929515,0,0.0001404494382022472,descriptive_range,success_conditional_descriptive_stability_no_physiological_validation,,,coefficient_hb_within_person_SD,MC_PRECISION_INSUFFICIENT,descriptive_empirical_resampling_not_population_coverage,0,20000,False,0.008822352986927684,-0.20814595116368542,-0.2169683041506131,418,-0.20028586274876028,587,0.006737430868801325,0.1918560934292661,0.18511866256046478,19414,0.1974321884902397,19583,A_b41367d79cc2d1ec,A_b41367d79cc2d1ec,joint22,"[""Frontal_Inf_Oper_R"", ""HbR""]",311,125,3,"[""candidate_HR"", ""candidate_RR_RMSSD"", ""hb_within_person_SD""]",-0.004598863406683957
0.5295517889645112,0.01,20000,A_b41367d79cc2d1ec,0.002248561811200034,9.230517896793003,311,125,9.228269334981803,0,0.0001404494382022472,descriptive_range,success_conditional_descriptive_stability_no_physiological_validation,,,same_row_SSE_reduction,MC_PRECISION_INSUFFICIENT,descriptive_empirical_resampling_not_population_coverage,0,20000,False,0.0007900845076562746,0.002248561811200034,0.0014635162685294745,418,0.0030386463188563084,587,0.5295517889645112,9.230517896793003,8.700966107828492,19414,9.75290266536183,19583,A_b41367d79cc2d1ec,A_b41367d79cc2d1ec,joint22,"[""Frontal_Inf_Oper_R"", ""HbR""]",311,125,3,"[""candidate_HR"", ""candidate_RR_RMSSD"", ""hb_within_person_SD""]",0.0037837063546817
0.004238889054683975,,20000,A_13b87e3c041e83b5,0.028661279694088125,0.23836482516107135,311,125,0.20970354546698322,0,0.0001404494382022472,descriptive_range,success_conditional_descriptive_stability_no_physiological_validation,,,coefficient_candidate_HR,MC_PRECISION_INSUFFICIENT,descriptive_empirical_resampling_not_population_coverage,0,20000,False,0.004238889054683975,0.028661279694088125,0.024690751915254376,418,0.0329001687487721,587,0.0039073004022733004,0.23836482516107135,0.2348336821624643,19414,0.24227212556334465,19583,A_13b87e3c041e83b5,A_13b87e3c041e83b5,joint22,"[""Frontal_Inf_Tri_L"", ""HbO""]",311,125,3,"[""candidate_HR"", ""candidate_RR_RMSSD"", ""hb_within_person_SD""]",0.13842053109983057
0.0012368578486912293,,20000,A_13b87e3c041e83b5,-0.03376086504446815,0.013293011078711729,311,125,0.04705387612317988,0,0.0001404494382022472,descriptive_range,success_conditional_descriptive_stability_no_physiological_validation,,,coefficient_candidate_RR_RMSSD,MC_PRECISION_INSUFFICIENT,descriptive_empirical_resampling_not_population_coverage,0,20000,False,0.0012368578486912293,-0.03376086504446815,-0.03499772289315938,418,-0.0326714509745499,587,0.0009617541880843003,0.013293011078711729,0.012554798543332208,19414,0.014254765266796029,19583,A_13b87e3c041e83b5,A_13b87e3c041e83b5,joint22,"[""Frontal_Inf_Tri_L"", ""HbO""]",311,125,3,"[""candidate_HR"", ""candidate_RR_RMSSD"", ""hb_within_person_SD""]",-0.007527053974046178
0.008066615882392436,,20000,A_13b87e3c041e83b5,-0.06834904909742887,0.31876752742830006,311,125,0.38711657652572895,0,0.0001404494382022472,descriptive_range,success_conditional_descriptive_stability_no_physiological_validation,,,coefficient_hb_within_person_SD,MC_PRECISION_INSUFFICIENT,descriptive_empirical_resampling_not_population_coverage,0,20000,False,0.00788435811572634,-0.06834904909742887,-0.0762334072131552,418,-0.06157633629797458,587,0.008066615882392436,0.31876752742830006,0.3109279593900078,19414,0.3268341433106925,19583,A_13b87e3c041e83b5,A_13b87e3c041e83b5,joint22,"[""Frontal_Inf_Tri_L"", ""HbO""]",311,125,3,"[""candidate_HR"", ""candidate_RR_RMSSD"", ""hb_within_person_SD""]",0.12203967892934062
0.7993391336720492,0.01,20000,A_13b87e3c041e83b5,0.0071414123959243625,15.414490771549254,311,125,15.40734935915333,0,0.0001404494382022472,descriptive_range,success_conditional_descriptive_stability_no_physiological_validation,,,same_row_SSE_reduction,MC_PRECISION_INSUFFICIENT,descriptive_empirical_resampling_not_population_coverage,0,20000,False,0.0026981313721989864,0.0071414123959243625,0.005291581567234971,418,0.009839543768123349,587,0.7993391336720492,15.414490771549254,14.652028044294411,19414,16.213829905221303,19583,A_13b87e3c041e83b5,A_13b87e3c041e83b5,joint22,"[""Frontal_Inf_Tri_L"", ""HbO""]",311,125,3,"[""candidate_HR"", ""candidate_RR_RMSSD"", ""hb_within_person_SD""]",2.3555979673201364
0.004807222571469975,,20000,A_68ef6c8d34b9789c,0.03535371970609297,0.24693056848659364,311,125,0.21157684878050068,0,0.0001404494382022472,descriptive_range,success_conditional_descriptive_stability_no_physiological_validation,,,coefficient_candidate_HR,MC_PRECISION_INSUFFICIENT,descriptive_empirical_resampling_not_population_coverage,0,20000,False,0.004807222571469975,0.03535371970609297,0.030546497134622992,418,0.040151964721866176,587,0.003970784410135014,0.24693056848659364,0.24295978407645863,19414,0.25013930657053185,19583,A_68ef6c8d34b9789c,A_68ef6c8d34b9789c,joint22,"[""Frontal_Inf_Tri_L"", ""HbR""]",311,125,3,"[""candidate_HR"", ""candidate_RR_RMSSD"", ""hb_within_person_SD""]",0.1489809166587798
0.0013970479894593046,,20000,A_68ef6c8d34b9789c,-0.03540926153566917,0.01408182490285289,311,125,0.04949108643852206,0,0.0001404494382022472,descriptive_range,success_conditional_descriptive_stability_no_physiological_validation,,,coefficient_candidate_RR_RMSSD,MC_PRECISION_INSUFFICIENT,descriptive_empirical_resampling_not_population_coverage,0,20000,False,0.0013970479894593046,-0.03540926153566917,-0.03680630952512848,418,-0.03413016756577279,587,0.0008462538157441475,0.01408182490285289,0.013235571087108742,19414,0.014845722365473565,19583,A_68ef6c8d34b9789c,A_68ef6c8d34b9789c,joint22,"[""Frontal_Inf_Tri_L"", ""HbR""]",311,125,3,"[""candidate_HR"", ""candidate_RR_RMSSD"", ""hb_within_person_SD""]",-0.008393246833227973
0.009030937461444899,,20000,A_68ef6c8d34b9789c,-0.2822517586947397,0.15195694386021139,311,125,0.43420870255495103,0,0.0001404494382022472,descriptive_range,success_conditional_descriptive_stability_no_physiological_validation,,,coefficient_hb_within_person_SD,MC_PRECISION_INSUFFICIENT,descriptive_empirical_resampling_not_population_coverage,0,20000,False,0.009030937461444899,-0.2822517586947397,-0.2912826961561846,418,-0.2747374716159355,587,0.008396416466897566,0.15195694386021139,0.1440771565372819,19414,0.16035336032710895,19583,A_68ef6c8d34b9789c,A_68ef6c8d34b9789c,joint22,"[""Frontal_Inf_Tri_L"", ""HbR""]",311,125,3,"[""candidate_HR"", ""candidate_RR_RMSSD"", ""hb_within_person_SD""]",-0.06676793519690825
0.8251922671295233,0.01,20000,A_68ef6c8d34b9789c,0.003037321467786569,12.231853903903016,311,125,12.228816582435229,0,0.0001404494382022472,descriptive_range,success_conditional_descriptive_stability_no_physiological_validation,,,same_row_SSE_reduction,MC_PRECISION_INSUFFICIENT,descriptive_empirical_resampling_not_population_coverage,0,20000,False,0.0011901418027377986,0.003037321467786569,0.0021819217536744873,418,0.0042274632705243675,587,0.8251922671295233,12.231853903903016,11.553509679158765,19414,13.057046171032539,19583,A_68ef6c8d34b9789c,A_68ef6c8d34b9789c,joint22,"[""Frontal_Inf_Tri_L"", ""HbR""]",311,125,3,"[""candidate_HR"", ""candidate_RR_RMSSD"", ""hb_within_person_SD""]",0.6989279818713499
0.005295663111101665,,20000,A_094c1a14755473e8,0.02786665880673507,0.24946439454311256,314,126,0.22159773573637748,0,0.0001404494382022472,descriptive_range,success_conditional_descriptive_stability_no_physiological_validation,,,coefficient_candidate_HR,MC_PRECISION_INSUFFICIENT,descriptive_empirical_resampling_not_population_coverage,0,20000,False,0.005295663111101665,0.02786665880673507,0.022570995695633405,418,0.032323069153619814,587,0.004169761102100017,0.24946439454311256,0.24548534006065334,19414,0.2536341556452126,19583,A_094c1a14755473e8,A_094c1a14755473e8,joint22,"[""Frontal_Mid_L"", ""HbO""]",314,126,3,"[""candidate_HR"", ""candidate_RR_RMSSD"", ""hb_within_person_SD""]",0.14554964826186836
0.0013071211305064681,,20000,A_094c1a14755473e8,-0.03261213342978277,0.015373076844620354,314,126,0.047985210274403126,0,0.0001404494382022472,descriptive_range,success_conditional_descriptive_stability_no_physiological_validation,,,coefficient_candidate_RR_RMSSD,MC_PRECISION_INSUFFICIENT,descriptive_empirical_resampling_not_population_coverage,0,20000,False,0.0013071211305064681,-0.03261213342978277,-0.03391925456028924,418,-0.03143606937244556,587,0.0008298868483059933,0.015373076844620354,0.01454318999631436,19414,0.016166433315179498,19583,A_094c1a14755473e8,A_094c1a14755473e8,joint22,"[""Frontal_Mid_L"", ""HbO""]",314,126,3,"[""candidate_HR"", ""candidate_RR_RMSSD"", ""hb_within_person_SD""]",-0.006343327403401756
0.009135612021050787,,20000,A_094c1a14755473e8,-0.08362147588722124,0.3508835719963081,314,126,0.43450504788352934,0,0.0001404494382022472,descriptive_range,success_conditional_descriptive_stability_no_physiological_validation,,,coefficient_hb_within_person_SD,MC_PRECISION_INSUFFICIENT,descriptive_empirical_resampling_not_population_coverage,0,20000,False,0.007616766354089033,-0.08362147588722124,-0.09123824224131027,418,-0.07636424732732831,587,0.009135612021050787,0.3508835719963081,0.34416123598923676,19414,0.3600191840173589,19583,A_094c1a14755473e8,A_094c1a14755473e8,joint22,"[""Frontal_Mid_L"", ""HbO""]",314,126,3,"[""candidate_HR"", ""candidate_RR_RMSSD"", ""hb_within_person_SD""]",0.12925818858206198
1.0892314022432856,0.01,20000,A_094c1a14755473e8,0.0075304168494199075,18.186917132947656,314,126,18.179386716098236,0,0.0001404494382022472,descriptive_range,success_conditional_descriptive_stability_no_physiological_validation,,,same_row_SSE_reduction,MC_PRECISION_INSUFFICIENT,descriptive_empirical_resampling_not_population_coverage,0,20000,False,0.0029337322907281305,0.0075304168494199075,0.005288050793012644,418,0.010464149140148038,587,1.0892314022432856,18.186917132947656,17.485505032870435,19414,19.27614853519094,19583,A_094c1a14755473e8,A_094c1a14755473e8,joint22,"[""Frontal_Mid_L"", ""HbO""]",314,126,3,"[""candidate_HR"", ""candidate_RR_RMSSD"", ""hb_within_person_SD""]",2.5843786288074284
0.004999934592281385,,20000,A_2f3346ecfecb3c1b,0.028616980940116703,0.23998939565367625,314,126,0.21137241471355955,0,0.0001404494382022472,descriptive_range,success_conditional_descriptive_stability_no_physiological_validation,,,coefficient_candidate_HR,MC_PRECISION_INSUFFICIENT,descriptive_empirical_resampling_not_population_coverage,0,20000,False,0.004999934592281385,0.028616980940116703,0.02361704634783532,418,0.033330912255041804,587,0.004332537841561901,0.23998939565367625,0.2370547787180787,19414,0.24432193349523815,19583,A_2f3346ecfecb3c1b,A_2f3346ecfecb3c1b,joint22,"[""Frontal_Mid_L"", ""HbR""]",314,126,3,"[""candidate_HR"", ""candidate_RR_RMSSD"", ""hb_within_person_SD""]",0.1432648471681798
0.0015751499168049528,,20000,A_2f3346ecfecb3c1b,-0.031011030680580868,0.018008585091835397,314,126,0.049019615772416265,0,0.0001404494382022472,descriptive_range,success_conditional_descriptive_stability_no_physiological_validation,,,coefficient_candidate_RR_RMSSD,MC_PRECISION_INSUFFICIENT,descriptive_empirical_resampling_not_population_coverage,0,20000,False,0.0015751499168049528,-0.031011030680580868,-0.0325257220135268,418,-0.029435880763775915,587,0.0009819126685483084,0.018008585091835397,0.01715401298925347,19414,0.018990497760383706,19583,A_2f3346ecfecb3c1b,A_2f3346ecfecb3c1b,joint22,"[""Frontal_Mid_L"", ""HbR""]",314,126,3,"[""candidate_HR"", ""candidate_RR_RMSSD"", ""hb_within_person_SD""]",-0.004307598717007378
0.009339928544820297,,20000,A_2f3346ecfecb3c1b,-0.4278518800495833,-0.019364814181525372,314,126,0.40848706586805794,0,0.0001404494382022472,descriptive_range,success_conditional_descriptive_stability_no_physiological_validation,,,coefficient_hb_within_person_SD,MC_PRECISION_INSUFFICIENT,descriptive_empirical_resampling_not_population_coverage,0,20000,False,0.009339928544820297,-0.4278518800495833,-0.4367730744594116,418,-0.418511951504763,587,0.008030961334081842,-0.019364814181525372,-0.026940829494962255,19414,-0.01133385284744353,19583,A_2f3346ecfecb3c1b,A_2f3346ecfecb3c1b,joint22,"[""Frontal_Mid_L"", ""HbR""]",314,126,3,"[""candidate_HR"", ""candidate_RR_RMSSD"", ""hb_within_person_SD""]",-0.218749831192778
1.3745914128259074,0.01,20000,A_2f3346ecfecb3c1b,0.1546358020405023,30.827830790355392,314,126,30.67319498831489,0,0.0001404494382022472,descriptive_range,success_conditional_descriptive_stability_no_physiological_validation,,,same_row_SSE_reduction,MC_PRECISION_INSUFFICIENT,descriptive_empirical_resampling_not_population_coverage,0,20000,False,0.05133942092055577,0.1546358020405023,0.10621466107443212,418,0.20597522296105808,587,1.3745914128259074,30.827830790355392,29.77900903214214,19414,32.2024222031813,19583,A_2f3346ecfecb3c1b,A_2f3346ecfecb3c1b,joint22,"[""Frontal_Mid_L"", ""HbR""]",314,126,3,"[""candidate_HR"", ""candidate_RR_RMSSD"", ""hb_within_person_SD""]",8.298112539479519
0.006026961133802862,,20000,A_d24d4a8ef5b267b3,0.048679719586850474,0.2525887111496848,314,126,0.20390899156283432,0,0.0001404494382022472,descriptive_range,success_conditional_descriptive_stability_no_physiological_validation,,,coefficient_candidate_HR,MC_PRECISION_INSUFFICIENT,descriptive_empirical_resampling_not_population_coverage,0,20000,False,0.006026961133802862,0.048679719586850474,0.04265275845304761,418,0.05274899918423159,587,0.0036724342591969994,0.2525887111496848,0.24945570610245257,19414,0.2562611454088818,19583,A_d24d4a8ef5b267b3,A_d24d4a8ef5b267b3,joint22,"[""Frontal_Mid_R"", ""HbO""]",314,126,3,"[""candidate_HR"", ""candidate_RR_RMSSD"", ""hb_within_person_SD""]",0.15547279456756474
0.0012767014879787736,,20000,A_d24d4a8ef5b267b3,-0.03309629162260323,0.014417776271303185,314,126,0.047514067893906414,0,0.0001404494382022472,descriptive_range,success_conditional_descriptive_stability_no_physiological_validation,,,coefficient_candidate_RR_RMSSD,MC_PRECISION_INSUFFICIENT,descriptive_empirical_resampling_not_population_coverage,0,20000,False,0.0012767014879787736,-0.03309629162260323,-0.034372993110582006,418,-0.031997787123945735,587,0.0010256515282890226,0.014417776271303185,0.013672438261773645,19414,0.015443427799592208,19583,A_d24d4a8ef5b267b3,A_d24d4a8ef5b267b3,joint22,"[""Frontal_Mid_R"", ""HbO""]",314,126,3,"[""candidate_HR"", ""candidate_RR_RMSSD"", ""hb_within_person_SD""]",-0.007031065425763149
0.009843720783649756,,20000,A_d24d4a8ef5b267b3,-0.1858712200062672,0.26290616721084054,314,126,0.44877738721710775,0,0.0001404494382022472,descriptive_range,success_conditional_descriptive_stability_no_physiological_validation,,,coefficient_hb_within_person_SD,MC_PRECISION_INSUFFICIENT,descriptive_empirical_resampling_not_population_coverage,0,20000,False,0.009843720783649756,-0.1858712200062672,-0.19571494078991697,418,-0.1768801649218115,587,0.009526880965886997,0.26290616721084054,0.2548784562256569,19414,0.27243304817672753,19583,A_d24d4a8ef5b267b3,A_d24d4a8ef5b267b3,joint22,"[""Frontal_Mid_R"", ""HbO""]",314,126,3,"[""candidate_HR"", ""candidate_RR_RMSSD"", ""hb_within_person_SD""]",0.044700938296752264
0.7003748741802269,0.01,20000,A_d24d4a8ef5b267b3,0.002058928506983193,10.555474474109985,314,126,10.553415545603002,0,0.0001404494382022472,descriptive_range,success_conditional_descriptive_stability_no_physiological_validation,,,same_row_SSE_reduction,MC_PRECISION_INSUFFICIENT,descriptive_empirical_resampling_not_population_coverage,0,20000,False,0.0007594259104735102,0.002058928506983193,0.0013956427652601633,418,0.0028183544174567032,587,0.7003748741802269,10.555474474109985,10.012580809642088,19414,11.255849348290212,19583,A_d24d4a8ef5b267b3,A_d24d4a8ef5b267b3,joint22,"[""Frontal_Mid_R"", ""HbO""]",314,126,3,"[""candidate_HR"", ""candidate_RR_RMSSD"", ""hb_within_person_SD""]",0.2929970130947481
0.0042853105131295255,,20000,A_31485bf3d880360d,0.04512573702741906,0.2436052908879733,314,126,0.19847955386055424,0,0.0001404494382022472,descriptive_range,success_conditional_descriptive_stability_no_physiological_validation,,,coefficient_candidate_HR,MC_PRECISION_INSUFFICIENT,descriptive_empirical_resampling_not_population_coverage,0,20000,False,0.0042853105131295255,0.04512573702741906,0.040850042712914675,418,0.049411047540548585,587,0.0030511311457809,0.2436052908879733,0.2405541597421924,19414,0.2466168296998565,19583,A_31485bf3d880360d,A_31485bf3d880360d,joint22,"[""Frontal_Mid_R"", ""HbR""]",314,126,3,"[""candidate_HR"", ""candidate_RR_RMSSD"", ""hb_within_person_SD""]",0.14992884062248746
0.001658273965423021,,20000,A_31485bf3d880360d,-0.03698364481182196,0.0121562447069858,314,126,0.04913988951880776,0,0.0001404494382022472,descriptive_range,success_conditional_descriptive_stability_no_physiological_validation,,,coefficient_candidate_RR_RMSSD,MC_PRECISION_INSUFFICIENT,descriptive_empirical_resampling_not_population_coverage,0,20000,False,0.001658273965423021,-0.03698364481182196,-0.03864191877724498,418,-0.03584135226224839,587,0.0009692932411268472,0.0121562447069858,0.011312533755322852,19414,0.013125537948112647,19583,A_31485bf3d880360d,A_31485bf3d880360d,joint22,"[""Frontal_Mid_R"", ""HbR""]",314,126,3,"[""candidate_HR"", ""candidate_RR_RMSSD"", ""hb_within_person_SD""]",-0.01008168820138114
0.007988840919616852,,20000,A_31485bf3d880360d,-0.3544609720733089,0.06655542452656348,314,126,0.4210163965998724,0,0.0001404494382022472,descriptive_range,success_conditional_descriptive_stability_no_physiological_validation,,,coefficient_hb_within_person_SD,MC_PRECISION_MET,descriptive_empirical_resampling_not_population_coverage,0,20000,False,0.007547645024883254,-0.3544609720733089,-0.3603934383175962,418,-0.34691332704842565,587,0.007988840919616852,0.06655542452656348,0.05856658360694662,19414,0.07447987381119138,19583,A_31485bf3d880360d,A_31485bf3d880360d,joint22,"[""Frontal_Mid_R"", ""HbR""]",314,126,3,"[""candidate_HR"", ""candidate_RR_RMSSD"", ""hb_within_person_SD""]",-0.14247557627006424
0.8690962031392928,0.01,20000,A_31485bf3d880360d,0.011548367178477292,20.307933019834707,314,126,20.29638465265623,0,0.0001404494382022472,descriptive_range,success_conditional_descriptive_stability_no_physiological_validation,,,same_row_SSE_reduction,MC_PRECISION_INSUFFICIENT,descriptive_empirical_resampling_not_population_coverage,0,20000,False,0.004813858786178571,0.011548367178477292,0.008133194872470995,418,0.016362225964655863,587,0.8690962031392928,20.307933019834707,19.560283614504186,19414,21.177029222974,19583,A_31485bf3d880360d,A_31485bf3d880360d,joint22,"[""Frontal_Mid_R"", ""HbR""]",314,126,3,"[""candidate_HR"", ""candidate_RR_RMSSD"", ""hb_within_person_SD""]",3.3958028409289795
0.0047266013536999725,,20000,A_6a7902472185a998,0.02915076673369758,0.2394987608147944,314,126,0.21034799408109683,0,0.0001404494382022472,descriptive_range,success_conditional_descriptive_stability_no_physiological_validation,,,coefficient_candidate_HR,MC_PRECISION_INSUFFICIENT,descriptive_empirical_resampling_not_population_coverage,0,20000,False,0.0047266013536999725,0.02915076673369758,0.024424165379997607,418,0.03366161082588972,587,0.003912115981354963,0.2394987608147944,0.2355926044355693,19414,0.24341087679614937,19583,A_6a7902472185a998,A_6a7902472185a998,joint22,"[""Frontal_Sup_L"", ""HbO""]",314,126,3,"[""candidate_HR"", ""candidate_RR_RMSSD"", ""hb_within_person_SD""]",0.1383229902313282
0.001241555555607697,,20000,A_6a7902472185a998,-0.0326717640109371,0.0159664747428676,314,126,0.0486382387538047,0,0.0001404494382022472,descriptive_range,success_conditional_descriptive_stability_no_physiological_validation,,,coefficient_candidate_RR_RMSSD,MC_PRECISION_INSUFFICIENT,descriptive_empirical_resampling_not_population_coverage,0,20000,False,0.0012317416909633783,-0.0326717640109371,-0.033903505701900476,418,-0.031554803424957645,587,0.001241555555607697,0.0159664747428676,0.01524829054458689,19414,0.017208030298475296,19583,A_6a7902472185a998,A_6a7902472185a998,joint22,"[""Frontal_Sup_L"", ""HbO""]",314,126,3,"[""candidate_HR"", ""candidate_RR_RMSSD"", ""hb_within_person_SD""]",-0.005714679163851654
0.008689358966188554,,20000,A_6a7902472185a998,-0.04463277625016687,0.36884036702130146,314,126,0.41347314327146834,0,0.0001404494382022472,descriptive_range,success_conditional_descriptive_stability_no_physiological_validation,,,coefficient_hb_within_person_SD,MC_PRECISION_INSUFFICIENT,descriptive_empirical_resampling_not_population_coverage,0,20000,False,0.00802662190813578,-0.04463277625016687,-0.05265939815830265,418,-0.03804545029313436,587,0.008689358966188554,0.36884036702130146,0.3624030585642238,19414,0.37752972598749,19583,A_6a7902472185a998,A_6a7902472185a998,joint22,"[""Frontal_Sup_L"", ""HbO""]",314,126,3,"[""candidate_HR"", ""candidate_RR_RMSSD"", ""hb_within_person_SD""]",0.16113810942784226
0.743434962007882,0.01,20000,A_6a7902472185a998,0.013048437191514495,17.636168229681118,314,126,17.623119792489604,0,0.0001404494382022472,descriptive_range,success_conditional_descriptive_stability_no_physiological_validation,,,same_row_SSE_reduction,MC_PRECISION_INSUFFICIENT,descriptive_empirical_resampling_not_population_coverage,0,20000,False,0.004279122849538908,0.013048437191514495,0.008769314341975587,418,0.01679237004435663,587,0.743434962007882,17.636168229681118,16.892733267673236,19414,18.378553065455435,19583,A_6a7902472185a998,A_6a7902472185a998,joint22,"[""Frontal_Sup_L"", ""HbO""]",314,126,3,"[""candidate_HR"", ""candidate_RR_RMSSD"", ""hb_within_person_SD""]",3.372421245459577
0.004450043371584507,,20000,A_99abc02406c4098e,0.03998376099242872,0.23732542710591864,314,126,0.1973416661134899,0,0.0001404494382022472,descriptive_range,success_conditional_descriptive_stability_no_physiological_validation,,,coefficient_candidate_HR,MC_PRECISION_INSUFFICIENT,descriptive_empirical_resampling_not_population_coverage,0,20000,False,0.004450043371584507,0.03998376099242872,0.035533717620844216,418,0.04408582039838793,587,0.0038239515870136243,0.23732542710591864,0.2340331103158942,19414,0.24114937869293226,19583,A_99abc02406c4098e,A_99abc02406c4098e,joint22,"[""Frontal_Sup_L"", ""HbR""]",314,126,3,"[""candidate_HR"", ""candidate_RR_RMSSD"", ""hb_within_person_SD""]",0.14274340963657373
0.0013462088452888474,,20000,A_99abc02406c4098e,-0.03277533638209683,0.014515818912726377,314,126,0.04729115529482321,0,0.0001404494382022472,descriptive_range,success_conditional_descriptive_stability_no_physiological_validation,,,coefficient_candidate_RR_RMSSD,MC_PRECISION_INSUFFICIENT,descriptive_empirical_resampling_not_population_coverage,0,20000,False,0.0013462088452888474,-0.03277533638209683,-0.03395437316588084,418,-0.03142912753680798,587,0.0009157081900515868,0.014515818912726377,0.01375102448828658,19414,0.015431527102777964,19583,A_99abc02406c4098e,A_99abc02406c4098e,joint22,"[""Frontal_Sup_L"", ""HbR""]",314,126,3,"[""candidate_HR"", ""candidate_RR_RMSSD"", ""hb_within_person_SD""]",-0.00793616899818202
0.008666984286419988,,20000,A_99abc02406c4098e,-0.4856143895919771,-0.07086494152471597,314,126,0.41474944806726116,0,0.0001404494382022472,descriptive_range,success_conditional_descriptive_stability_no_physiological_validation,,,coefficient_hb_within_person_SD,MC_PRECISION_INSUFFICIENT,descriptive_empirical_resampling_not_population_coverage,0,20000,False,0.006671347005308026,-0.4856143895919771,-0.4919182796063549,418,-0.4789430425866691,587,0.008666984286419988,-0.07086494152471597,-0.0792779123358217,19414,-0.06219795723829598,19583,A_99abc02406c4098e,A_99abc02406c4098e,joint22,"[""Frontal_Sup_L"", ""HbR""]",314,126,3,"[""candidate_HR"", ""candidate_RR_RMSSD"", ""hb_within_person_SD""]",-0.2780892410574368
1.5748408647968404,0.01,20000,A_99abc02406c4098e,0.890967040000362,41.235533489924364,314,126,40.344566449924,0,0.0001404494382022472,descriptive_range,success_conditional_descriptive_stability_no_physiological_validation,,,same_row_SSE_reduction,MC_PRECISION_INSUFFICIENT,descriptive_empirical_resampling_not_population_coverage,0,20000,False,0.20130075689576188,0.890967040000362,0.6896662831046001,418,1.0889112269852603,587,1.5748408647968404,41.235533489924364,40.05077943375892,19414,42.810374354721205,19583,A_99abc02406c4098e,A_99abc02406c4098e,joint22,"[""Frontal_Sup_L"", ""HbR""]",314,126,3,"[""candidate_HR"", ""candidate_RR_RMSSD"", ""hb_within_person_SD""]",13.804772940449595
0.0043347633790362106,,20000,A_5fc286ba79e6dac0,0.012529122714069118,0.2206401900949208,314,126,0.2081110673808517,0,0.0001404494382022472,descriptive_range,success_conditional_descriptive_stability_no_physiological_validation,,,coefficient_candidate_HR,MC_PRECISION_INSUFFICIENT,descriptive_empirical_resampling_not_population_coverage,0,20000,False,0.004194294988621051,0.012529122714069118,0.008334827725448067,418,0.016003121141895338,587,0.0043347633790362106,0.2206401900949208,0.2178789875977679,19414,0.22497495347395702,19583,A_5fc286ba79e6dac0,A_5fc286ba79e6dac0,joint22,"[""Frontal_Sup_Medial_L"", ""HbO""]",314,126,3,"[""candidate_HR"", ""candidate_RR_RMSSD"", ""hb_within_person_SD""]",0.12223247762122212
0.001444350535727952,,20000,A_5fc286ba79e6dac0,-0.03205592012925734,0.013941475062741,314,126,0.045997395191998344,0,0.0001404494382022472,descriptive_range,success_conditional_descriptive_stability_no_physiological_validation,,,coefficient_candidate_RR_RMSSD,MC_PRECISION_INSUFFICIENT,descriptive_empirical_resampling_not_population_coverage,0,20000,False,0.001444350535727952,-0.03205592012925734,-0.033500270664985295,418,-0.03093611394744313,587,0.0010625280910388068,0.013941475062741,0.013039256829431915,19414,0.015004003153779807,19583,A_5fc286ba79e6dac0,A_5fc286ba79e6dac0,joint22,"[""Frontal_Sup_Medial_L"", ""HbO""]",314,126,3,"[""candidate_HR"", ""candidate_RR_RMSSD"", ""hb_within_person_SD""]",-0.007276052295090691
0.007519689602076274,,20000,A_5fc286ba79e6dac0,0.08164971493546688,0.5087468153226394,314,126,0.4270971003871725,0,0.0001404494382022472,descriptive_range,success_conditional_descriptive_stability_no_physiological_validation,,,coefficient_hb_within_person_SD,MC_PRECISION_MET,descriptive_empirical_resampling_not_population_coverage,0,20000,False,0.007441367996967971,0.08164971493546688,0.07490481311071272,418,0.08909108293243485,587,0.007519689602076274,0.5087468153226394,0.5012271257205632,19414,0.5161411252813373,19583,A_5fc286ba79e6dac0,A_5fc286ba79e6dac0,joint22,"[""Frontal_Sup_Medial_L"", ""HbO""]",314,126,3,"[""candidate_HR"", ""candidate_RR_RMSSD"", ""hb_within_person_SD""]",0.29267196658443273
1.1365094329604517,0.01,20000,A_5fc286ba79e6dac0,1.0162912121404588,39.06438548207251,314,126,38.04809426993205,0,0.0001404494382022472,descriptive_range,success_conditional_descriptive_stability_no_physiological_validation,,,same_row_SSE_reduction,MC_PRECISION_INSUFFICIENT,descriptive_empirical_resampling_not_population_coverage,0,20000,False,0.16781116685444886,1.0162912121404588,0.8547282567617174,418,1.1841023789949077,587,1.1365094329604517,39.06438548207251,38.10066037135249,19414,40.20089491503296,19583,A_5fc286ba79e6dac0,A_5fc286ba79e6dac0,joint22,"[""Frontal_Sup_Medial_L"", ""HbO""]",314,126,3,"[""candidate_HR"", ""candidate_RR_RMSSD"", ""hb_within_person_SD""]",13.257654060498057
0.004840329946663176,,20000,A_335eae19c8c0c44e,0.05455079334350921,0.26056428159386635,314,126,0.20601348825035715,0,0.0001404494382022472,descriptive_range,success_conditional_descriptive_stability_no_physiological_validation,,,coefficient_candidate_HR,MC_PRECISION_INSUFFICIENT,descriptive_empirical_resampling_not_population_coverage,0,20000,False,0.004840329946663176,0.05455079334350921,0.04980720070766902,418,0.05939112329017238,587,0.00400337006256174,0.26056428159386635,0.2568727966868516,19414,0.2645676516564281,19583,A_335eae19c8c0c44e,A_335eae19c8c0c44e,joint22,"[""Frontal_Sup_Medial_L"", ""HbR""]",314,126,3,"[""candidate_HR"", ""candidate_RR_RMSSD"", ""hb_within_person_SD""]",0.16258549466783054
0.0013759056610047615,,20000,A_335eae19c8c0c44e,-0.03326016141618255,0.013615840227276523,314,126,0.04687600164345907,0,0.0001404494382022472,descriptive_range,success_conditional_descriptive_stability_no_physiological_validation,,,coefficient_candidate_RR_RMSSD,MC_PRECISION_INSUFFICIENT,descriptive_empirical_resampling_not_population_coverage,0,20000,False,0.0013759056610047615,-0.03326016141618255,-0.03463606707718731,418,-0.03211081629944235,587,0.0008487067265318827,0.013615840227276523,0.012963877380018142,19414,0.014464546953808406,19583,A_335eae19c8c0c44e,A_335eae19c8c0c44e,joint22,"[""Frontal_Sup_Medial_L"", ""HbR""]",314,126,3,"[""candidate_HR"", ""candidate_RR_RMSSD"", ""hb_within_person_SD""]",-0.007373566257522088
0.008897806423479149,,20000,A_335eae19c8c0c44e,-0.2218442524706915,0.18820138356772634,314,126,0.4100456360384178,0,0.0001404494382022472,descriptive_range,success_conditional_descriptive_stability_no_physiological_validation,,,coefficient_hb_within_person_SD,MC_PRECISION_INSUFFICIENT,descriptive_empirical_resampling_not_population_coverage,0,20000,False,0.007629035352360064,-0.2218442524706915,-0.22947328782305157,418,-0.21555013248667082,587,0.008897806423479149,0.18820138356772634,0.18044499602374506,19414,0.1970991899912055,19583,A_335eae19c8c0c44e,A_335eae19c8c0c44e,joint22,"[""Frontal_Sup_Medial_L"", ""HbR""]",314,126,3,"[""candidate_HR"", ""candidate_RR_RMSSD"", ""hb_within_person_SD""]",-0.01696470958222377
0.5950859556634782,0.01,20000,A_335eae19c8c0c44e,0.0018420188480376964,10.084382582542617,314,126,10.082540563694579,0,0.0001404494382022472,descriptive_range,success_conditional_descriptive_stability_no_physiological_validation,,,same_row_SSE_reduction,MC_PRECISION_INSUFFICIENT,descriptive_empirical_resampling_not_population_coverage,0,20000,False,0.000552097958120612,0.0018420188480376964,0.0012899208899170844,418,0.0023334677049433594,587,0.5950859556634782,10.084382582542617,9.489296626879138,19414,10.67610303116669,19583,A_335eae19c8c0c44e,A_335eae19c8c0c44e,joint22,"[""Frontal_Sup_Medial_L"", ""HbR""]",314,126,3,"[""candidate_HR"", ""candidate_RR_RMSSD"", ""hb_within_person_SD""]",0.0525075266127714
0.004395587413570157,,20000,A_89d0fe15ef9953d4,0.044228646481482135,0.25535919301148907,314,126,0.21113054653000693,0,0.0001404494382022472,descriptive_range,success_conditional_descriptive_stability_no_physiological_validation,,,coefficient_candidate_HR,MC_PRECISION_INSUFFICIENT,descriptive_empirical_resampling_not_population_coverage,0,20000,False,0.004395587413570157,0.044228646481482135,0.03983305906791198,418,0.0483294048929729,587,0.004129192759903144,0.25535919301148907,0.2512300002515859,19414,0.25942591144524524,19583,A_89d0fe15ef9953d4,A_89d0fe15ef9953d4,joint22,"[""Frontal_Sup_R"", ""HbO""]",314,126,3,"[""candidate_HR"", ""candidate_RR_RMSSD"", ""hb_within_person_SD""]",0.15230309661346664
0.00147684524926614,,20000,A_89d0fe15ef9953d4,-0.032282065112595106,0.014483552016183229,314,126,0.04676561712877833,0,0.0001404494382022472,descriptive_range,success_conditional_descriptive_stability_no_physiological_validation,,,coefficient_candidate_RR_RMSSD,MC_PRECISION_INSUFFICIENT,descriptive_empirical_resampling_not_population_coverage,0,20000,False,0.00147684524926614,-0.032282065112595106,-0.033758910361861245,418,-0.03105746330254109,587,0.000921030810764778,0.014483552016183229,0.01356252120541845,19414,0.015274518982077838,19583,A_89d0fe15ef9953d4,A_89d0fe15ef9953d4,joint22,"[""Frontal_Sup_R"", ""HbO""]",314,126,3,"[""candidate_HR"", ""candidate_RR_RMSSD"", ""hb_within_person_SD""]",-0.007204229437865712
0.007927951074704509,,20000,A_89d0fe15ef9953d4,-0.08613269997493916,0.33561852536785214,314,126,0.4217512253427913,0,0.0001404494382022472,descriptive_range,success_conditional_descriptive_stability_no_physiological_validation,,,coefficient_hb_within_person_SD,MC_PRECISION_MET,descriptive_empirical_resampling_not_population_coverage,0,20000,False,0.00792723178578622,-0.08613269997493916,-0.0922621530642544,418,-0.07820546818915294,587,0.007927951074704509,0.33561852536785214,0.32813202728547647,19414,0.34354647644255665,19583,A_89d0fe15ef9953d4,A_89d0fe15ef9953d4,joint22,"[""Frontal_Sup_R"", ""HbO""]",314,126,3,"[""candidate_HR"", ""candidate_RR_RMSSD"", ""hb_within_person_SD""]",0.12794623417379639
0.8571521934987345,0.01,20000,A_89d0fe15ef9953d4,0.006321360411561727,16.611652093787256,314,126,16.605330733375695,0,0.0001404494382022472,descriptive_range,success_conditional_descriptive_stability_no_physiological_validation,,,same_row_SSE_reduction,MC_PRECISION_INSUFFICIENT,descriptive_empirical_resampling_not_population_coverage,0,20000,False,0.002402782409546944,0.006321360411561727,0.0043391938720560574,418,0.008724142821108671,587,0.8571521934987345,16.611652093787256,15.923559676746095,19414,17.46880428728599,19583,A_89d0fe15ef9953d4,A_89d0fe15ef9953d4,joint22,"[""Frontal_Sup_R"", ""HbO""]",314,126,3,"[""candidate_HR"", ""candidate_RR_RMSSD"", ""hb_within_person_SD""]",2.4759406648884124
0.004937336859272758,,20000,A_1e9de077cec2bf6d,0.039438838901658745,0.2531130151835157,314,126,0.21367417628185695,0,0.0001404494382022472,descriptive_range,success_conditional_descriptive_stability_no_physiological_validation,,,coefficient_candidate_HR,MC_PRECISION_INSUFFICIENT,descriptive_empirical_resampling_not_population_coverage,0,20000,False,0.004937336859272758,0.039438838901658745,0.03517271597361557,418,0.0443761757609315,587,0.0040514011348946055,0.2531130151835157,0.2491994843997671,19414,0.2571644163184103,19583,A_1e9de077cec2bf6d,A_1e9de077cec2bf6d,joint22,"[""Frontal_Sup_R"", ""HbR""]",314,126,3,"[""candidate_HR"", ""candidate_RR_RMSSD"", ""hb_within_person_SD""]",0.15164229121579878
0.00133226830941683,,20000,A_1e9de077cec2bf6d,-0.035131976624724746,0.01377491901808644,314,126,0.048906895642811185,0,0.0001404494382022472,descriptive_range,success_conditional_descriptive_stability_no_physiological_validation,,,coefficient_candidate_RR_RMSSD,MC_PRECISION_INSUFFICIENT,descriptive_empirical_resampling_not_population_coverage,0,20000,False,0.00133226830941683,-0.035131976624724746,-0.03638394396204167,418,-0.033799708315307916,587,0.0011908213801375446,0.01377491901808644,0.01295629196915684,19414,0.014965740398223985,19583,A_1e9de077cec2bf6d,A_1e9de077cec2bf6d,joint22,"[""Frontal_Sup_R"", ""HbR""]",314,126,3,"[""candidate_HR"", ""candidate_RR_RMSSD"", ""hb_within_person_SD""]",-0.008009476691780492
0.0084780830554394,,20000,A_1e9de077cec2bf6d,-0.31661099391784603,0.09993869023630558,314,126,0.4165496841541516,0,0.0001404494382022472,descriptive_range,success_conditional_descriptive_stability_no_physiological_validation,,,coefficient_hb_within_person_SD,MC_PRECISION_INSUFFICIENT,descriptive_empirical_resampling_not_population_coverage,0,20000,False,0.0084780830554394,-0.31661099391784603,-0.32438070894227516,418,-0.30813291086240663,587,0.008298721439411558,0.09993869023630558,0.0921182287501643,19414,0.10823741167571714,19583,A_1e9de077cec2bf6d,A_1e9de077cec2bf6d,joint22,"[""Frontal_Sup_R"", ""HbR""]",314,126,3,"[""candidate_HR"", ""candidate_RR_RMSSD"", ""hb_within_person_SD""]",-0.1104996523917826
0.8743183124208258,0.01,20000,A_1e9de077cec2bf6d,0.00513430672145887,16.647692210002106,314,126,16.642557903280647,0,0.0001404494382022472,descriptive_range,success_conditional_descriptive_stability_no_physiological_validation,,,same_row_SSE_reduction,MC_PRECISION_INSUFFICIENT,descriptive_empirical_resampling_not_population_coverage,0,20000,False,0.0018497298759712066,0.00513430672145887,0.003511853449026603,418,0.006984036597430077,587,0.8743183124208258,16.647692210002106,15.77337389758128,19414,17.450865039922178,19583,A_1e9de077cec2bf6d,A_1e9de077cec2bf6d,joint22,"[""Frontal_Sup_R"", ""HbR""]",314,126,3,"[""candidate_HR"", ""candidate_RR_RMSSD"", ""hb_within_person_SD""]",2.08548005242875
0.005438180237995777,,20000,A_9983802c08d656bf,0.04763614627442979,0.2699937536755505,309,124,0.2223576074011207,0,0.0001404494382022472,descriptive_range,success_conditional_descriptive_stability_no_physiological_validation,,,coefficient_candidate_HR,MC_PRECISION_INSUFFICIENT,descriptive_empirical_resampling_not_population_coverage,0,20000,False,0.005438180237995777,0.04763614627442979,0.04219796603643401,418,0.05221467736649796,587,0.0038776802272284527,0.2699937536755505,0.26611607344832205,19414,0.27311057604049793,19583,A_9983802c08d656bf,A_9983802c08d656bf,joint22,"[""Postcentral_L"", ""HbO""]",309,124,3,"[""candidate_HR"", ""candidate_RR_RMSSD"", ""hb_within_person_SD""]",0.16530890087116187
0.001612379679982047,,20000,A_9983802c08d656bf,-0.0345082337376329,0.015546679452109902,309,124,0.0500549131897428,0,0.0001404494382022472,descriptive_range,success_conditional_descriptive_stability_no_physiological_validation,,,coefficient_candidate_RR_RMSSD,MC_PRECISION_INSUFFICIENT,descriptive_empirical_resampling_not_population_coverage,0,20000,False,0.001612379679982047,-0.0345082337376329,-0.036120613417614945,418,-0.03310678747794793,587,0.0008995291022792732,0.015546679452109902,0.01464715034983063,19414,0.01631010755817943,19583,A_9983802c08d656bf,A_9983802c08d656bf,joint22,"[""Postcentral_L"", ""HbO""]",309,124,3,"[""candidate_HR"", ""candidate_RR_RMSSD"", ""hb_within_person_SD""]",-0.006556169295071166
0.008998814498213048,,20000,A_9983802c08d656bf,-0.26846836001048785,0.14646538467997727,309,124,0.4149337446904651,0,0.0001404494382022472,descriptive_range,success_conditional_descriptive_stability_no_physiological_validation,,,coefficient_hb_within_person_SD,MC_PRECISION_INSUFFICIENT,descriptive_empirical_resampling_not_population_coverage,0,20000,False,0.008998814498213048,-0.26846836001048785,-0.2774671745087009,418,-0.2624347102963251,587,0.007901535452398661,0.14646538467997727,0.1390816163636229,19414,0.15436692013237593,19583,A_9983802c08d656bf,A_9983802c08d656bf,joint22,"[""Postcentral_L"", ""HbO""]",309,124,3,"[""candidate_HR"", ""candidate_RR_RMSSD"", ""hb_within_person_SD""]",-0.06150690305770537
0.6459005681181793,0.01,20000,A_9983802c08d656bf,0.002545431799688913,11.191820014220696,309,124,11.189274582421007,0,0.0001404494382022472,descriptive_range,success_conditional_descriptive_stability_no_physiological_validation,,,same_row_SSE_reduction,MC_PRECISION_INSUFFICIENT,descriptive_empirical_resampling_not_population_coverage,0,20000,False,0.0008873245667757601,0.002545431799688913,0.0018276340815077674,418,0.003432756366464673,587,0.6459005681181793,11.191820014220696,10.689276911018283,19414,11.837720582338875,19583,A_9983802c08d656bf,A_9983802c08d656bf,joint22,"[""Postcentral_L"", ""HbO""]",309,124,3,"[""candidate_HR"", ""candidate_RR_RMSSD"", ""hb_within_person_SD""]",0.5910343739196264
0.005304615100318669,,20000,A_db59ef5ef9d5645d,0.04809035661601769,0.24995360969914973,309,124,0.20186325308313205,0,0.0001404494382022472,descriptive_range,success_conditional_descriptive_stability_no_physiological_validation,,,coefficient_candidate_HR,MC_PRECISION_INSUFFICIENT,descriptive_empirical_resampling_not_population_coverage,0,20000,False,0.005304615100318669,0.04809035661601769,0.04278574151569902,418,0.05266119239632231,587,0.00420796406860055,0.24995360969914973,0.24732871350356098,19414,0.2541615737677503,19583,A_db59ef5ef9d5645d,A_db59ef5ef9d5645d,joint22,"[""Postcentral_L"", ""HbR""]",309,124,3,"[""candidate_HR"", ""candidate_RR_RMSSD"", ""hb_within_person_SD""]",0.15535973121532357
0.0016299649155896226,,20000,A_db59ef5ef9d5645d,-0.034804196442044535,0.015167999901710688,309,124,0.04997219634375522,0,0.0001404494382022472,descriptive_range,success_conditional_descriptive_stability_no_physiological_validation,,,coefficient_candidate_RR_RMSSD,MC_PRECISION_INSUFFICIENT,descriptive_empirical_resampling_not_population_coverage,0,20000,False,0.0016299649155896226,-0.034804196442044535,-0.03643416135763416,418,-0.03368415439065485,587,0.0008981656980966597,0.015167999901710688,0.014269834203614029,19414,0.016055338691531446,19583,A_db59ef5ef9d5645d,A_db59ef5ef9d5645d,joint22,"[""Postcentral_L"", ""HbR""]",309,124,3,"[""candidate_HR"", ""candidate_RR_RMSSD"", ""hb_within_person_SD""]",-0.007019394504175478
0.008471253314301042,,20000,A_db59ef5ef9d5645d,-0.17253281508368837,0.22093410325762405,309,124,0.3934669183413124,0,0.0001404494382022472,descriptive_range,success_conditional_descriptive_stability_no_physiological_validation,,,coefficient_hb_within_person_SD,MC_PRECISION_INSUFFICIENT,descriptive_empirical_resampling_not_population_coverage,0,20000,False,0.008471253314301042,-0.17253281508368837,-0.1810040683979894,418,-0.16500220260103765,587,0.007395566245023938,0.22093410325762405,0.2135624121082631,19414,0.228329669502648,19583,A_db59ef5ef9d5645d,A_db59ef5ef9d5645d,joint22,"[""Postcentral_L"", ""HbR""]",309,124,3,"[""candidate_HR"", ""candidate_RR_RMSSD"", ""hb_within_person_SD""]",0.025679240518902004
0.5887579328723973,0.01,20000,A_db59ef5ef9d5645d,0.0018899137764378793,9.565069529608195,309,124,9.563179615831757,0,0.0001404494382022472,descriptive_range,success_conditional_descriptive_stability_no_physiological_validation,,,same_row_SSE_reduction,MC_PRECISION_INSUFFICIENT,descriptive_empirical_resampling_not_population_coverage,0,20000,False,0.0007591240503757035,0.0018899137764378793,0.001350047370806351,418,0.002649037826813583,587,0.5887579328723973,9.565069529608195,9.044855304523196,19414,10.153827462480592,19583,A_db59ef5ef9d5645d,A_db59ef5ef9d5645d,joint22,"[""Postcentral_L"", ""HbR""]",309,124,3,"[""candidate_HR"", ""candidate_RR_RMSSD"", ""hb_within_person_SD""]",0.120790707497747
0.005098908504955212,,20000,A_b87ce68fc30fd1a4,0.03226807516160822,0.23665421773836257,301,121,0.20438614257675436,0,0.0001404494382022472,descriptive_range,success_conditional_descriptive_stability_no_physiological_validation,,,coefficient_candidate_HR,MC_PRECISION_INSUFFICIENT,descriptive_empirical_resampling_not_population_coverage,0,20000,False,0.005098908504955212,0.03226807516160822,0.027169166656653008,418,0.037175295212246814,587,0.004188496468655045,0.23665421773836257,0.23246572126970752,19414,0.2405943959220638,19583,A_b87ce68fc30fd1a4,A_b87ce68fc30fd1a4,joint22,"[""Postcentral_R"", ""HbO""]",301,121,3,"[""candidate_HR"", ""candidate_RR_RMSSD"", ""hb_within_person_SD""]",0.14058960764390857
0.0016574438410520906,,20000,A_b87ce68fc30fd1a4,-0.036576534119690494,0.012066615156743081,301,121,0.048643149276433574,0,0.0001404494382022472,descriptive_range,success_conditional_descriptive_stability_no_physiological_validation,,,coefficient_candidate_RR_RMSSD,MC_PRECISION_INSUFFICIENT,descriptive_empirical_resampling_not_population_coverage,0,20000,False,0.0016574438410520906,-0.036576534119690494,-0.03817612156365723,418,-0.034919090278638404,587,0.000892059927521692,0.012066615156743081,0.01140123305508644,19414,0.012958675084264773,19583,A_b87ce68fc30fd1a4,A_b87ce68fc30fd1a4,joint22,"[""Postcentral_R"", ""HbO""]",301,121,3,"[""candidate_HR"", ""candidate_RR_RMSSD"", ""hb_within_person_SD""]",-0.008591334380162033
0.007763883748000633,,20000,A_b87ce68fc30fd1a4,-0.07525172572548297,0.3339657217488532,301,121,0.4092174474743362,0,0.0001404494382022472,descriptive_range,success_conditional_descriptive_stability_no_physiological_validation,,,coefficient_hb_within_person_SD,MC_PRECISION_MET,descriptive_empirical_resampling_not_population_coverage,0,20000,False,0.007675362367404334,-0.07525172572548297,-0.08255607796093031,418,-0.06757636335807864,587,0.007763883748000633,0.3339657217488532,0.32620183800085256,19414,0.34093900089364393,19583,A_b87ce68fc30fd1a4,A_b87ce68fc30fd1a4,joint22,"[""Postcentral_R"", ""HbO""]",301,121,3,"[""candidate_HR"", ""candidate_RR_RMSSD"", ""hb_within_person_SD""]",0.12988280641288386
0.862654860558763,0.01,20000,A_b87ce68fc30fd1a4,0.00801316629883786,17.984181005746734,301,121,17.976167839447896,0,0.0001404494382022472,descriptive_range,success_conditional_descriptive_stability_no_physiological_validation,,,same_row_SSE_reduction,MC_PRECISION_INSUFFICIENT,descriptive_empirical_resampling_not_population_coverage,0,20000,False,0.0033544184075253725,0.00801316629883786,0.005462028300314614,418,0.011367584706363232,587,0.862654860558763,17.984181005746734,17.17683296286799,19414,18.846835866305497,19583,A_b87ce68fc30fd1a4,A_b87ce68fc30fd1a4,joint22,"[""Postcentral_R"", ""HbO""]",301,121,3,"[""candidate_HR"", ""candidate_RR_RMSSD"", ""hb_within_person_SD""]",2.780157595970877
0.004142606003830179,,20000,A_5a33a4b21d923fa9,0.03678817669452151,0.24207784138696115,301,121,0.20528966469243964,0,0.0001404494382022472,descriptive_range,success_conditional_descriptive_stability_no_physiological_validation,,,coefficient_candidate_HR,MC_PRECISION_INSUFFICIENT,descriptive_empirical_resampling_not_population_coverage,0,20000,False,0.003991595791133985,0.03678817669452151,0.03279658090338752,418,0.04070532101386776,587,0.004142606003830179,0.24207784138696115,0.23813312478539422,19414,0.24622044739079132,19583,A_5a33a4b21d923fa9,A_5a33a4b21d923fa9,joint22,"[""Postcentral_R"", ""HbR""]",301,121,3,"[""candidate_HR"", ""candidate_RR_RMSSD"", ""hb_within_person_SD""]",0.1465473147914024
0.0011698034987410247,,20000,A_5a33a4b21d923fa9,-0.03593644969630377,0.011643359941752368,301,121,0.047579809638056136,0,0.0001404494382022472,descriptive_range,success_conditional_descriptive_stability_no_physiological_validation,,,coefficient_candidate_RR_RMSSD,MC_PRECISION_INSUFFICIENT,descriptive_empirical_resampling_not_population_coverage,0,20000,False,0.0011698034987410247,-0.03593644969630377,-0.03710625319504479,418,-0.03478062832278768,587,0.0007992721987190449,0.011643359941752368,0.010844087743033323,19414,0.012441647073735882,19583,A_5a33a4b21d923fa9,A_5a33a4b21d923fa9,joint22,"[""Postcentral_R"", ""HbR""]",301,121,3,"[""candidate_HR"", ""candidate_RR_RMSSD"", ""hb_within_person_SD""]",-0.008871730524130416
0.008349639260037386,,20000,A_5a33a4b21d923fa9,-0.35637617739601374,0.05228664723456274,301,121,0.40866282463057646,0,0.0001404494382022472,descriptive_range,success_conditional_descriptive_stability_no_physiological_validation,,,coefficient_hb_within_person_SD,MC_PRECISION_INSUFFICIENT,descriptive_empirical_resampling_not_population_coverage,0,20000,False,0.006994298917191832,-0.35637617739601374,-0.36337047631320557,418,-0.3498304188928232,587,0.008349639260037386,0.05228664723456274,0.04512058119854913,19414,0.06063628649460013,19583,A_5a33a4b21d923fa9,A_5a33a4b21d923fa9,joint22,"[""Postcentral_R"", ""HbR""]",301,121,3,"[""candidate_HR"", ""candidate_RR_RMSSD"", ""hb_within_person_SD""]",-0.15019473276514198
0.861237661085795,0.01,20000,A_5a33a4b21d923fa9,0.014251604327682799,21.700755266647718,301,121,21.686503662320035,0,0.0001404494382022472,descriptive_range,success_conditional_descriptive_stability_no_physiological_validation,,,same_row_SSE_reduction,MC_PRECISION_INSUFFICIENT,descriptive_empirical_resampling_not_population_coverage,0,20000,False,0.005170420954414112,0.014251604327682799,0.009945509153624243,418,0.01942202528209691,587,0.861237661085795,21.700755266647718,20.840653210032997,19414,22.561992927733513,19583,A_5a33a4b21d923fa9,A_5a33a4b21d923fa9,joint22,"[""Postcentral_R"", ""HbR""]",301,121,3,"[""candidate_HR"", ""candidate_RR_RMSSD"", ""hb_within_person_SD""]",3.9763791100253343
0.004704393476001913,,20000,A_ecaa558badfe6c09,0.04138894069457584,0.24396528884146756,309,124,0.20257634814689174,0,0.0001404494382022472,descriptive_range,success_conditional_descriptive_stability_no_physiological_validation,,,coefficient_candidate_HR,MC_PRECISION_INSUFFICIENT,descriptive_empirical_resampling_not_population_coverage,0,20000,False,0.004704393476001913,0.04138894069457584,0.03668454721857393,418,0.04554243231579034,587,0.0037516003955710975,0.24396528884146756,0.24021368844589647,19414,0.24766178259611668,19583,A_ecaa558badfe6c09,A_ecaa558badfe6c09,joint22,"[""Precentral_L"", ""HbO""]",309,124,3,"[""candidate_HR"", ""candidate_RR_RMSSD"", ""hb_within_person_SD""]",0.14967674473501663
0.001307500121886615,,20000,A_ecaa558badfe6c09,-0.03421425342581293,0.014700404602714,309,124,0.04891465802852693,0,0.0001404494382022472,descriptive_range,success_conditional_descriptive_stability_no_physiological_validation,,,coefficient_candidate_RR_RMSSD,MC_PRECISION_INSUFFICIENT,descriptive_empirical_resampling_not_population_coverage,0,20000,False,0.001307500121886615,-0.03421425342581293,-0.03552175354769954,418,-0.033137753038683604,587,0.000879887193319712,0.014700404602714,0.013912481165445951,19414,0.015580291796033712,19583,A_ecaa558badfe6c09,A_ecaa558badfe6c09,joint22,"[""Precentral_L"", ""HbO""]",309,124,3,"[""candidate_HR"", ""candidate_RR_RMSSD"", ""hb_within_person_SD""]",-0.007108235110719859
0.009375858867600534,,20000,A_ecaa558badfe6c09,-0.15975305097506995,0.25098878205126524,309,124,0.41074183302633516,0,0.0001404494382022472,descriptive_range,success_conditional_descriptive_stability_no_physiological_validation,,,coefficient_hb_within_person_SD,MC_PRECISION_INSUFFICIENT,descriptive_empirical_resampling_not_population_coverage,0,20000,False,0.009375858867600534,-0.15975305097506995,-0.16912890984267048,418,-0.15274481782433064,587,0.007130572949635372,0.25098878205126524,0.24395465242541764,19414,0.2581193550009006,19583,A_ecaa558badfe6c09,A_ecaa558badfe6c09,joint22,"[""Precentral_L"", ""HbO""]",309,124,3,"[""candidate_HR"", ""candidate_RR_RMSSD"", ""hb_within_person_SD""]",0.04711152042523121
0.6128901612798927,0.01,20000,A_ecaa558badfe6c09,0.0023527819687956253,10.82174558221078,309,124,10.819392800241985,0,0.0001404494382022472,descriptive_range,success_conditional_descriptive_stability_no_physiological_validation,,,same_row_SSE_reduction,MC_PRECISION_INSUFFICIENT,descriptive_empirical_resampling_not_population_coverage,0,20000,False,0.0008241964116564304,0.0023527819687956253,0.0015422539608493935,418,0.0031769783804520557,587,0.6128901612798927,10.82174558221078,10.208855420930888,19414,11.406860804939186,19583,A_ecaa558badfe6c09,A_ecaa558badfe6c09,joint22,"[""Precentral_L"", ""HbO""]",309,124,3,"[""candidate_HR"", ""candidate_RR_RMSSD"", ""hb_within_person_SD""]",0.3827985758929344
0.004148375689471573,,20000,A_20d3dddff12f1f5d,0.05072814856620794,0.2548107751768345,309,124,0.20408262661062654,0,0.0001404494382022472,descriptive_range,success_conditional_descriptive_stability_no_physiological_validation,,,coefficient_candidate_HR,MC_PRECISION_INSUFFICIENT,descriptive_empirical_resampling_not_population_coverage,0,20000,False,0.004148375689471573,0.05072814856620794,0.04657977287673637,418,0.05416189848128624,587,0.0037121302558450475,0.2548107751768345,0.2520766050243829,19414,0.25852290543267953,19583,A_20d3dddff12f1f5d,A_20d3dddff12f1f5d,joint22,"[""Precentral_L"", ""HbR""]",309,124,3,"[""candidate_HR"", ""candidate_RR_RMSSD"", ""hb_within_person_SD""]",0.1592203162637239
0.0013163328351485093,,20000,A_20d3dddff12f1f5d,-0.03387950921482622,0.015760070924025656,309,124,0.04963958013885188,0,0.0001404494382022472,descriptive_range,success_conditional_descriptive_stability_no_physiological_validation,,,coefficient_candidate_RR_RMSSD,MC_PRECISION_INSUFFICIENT,descriptive_empirical_resampling_not_population_coverage,0,20000,False,0.0013163328351485093,-0.03387950921482622,-0.03519584204997473,418,-0.03266974448984187,587,0.0009753572273918047,0.015760070924025656,0.014784713696633851,19414,0.01671896577149597,19583,A_20d3dddff12f1f5d,A_20d3dddff12f1f5d,joint22,"[""Precentral_L"", ""HbR""]",309,124,3,"[""candidate_HR"", ""candidate_RR_RMSSD"", ""hb_within_person_SD""]",-0.006478038989666543
0.00737446685851223,,20000,A_20d3dddff12f1f5d,-0.15319574415588014,0.25167368633282,309,124,0.40486943048870017,0,0.0001404494382022472,descriptive_range,success_conditional_descriptive_stability_no_physiological_validation,,,coefficient_hb_within_person_SD,MC_PRECISION_MET,descriptive_empirical_resampling_not_population_coverage,0,20000,False,0.0064070440912164794,-0.15319574415588014,-0.15960278824709662,418,-0.1476042900378062,587,0.00737446685851223,0.25167368633282,0.24514066543064505,19414,0.25904815319133223,19583,A_20d3dddff12f1f5d,A_20d3dddff12f1f5d,joint22,"[""Precentral_L"", ""HbR""]",309,124,3,"[""candidate_HR"", ""candidate_RR_RMSSD"", ""hb_within_person_SD""]",0.05005694095833801
0.6013925141037362,0.01,20000,A_20d3dddff12f1f5d,0.0019705481806795433,11.27225071049395,309,124,11.27028016231327,0,0.0001404494382022472,descriptive_range,success_conditional_descriptive_stability_no_physiological_validation,,,same_row_SSE_reduction,MC_PRECISION_INSUFFICIENT,descriptive_empirical_resampling_not_population_coverage,0,20000,False,0.0007323948893258603,0.0019705481806795433,0.001238153291353683,418,0.002692082826740716,587,0.6013925141037362,11.27225071049395,10.709951660666661,19414,11.873643224597686,19583,A_20d3dddff12f1f5d,A_20d3dddff12f1f5d,joint22,"[""Precentral_L"", ""HbR""]",309,124,3,"[""candidate_HR"", ""candidate_RR_RMSSD"", ""hb_within_person_SD""]",0.444020243043667
0.004676947832361413,,20000,A_cb91d0f5af9d4a82,0.01769946882925416,0.23167873281116755,309,124,0.2139792639819134,0,0.0001404494382022472,descriptive_range,success_conditional_descriptive_stability_no_physiological_validation,,,coefficient_candidate_HR,MC_PRECISION_INSUFFICIENT,descriptive_empirical_resampling_not_population_coverage,0,20000,False,0.004676947832361413,0.01769946882925416,0.013259704948996233,418,0.022376416661615574,587,0.003918860595631596,0.23167873281116755,0.22775987221553595,19414,0.23552019552392947,19583,A_cb91d0f5af9d4a82,A_cb91d0f5af9d4a82,joint22,"[""Precentral_R"", ""HbO""]",309,124,3,"[""candidate_HR"", ""candidate_RR_RMSSD"", ""hb_within_person_SD""]",0.1332041023825636
0.0013234367816582701,,20000,A_cb91d0f5af9d4a82,-0.03531499429363558,0.012187898018561205,309,124,0.04750289231219679,0,0.0001404494382022472,descriptive_range,success_conditional_descriptive_stability_no_physiological_validation,,,coefficient_candidate_RR_RMSSD,MC_PRECISION_INSUFFICIENT,descriptive_empirical_resampling_not_population_coverage,0,20000,False,0.0013234367816582701,-0.03531499429363558,-0.036638431075293854,418,-0.03402511266174485,587,0.0009192545398985005,0.012187898018561205,0.011485933200246158,19414,0.013107152558459706,19583,A_cb91d0f5af9d4a82,A_cb91d0f5af9d4a82,joint22,"[""Precentral_R"", ""HbO""]",309,124,3,"[""candidate_HR"", ""candidate_RR_RMSSD"", ""hb_within_person_SD""]",-0.008432616053900142
0.008319270957669135,,20000,A_cb91d0f5af9d4a82,-0.030764708481366476,0.3830247337404917,309,124,0.41378944222185815,0,0.0001404494382022472,descriptive_range,success_conditional_descriptive_stability_no_physiological_validation,,,coefficient_hb_within_person_SD,MC_PRECISION_INSUFFICIENT,descriptive_empirical_resampling_not_population_coverage,0,20000,False,0.008319270957669135,-0.030764708481366476,-0.03908397943903561,418,-0.02288128170660912,587,0.007785907272210235,0.3830247337404917,0.37523882646828144,19414,0.3907524975390586,19583,A_cb91d0f5af9d4a82,A_cb91d0f5af9d4a82,joint22,"[""Precentral_R"", ""HbO""]",309,124,3,"[""candidate_HR"", ""candidate_RR_RMSSD"", ""hb_within_person_SD""]",0.1775612985344748
0.9864974141133303,0.01,20000,A_cb91d0f5af9d4a82,0.024106651646150112,23.391372136515145,309,124,23.367265484868994,0,0.0001404494382022472,descriptive_range,success_conditional_descriptive_stability_no_physiological_validation,,,same_row_SSE_reduction,MC_PRECISION_INSUFFICIENT,descriptive_empirical_resampling_not_population_coverage,0,20000,False,0.012332283005150657,0.024106651646150112,0.016164246104040103,418,0.03643893465130077,587,0.9864974141133303,23.391372136515145,22.5028822795677,19414,24.377869550628475,19583,A_cb91d0f5af9d4a82,A_cb91d0f5af9d4a82,joint22,"[""Precentral_R"", ""HbO""]",309,124,3,"[""candidate_HR"", ""candidate_RR_RMSSD"", ""hb_within_person_SD""]",5.081601799420071
0.00456754812880239,,20000,A_2cde923009f3a4c2,0.03816323517168622,0.2432524705136672,309,124,0.20508923534198098,0,0.0001404494382022472,descriptive_range,success_conditional_descriptive_stability_no_physiological_validation,,,coefficient_candidate_HR,MC_PRECISION_INSUFFICIENT,descriptive_empirical_resampling_not_population_coverage,0,20000,False,0.00456754812880239,0.03816323517168622,0.03424839918544005,418,0.04273078330048861,587,0.0034087243623593944,0.2432524705136672,0.2398784868628937,19414,0.24666119487602658,19583,A_2cde923009f3a4c2,A_2cde923009f3a4c2,joint22,"[""Precentral_R"", ""HbR""]",309,124,3,"[""candidate_HR"", ""candidate_RR_RMSSD"", ""hb_within_person_SD""]",0.1479080786083248
0.0014002521045337196,,20000,A_2cde923009f3a4c2,-0.03713969865863208,0.010781562228549849,309,124,0.047921260887181925,0,0.0001404494382022472,descriptive_range,success_conditional_descriptive_stability_no_physiological_validation,,,coefficient_candidate_RR_RMSSD,MC_PRECISION_INSUFFICIENT,descriptive_empirical_resampling_not_population_coverage,0,20000,False,0.0014002521045337196,-0.03713969865863208,-0.0385399507631658,418,-0.03584263806102212,587,0.0007778038525172448,0.010781562228549849,0.010066069107319293,19414,0.011559366081067094,19583,A_2cde923009f3a4c2,A_2cde923009f3a4c2,joint22,"[""Precentral_R"", ""HbR""]",309,124,3,"[""candidate_HR"", ""candidate_RR_RMSSD"", ""hb_within_person_SD""]",-0.009723278935290533
0.007457220790302116,,20000,A_2cde923009f3a4c2,-0.30184435189480996,0.08756614080522229,309,124,0.38941049270003225,0,0.0001404494382022472,descriptive_range,success_conditional_descriptive_stability_no_physiological_validation,,,coefficient_hb_within_person_SD,MC_PRECISION_MET,descriptive_empirical_resampling_not_population_coverage,0,20000,False,0.007156657192249449,-0.30184435189480996,-0.3090010090870594,418,-0.2965310607217355,587,0.007457220790302116,0.08756614080522229,0.08010892001492018,19414,0.09470648201440743,19583,A_2cde923009f3a4c2,A_2cde923009f3a4c2,joint22,"[""Precentral_R"", ""HbR""]",309,124,3,"[""candidate_HR"", ""candidate_RR_RMSSD"", ""hb_within_person_SD""]",-0.1063827370403173
0.7334964441261036,0.01,20000,A_2cde923009f3a4c2,0.005695328207536932,16.15804885463683,309,124,16.152353526429295,0,0.0001404494382022472,descriptive_range,success_conditional_descriptive_stability_no_physiological_validation,,,same_row_SSE_reduction,MC_PRECISION_INSUFFICIENT,descriptive_empirical_resampling_not_population_coverage,0,20000,False,0.0020467816838163344,0.005695328207536932,0.003814412950134738,418,0.007742109891353266,587,0.7334964441261036,16.15804885463683,15.436722012861935,19414,16.891545298762935,19583,A_2cde923009f3a4c2,A_2cde923009f3a4c2,joint22,"[""Precentral_R"", ""HbR""]",309,124,3,"[""candidate_HR"", ""candidate_RR_RMSSD"", ""hb_within_person_SD""]",2.0550624934408006
