MC_max_endpoint_half_width,attempted,empirical_range_width,gamma_per_endpoint,point,statistic,status,uncertainty_role,undefined,unit,valid,zero_width,source_role,source_file,lower_estimate,upper_estimate,absolute_MC_tolerance,cell,collapsed_fits,constant_OOB_partitions,descriptive_lower,descriptive_upper,failed_replicates,interval_publication_status,maximum_OOB_people,minimum_OOB_people,eligible_blocks,eligible_people,interval_role,primary_p,primary_q,MC_absolute_tolerance,aggregation,original_eligible_people,resampled_support_max,resampled_support_min,failed,index,metric,publication,role,absolute_MC_target,end_minute,h_minutes,people,start_minute,code,denominator_people,kind,label
0.0005322943693431,200000,0.0930928678819387,0.0002272727272727,0.5958288385472852,window_equal_MAE_last_value,MC_PRECISION_MET,descriptive_empirical_resampling_not_population_coverage,0,VAS,200000,False,observations,next_rating_summary.json,0.5500179275726067,0.6431107954545454,,,,,,,,,,,,,,,,,,,,,,,,,,,,,,,,,,
0.0004740384833172,200000,0.0849287609810817,0.0002272727272727,0.644378285884084,window_equal_MAE_ridge,MC_PRECISION_MET,descriptive_empirical_resampling_not_population_coverage,0,VAS,200000,False,observations,next_rating_summary.json,0.6026038460487584,0.6875326070298401,,,,,,,,,,,,,,,,,,,,,,,,,,,,,,,,,,
0.0005277195711371,200000,0.0850100116093254,0.0002272727272727,0.6543674335564217,window_equal_MAE_random_forest,MC_PRECISION_MET,descriptive_empirical_resampling_not_population_coverage,0,VAS,200000,False,observations,next_rating_summary.json,0.6125340944146264,0.6975441060239518,,,,,,,,,,,,,,,,,,,,,,,,,,,,,,,,,,
0.0007048006570395,200000,0.1115262128537701,0.0002272727272727,0.9445237608676562,window_equal_RMSE_last_value,MC_PRECISION_MET,descriptive_empirical_resampling_not_population_coverage,0,VAS,200000,False,observations,next_rating_summary.json,0.8890008890013334,1.0005271018551036,,,,,,,,,,,,,,,,,,,,,,,,,,,,,,,,,,
0.0006823256341065,200000,0.1079637820139787,0.0002272727272727,0.9156244295571284,window_equal_RMSE_ridge,MC_PRECISION_MET,descriptive_empirical_resampling_not_population_coverage,0,VAS,200000,False,observations,next_rating_summary.json,0.8618551864296372,0.969818968443616,,,,,,,,,,,,,,,,,,,,,,,,,,,,,,,,,,
0.0006499683204189,200000,0.1091477719093441,0.0002272727272727,0.9197670285800694,window_equal_RMSE_random_forest,MC_PRECISION_MET,descriptive_empirical_resampling_not_population_coverage,0,VAS,200000,False,observations,next_rating_summary.json,0.865396920032538,0.974544691941882,,,,,,,,,,,,,,,,,,,,,,,,,,,,,,,,,,
0.0001515962647199,200000,0.0252114034668573,0.0002272727272727,0.0485494473367987,window_equal_MAE_ridge_minus_last_value,MC_PRECISION_MET,descriptive_empirical_resampling_not_population_coverage,0,VAS,200000,False,observations,next_rating_summary.json,0.0362742320441134,0.0614856355109707,,,,,,,,,,,,,,,,,,,,,,,,,,,,,,,,,,
0.0001931318888681,200000,0.027729318602752,0.0002272727272727,0.0585385950091364,window_equal_MAE_random_forest_minus_last_value,MC_PRECISION_MET,descriptive_empirical_resampling_not_population_coverage,0,VAS,200000,False,observations,next_rating_summary.json,0.0451553603942962,0.0728846789970483,,,,,,,,,,,,,,,,,,,,,,,,,,,,,,,,,,
0.000129205064504,200000,0.0204032164293872,0.0002272727272727,-0.0288993313105277,window_equal_RMSE_ridge_minus_last_value,MC_PRECISION_MET,descriptive_empirical_resampling_not_population_coverage,0,VAS,200000,False,observations,next_rating_summary.json,-0.0389336945396194,-0.0185304781102322,,,,,,,,,,,,,,,,,,,,,,,,,,,,,,,,,,
0.0001588312631322,200000,0.0257159798932659,0.0002272727272727,-0.0247567322875867,window_equal_RMSE_random_forest_minus_last_value,MC_PRECISION_MET,descriptive_empirical_resampling_not_population_coverage,0,VAS,200000,False,observations,next_rating_summary.json,-0.0372824143823707,-0.0115664344891048,,,,,,,,,,,,,,,,,,,,,,,,,,,,,,,,,,
0.0005153186284091,200000,0.0897709017945143,0.0002272727272727,0.5832909243016949,person_equal_MAE_last_value,MC_PRECISION_MET,descriptive_empirical_resampling_not_population_coverage,0,VAS,200000,False,observations,next_rating_summary.json,0.5392491794314493,0.6290200812259636,,,,,,,,,,,,,,,,,,,,,,,,,,,,,,,,,,
0.0005005039094909,200000,0.0824488735941519,0.0002272727272727,0.6396539987672295,person_equal_MAE_ridge,MC_PRECISION_MET,descriptive_empirical_resampling_not_population_coverage,0,VAS,200000,False,observations,next_rating_summary.json,0.5992265054644162,0.6816753790585682,,,,,,,,,,,,,,,,,,,,,,,,,,,,,,,,,,
0.0005187364708199,200000,0.0844714100532534,0.0002272727272727,0.6510369891042107,person_equal_MAE_random_forest,MC_PRECISION_MET,descriptive_empirical_resampling_not_population_coverage,0,VAS,200000,False,observations,next_rating_summary.json,0.6096113949013923,0.6940828049546457,,,,,,,,,,,,,,,,,,,,,,,,,,,,,,,,,,
0.0006018422766285,200000,0.1062367893497669,0.0002272727272727,0.9352388857111176,person_equal_RMSE_last_value,MC_PRECISION_MET,descriptive_empirical_resampling_not_population_coverage,0,VAS,200000,False,observations,next_rating_summary.json,0.8824160929012471,0.988652882251014,,,,,,,,,,,,,,,,,,,,,,,,,,,,,,,,,,
0.0006356693454269,200000,0.1019731736312762,0.0002272727272727,0.9107835052590614,person_equal_RMSE_ridge,MC_PRECISION_MET,descriptive_empirical_resampling_not_population_coverage,0,VAS,200000,False,observations,next_rating_summary.json,0.860107847371461,0.9620810210027372,,,,,,,,,,,,,,,,,,,,,,,,,,,,,,,,,,
0.0006567249015988,200000,0.1062036791977377,0.0002272727272727,0.9153551978676088,person_equal_RMSE_random_forest,MC_PRECISION_MET,descriptive_empirical_resampling_not_population_coverage,0,VAS,200000,False,observations,next_rating_summary.json,0.8625561818018797,0.9687598609996174,,,,,,,,,,,,,,,,,,,,,,,,,,,,,,,,,,
0.0001789928104443,200000,0.0304008158225389,0.0002272727272727,0.0563630744655345,person_equal_MAE_ridge_minus_last_value,MC_PRECISION_MET,descriptive_empirical_resampling_not_population_coverage,0,VAS,200000,False,observations,next_rating_summary.json,0.0417077995256959,0.0721086153482348,,,,,,,,,,,,,,,,,,,,,,,,,,,,,,,,,,
0.0002121988262883,200000,0.0338249614476149,0.0002272727272727,0.0677460648025157,person_equal_MAE_random_forest_minus_last_value,MC_PRECISION_MET,descriptive_empirical_resampling_not_population_coverage,0,VAS,200000,False,observations,next_rating_summary.json,0.0517155549733693,0.0855405164209842,,,,,,,,,,,,,,,,,,,,,,,,,,,,,,,,,,
0.0001774429389512,200000,0.0267743879614973,0.0002272727272727,-0.0244553804520563,person_equal_RMSE_ridge_minus_last_value,MC_PRECISION_MET,descriptive_empirical_resampling_not_population_coverage,0,VAS,200000,False,observations,next_rating_summary.json,-0.0373826915696644,-0.0106083036081671,,,,,,,,,,,,,,,,,,,,,,,,,,,,,,,,,,
0.0002237603929341,200000,0.0332298160807454,0.0002272727272727,-0.0198836878435088,person_equal_RMSE_random_forest_minus_last_value,MC_PRECISION_MET,descriptive_empirical_resampling_not_population_coverage,0,VAS,200000,False,observations,next_rating_summary.json,-0.0356500528370571,-0.0024202367563116,,,,,,,,,,,,,,,,,,,,,,,,,,,,,,,,,,
0.0048543689320388,200000,0.4077669902912622,0.0002272727272727,1.6262135922330097,MAE_last_value,MC_PRECISION_MET,descriptive_empirical_resampling_not_population_coverage,0,VAS,200000,False,observations,five_to_ten_summary.json,1.4271844660194175,1.8349514563106797,,,,,,,,,,,,,,,,,,,,,,,,,,,,,,,,,,
0.0017635912996352,200000,0.2847456905931309,0.0002272727272727,1.3574305111004608,MAE_ridge,MC_PRECISION_MET,descriptive_empirical_resampling_not_population_coverage,0,VAS,200000,False,observations,five_to_ten_summary.json,1.2176460383523966,1.5023917289455275,,,,,,,,,,,,,,,,,,,,,,,,,,,,,,,,,,
0.0017374930445139,200000,0.2974398973395864,0.0002272727272727,1.3687678079612344,MAE_random_forest,MC_PRECISION_MET,descriptive_empirical_resampling_not_population_coverage,0,VAS,200000,False,observations,five_to_ten_summary.json,1.2233419763758016,1.520781873715388,,,,,,,,,,,,,,,,,,,,,,,,,,,,,,,,,,
0.0029448192266956,200000,0.5345154531563487,0.0002272727272727,2.2065656661053508,RMSE_last_value,MC_PRECISION_MET,descriptive_empirical_resampling_not_population_coverage,0,VAS,200000,False,observations,five_to_ten_summary.json,1.9396226236900045,2.4741380768463532,,,,,,,,,,,,,,,,,,,,,,,,,,,,,,,,,,
0.0020080454361062,200000,0.3235289218053236,0.0002272727272727,1.7125280389685105,RMSE_ridge,MC_PRECISION_MET,descriptive_empirical_resampling_not_population_coverage,0,VAS,200000,False,observations,five_to_ten_summary.json,1.5489211912304626,1.8724501130357865,,,,,,,,,,,,,,,,,,,,,,,,,,,,,,,,,,
0.0021311992111581,200000,0.3599105632031212,0.0002272727272727,1.749018433370237,RMSE_random_forest,MC_PRECISION_MET,descriptive_empirical_resampling_not_population_coverage,0,VAS,200000,False,observations,five_to_ten_summary.json,1.5680983138357465,1.9280088770388677,,,,,,,,,,,,,,,,,,,,,,,,,,,,,,,,,,
0.0021063176734386,200000,0.3451475249372779,0.0002272727272727,-0.2687830811325489,MAE_ridge_minus_last_value,MC_PRECISION_MET,descriptive_empirical_resampling_not_population_coverage,0,VAS,200000,False,observations,five_to_ten_summary.json,-0.4424277641891585,-0.0972802392518805,,,,,,,,,,,,,,,,,,,,,,,,,,,,,,,,,,
0.0020996929255012,200000,0.3553567857404398,0.0002272727272727,-0.2574457842717752,MAE_random_forest_minus_last_value,MC_PRECISION_MET,descriptive_empirical_resampling_not_population_coverage,0,VAS,200000,False,observations,five_to_ten_summary.json,-0.4366087841454642,-0.0812519984050244,,,,,,,,,,,,,,,,,,,,,,,,,,,,,,,,,,
0.0025046640376198,200000,0.4000521914984702,0.0002272727272727,-0.4940376271368403,RMSE_ridge_minus_last_value,MC_PRECISION_MET,descriptive_empirical_resampling_not_population_coverage,0,VAS,200000,False,observations,five_to_ten_summary.json,-0.6909179877555178,-0.2908657962570475,,,,,,,,,,,,,,,,,,,,,,,,,,,,,,,,,,
0.0027997077221642,200000,0.4746358769504126,0.0002272727272727,-0.4575472327351138,RMSE_random_forest_minus_last_value,MC_PRECISION_MET,descriptive_empirical_resampling_not_population_coverage,0,VAS,200000,False,observations,five_to_ten_summary.json,-0.6956722682100831,-0.2210363912596704,,,,,,,,,,,,,,,,,,,,,,,,,,,,,,,,,,
0.0046511627906973,200000,0.5488372093023259,0.0002272727272727,3.0046511627906978,mean_observed_minute1,MC_PRECISION_MET,descriptive_empirical_resampling_not_population_coverage,0,VAS,200000,False,observations,VAS_observation_summary.json,2.7348837209302324,3.2837209302325583,,,,,,,,,,,,,,,,,,,,,,,,,,,,,,,,,,
0.0046511627906973,200000,0.548837209302325,0.0002272727272727,3.8130841121495327,mean_observed_minute2,MC_PRECISION_MET,descriptive_empirical_resampling_not_population_coverage,0,VAS,200000,False,observations,VAS_observation_summary.json,3.5395348837209304,4.088372093023255,,,,,,,,,,,,,,,,,,,,,,,,,,,,,,,,,,
0.0041683120530033,200000,0.5514018691588789,0.0002272727272727,4.163551401869159,mean_observed_minute3,MC_PRECISION_MET,descriptive_empirical_resampling_not_population_coverage,0,VAS,200000,False,observations,VAS_observation_summary.json,3.88785046728972,4.4392523364485985,,,,,,,,,,,,,,,,,,,,,,,,,,,,,,,,,,
0.0044512357161838,200000,0.549295774647887,0.0002272727272727,4.215962441314554,mean_observed_minute4,MC_PRECISION_MET,descriptive_empirical_resampling_not_population_coverage,0,VAS,200000,False,observations,VAS_observation_summary.json,3.943661971830986,4.492957746478873,,,,,,,,,,,,,,,,,,,,,,,,,,,,,,,,,,
0.0036493101913666,200000,0.577303070761015,0.0002272727272727,4.09433962264151,mean_observed_minute5,MC_PRECISION_MET,descriptive_empirical_resampling_not_population_coverage,0,VAS,200000,False,observations,VAS_observation_summary.json,3.808411214953271,4.385714285714286,,,,,,,,,,,,,,,,,,,,,,,,,,,,,,,,,,
0.0034768358579153,200000,0.5759949102715987,0.0002272727272727,3.9716981132075473,mean_observed_minute6,MC_PRECISION_MET,descriptive_empirical_resampling_not_population_coverage,0,VAS,200000,False,observations,VAS_observation_summary.json,3.6869158878504673,4.262910798122066,,,,,,,,,,,,,,,,,,,,,,,,,,,,,,,,,,
0.0045600557090548,200000,0.577464788732394,0.0002272727272727,3.772511848341232,mean_observed_minute7,MC_PRECISION_MET,descriptive_empirical_resampling_not_population_coverage,0,VAS,200000,False,observations,VAS_observation_summary.json,3.488262910798122,4.065727699530516,,,,,,,,,,,,,,,,,,,,,,,,,,,,,,,,,,
0.0046490634168359,200000,0.5970661250282103,0.0002272727272727,3.676190476190476,mean_observed_minute8,MC_PRECISION_MET,descriptive_empirical_resampling_not_population_coverage,0,VAS,200000,False,observations,VAS_observation_summary.json,3.3838862559241707,3.980952380952381,,,,,,,,,,,,,,,,,,,,,,,,,,,,,,,,,,
0.0036233567148231,200000,0.5833216078045123,0.0002272727272727,3.451923076923077,mean_observed_minute9,MC_PRECISION_MET,descriptive_empirical_resampling_not_population_coverage,0,VAS,200000,False,observations,VAS_observation_summary.json,3.1642512077294684,3.7475728155339807,,,,,,,,,,,,,,,,,,,,,,,,,,,,,,,,,,
0.0042625745950557,200000,0.5715217391304348,0.0002272727272727,3.325242718446602,mean_observed_minute10,MC_PRECISION_MET,descriptive_empirical_resampling_not_population_coverage,0,VAS,200000,False,observations,VAS_observation_summary.json,3.0434782608695654,3.615,,,,,,,,,,,,,,,,,,,,,,,,,,,,,,,,,,
0.0045035268583828,200000,0.5970833549189245,0.0002272727272727,3.329896907216495,mean_observed_minute11,MC_PRECISION_MET,descriptive_empirical_resampling_not_population_coverage,0,VAS,200000,False,observations,VAS_observation_summary.json,3.036082474226804,3.633165829145729,,,,,,,,,,,,,,,,,,,,,,,,,,,,,,,,,,
0.0034737299174989,200000,0.582488581931603,0.0002272727272727,3.2020725388601035,mean_observed_minute12,MC_PRECISION_MET,descriptive_empirical_resampling_not_population_coverage,0,VAS,200000,False,observations,VAS_observation_summary.json,2.9148936170212765,3.4973821989528795,,,,,,,,,,,,,,,,,,,,,,,,,,,,,,,,,,
0.0036706123378098,200000,0.5941554746187117,0.0002272727272727,3.0802139037433154,mean_observed_minute13,MC_PRECISION_MET,descriptive_empirical_resampling_not_population_coverage,0,VAS,200000,False,observations,VAS_observation_summary.json,2.7880434782608696,3.3821989528795813,,,,,,,,,,,,,,,,,,,,,,,,,,,,,,,,,,
0.0038535645472062,200000,0.5941856511390684,0.0002272727272727,3.0282485875706215,mean_observed_minute14,MC_PRECISION_MET,descriptive_empirical_resampling_not_population_coverage,0,VAS,200000,False,observations,VAS_observation_summary.json,2.735294117647059,3.3294797687861273,,,,,,,,,,,,,,,,,,,,,,,,,,,,,,,,,,
0.0033114915803564,200000,0.609941520467836,0.0002272727272727,3.0,mean_observed_minute15,MC_PRECISION_MET,descriptive_empirical_resampling_not_population_coverage,0,VAS,200000,False,observations,VAS_observation_summary.json,2.7,3.309941520467836,,,,,,,,,,,,,,,,,,,,,,,,,,,,,,,,,,
0.0047517224994058,200000,0.6964264653850689,0.0002272727272727,3.1048387096774195,mean_observed_minute16,MC_PRECISION_MET,descriptive_empirical_resampling_not_population_coverage,0,VAS,200000,False,observations,VAS_observation_summary.json,2.762589928057554,3.459016393442623,,,,,,,,,,,,,,,,,,,,,,,,,,,,,,,,,,
0.0059568131049889,200000,0.8591331269349842,0.0002272727272727,2.975609756097561,mean_observed_minute17,MC_PRECISION_MET,descriptive_empirical_resampling_not_population_coverage,0,VAS,200000,False,observations,VAS_observation_summary.json,2.5526315789473686,3.411764705882353,,,,,,,,,,,,,,,,,,,,,,,,,,,,,,,,,,
0.0052473763118441,200000,0.864293659621802,0.0002272727272727,2.9565217391304346,mean_observed_minute18,MC_PRECISION_MET,descriptive_empirical_resampling_not_population_coverage,0,VAS,200000,False,observations,VAS_observation_summary.json,2.532258064516129,3.396551724137931,,,,,,,,,,,,,,,,,,,,,,,,,,,,,,,,,,
0.0066740823136819,200000,1.0172413793103448,0.0002272727272727,2.8983050847457625,mean_observed_minute19,MC_PRECISION_MET,descriptive_empirical_resampling_not_population_coverage,0,VAS,200000,False,observations,VAS_observation_summary.json,2.396551724137931,3.413793103448276,,,,,,,,,,,,,,,,,,,,,,,,,,,,,,,,,,
0.006546644844517,200000,1.1246684350132623,0.0002272727272727,2.9642857142857144,mean_observed_minute20,MC_PRECISION_MET,descriptive_empirical_resampling_not_population_coverage,0,VAS,200000,False,observations,VAS_observation_summary.json,2.413793103448276,3.5384615384615383,,,,,,,,,,,,,,,,,,,,,,,,,,,,,,,,,,
0.0,200000,0.0,0.0002272727272727,1.0,fraction_observed_minute1,MC_PRECISION_MET,descriptive_empirical_resampling_not_population_coverage,0,proportion,200000,True,observations,VAS_observation_summary.json,1.0,1.0,,,,,,,,,,,,,,,,,,,,,,,,,,,,,,,,,,
0.0,200000,0.0139534883720929,0.0002272727272727,0.9953488372093025,fraction_observed_minute2,MC_PRECISION_MET,descriptive_empirical_resampling_not_population_coverage,0,proportion,200000,False,observations,VAS_observation_summary.json,0.986046511627907,1.0,,,,,,,,,,,,,,,,,,,,,,,,,,,,,,,,,,
0.0,200000,0.0139534883720929,0.0002272727272727,0.9953488372093025,fraction_observed_minute3,MC_PRECISION_MET,descriptive_empirical_resampling_not_population_coverage,0,proportion,200000,False,observations,VAS_observation_summary.json,0.986046511627907,1.0,,,,,,,,,,,,,,,,,,,,,,,,,,,,,,,,,,
0.0,200000,0.0232558139534884,0.0002272727272727,0.9906976744186048,fraction_observed_minute4,MC_PRECISION_MET,descriptive_empirical_resampling_not_population_coverage,0,proportion,200000,False,observations,VAS_observation_summary.json,0.9767441860465116,1.0,,,,,,,,,,,,,,,,,,,,,,,,,,,,,,,,,,
0.0,200000,0.0325581395348837,0.0002272727272727,0.986046511627907,fraction_observed_minute5,MC_PRECISION_MET,descriptive_empirical_resampling_not_population_coverage,0,proportion,200000,False,observations,VAS_observation_summary.json,0.9674418604651164,1.0,,,,,,,,,,,,,,,,,,,,,,,,,,,,,,,,,,
0.0,200000,0.0325581395348837,0.0002272727272727,0.986046511627907,fraction_observed_minute6,MC_PRECISION_MET,descriptive_empirical_resampling_not_population_coverage,0,proportion,200000,False,observations,VAS_observation_summary.json,0.9674418604651164,1.0,,,,,,,,,,,,,,,,,,,,,,,,,,,,,,,,,,
0.0,200000,0.0325581395348837,0.0002272727272727,0.9813953488372092,fraction_observed_minute7,MC_PRECISION_MET,descriptive_empirical_resampling_not_population_coverage,0,proportion,200000,False,observations,VAS_observation_summary.json,0.9627906976744186,0.9953488372093025,,,,,,,,,,,,,,,,,,,,,,,,,,,,,,,,,,
0.0,200000,0.041860465116279,0.0002272727272727,0.9767441860465116,fraction_observed_minute8,MC_PRECISION_MET,descriptive_empirical_resampling_not_population_coverage,0,proportion,200000,False,observations,VAS_observation_summary.json,0.9534883720930232,0.9953488372093025,,,,,,,,,,,,,,,,,,,,,,,,,,,,,,,,,,
0.0046511627906976,200000,0.0465116279069768,0.0002272727272727,0.9674418604651164,fraction_observed_minute9,MC_PRECISION_INSUFFICIENT,descriptive_empirical_resampling_not_population_coverage,0,proportion,200000,False,observations,VAS_observation_summary.json,0.944186046511628,0.9906976744186048,,,,,,,,,,,,,,,,,,,,,,,,,,,,,,,,,,
0.0,200000,0.0511627906976743,0.0002272727272727,0.958139534883721,fraction_observed_minute10,MC_PRECISION_MET,descriptive_empirical_resampling_not_population_coverage,0,proportion,200000,False,observations,VAS_observation_summary.json,0.9302325581395348,0.9813953488372092,,,,,,,,,,,,,,,,,,,,,,,,,,,,,,,,,,
0.0,200000,0.0790697674418604,0.0002272727272727,0.9023255813953488,fraction_observed_minute11,MC_PRECISION_MET,descriptive_empirical_resampling_not_population_coverage,0,proportion,200000,False,observations,VAS_observation_summary.json,0.8604651162790697,0.9395348837209302,,,,,,,,,,,,,,,,,,,,,,,,,,,,,,,,,,
0.0,200000,0.0790697674418604,0.0002272727272727,0.8976744186046511,fraction_observed_minute12,MC_PRECISION_MET,descriptive_empirical_resampling_not_population_coverage,0,proportion,200000,False,observations,VAS_observation_summary.json,0.8558139534883721,0.9348837209302324,,,,,,,,,,,,,,,,,,,,,,,,,,,,,,,,,,
0.0,200000,0.0883720930232558,0.0002272727272727,0.8697674418604651,fraction_observed_minute13,MC_PRECISION_MET,descriptive_empirical_resampling_not_population_coverage,0,proportion,200000,False,observations,VAS_observation_summary.json,0.8232558139534883,0.9116279069767442,,,,,,,,,,,,,,,,,,,,,,,,,,,,,,,,,,
0.0,200000,0.1023255813953488,0.0002272727272727,0.8232558139534883,fraction_observed_minute14,MC_PRECISION_MET,descriptive_empirical_resampling_not_population_coverage,0,proportion,200000,False,observations,VAS_observation_summary.json,0.772093023255814,0.8744186046511628,,,,,,,,,,,,,,,,,,,,,,,,,,,,,,,,,,
0.0,200000,0.1116279069767441,0.0002272727272727,0.7813953488372093,fraction_observed_minute15,MC_PRECISION_MET,descriptive_empirical_resampling_not_population_coverage,0,proportion,200000,False,observations,VAS_observation_summary.json,0.7255813953488373,0.8372093023255814,,,,,,,,,,,,,,,,,,,,,,,,,,,,,,,,,,
0.0,200000,0.1302325581395348,0.0002272727272727,0.5767441860465117,fraction_observed_minute16,MC_PRECISION_MET,descriptive_empirical_resampling_not_population_coverage,0,proportion,200000,False,observations,VAS_observation_summary.json,0.5116279069767442,0.641860465116279,,,,,,,,,,,,,,,,,,,,,,,,,,,,,,,,,,
0.0,200000,0.1302325581395348,0.0002272727272727,0.3813953488372093,fraction_observed_minute17,MC_PRECISION_MET,descriptive_empirical_resampling_not_population_coverage,0,proportion,200000,False,observations,VAS_observation_summary.json,0.3162790697674418,0.4465116279069767,,,,,,,,,,,,,,,,,,,,,,,,,,,,,,,,,,
0.0046511627906976,200000,0.1255813953488372,0.0002272727272727,0.3209302325581395,fraction_observed_minute18,MC_PRECISION_INSUFFICIENT,descriptive_empirical_resampling_not_population_coverage,0,proportion,200000,False,observations,VAS_observation_summary.json,0.2604651162790697,0.386046511627907,,,,,,,,,,,,,,,,,,,,,,,,,,,,,,,,,,
0.0046511627906976,200000,0.1209302325581395,0.0002272727272727,0.2744186046511628,fraction_observed_minute19,MC_PRECISION_INSUFFICIENT,descriptive_empirical_resampling_not_population_coverage,0,proportion,200000,False,observations,VAS_observation_summary.json,0.213953488372093,0.3348837209302325,,,,,,,,,,,,,,,,,,,,,,,,,,,,,,,,,,
0.0,200000,0.1162790697674418,0.0002272727272727,0.2604651162790697,fraction_observed_minute20,MC_PRECISION_MET,descriptive_empirical_resampling_not_population_coverage,0,proportion,200000,False,observations,VAS_observation_summary.json,0.2046511627906976,0.3209302325581395,,,,,,,,,,,,,,,,,,,,,,,,,,,,,,,,,,
0.0,200000,0.0,0.0002272727272727,0.0,cumulative_E_marker_minute1,MC_PRECISION_MET,descriptive_empirical_resampling_not_population_coverage,0,proportion,200000,True,observations,VAS_observation_summary.json,0.0,0.0,,,,,,,,,,,,,,,,,,,,,,,,,,,,,,,,,,
0.0,200000,0.0,0.0002272727272727,0.0,cumulative_E_marker_minute2,MC_PRECISION_MET,descriptive_empirical_resampling_not_population_coverage,0,proportion,200000,True,observations,VAS_observation_summary.json,0.0,0.0,,,,,,,,,,,,,,,,,,,,,,,,,,,,,,,,,,
0.0,200000,0.0,0.0002272727272727,0.0,cumulative_E_marker_minute3,MC_PRECISION_MET,descriptive_empirical_resampling_not_population_coverage,0,proportion,200000,True,observations,VAS_observation_summary.json,0.0,0.0,,,,,,,,,,,,,,,,,,,,,,,,,,,,,,,,,,
0.0,200000,0.0,0.0002272727272727,0.0,cumulative_E_marker_minute4,MC_PRECISION_MET,descriptive_empirical_resampling_not_population_coverage,0,proportion,200000,True,observations,VAS_observation_summary.json,0.0,0.0,,,,,,,,,,,,,,,,,,,,,,,,,,,,,,,,,,
0.0,200000,0.0,0.0002272727272727,0.0,cumulative_E_marker_minute5,MC_PRECISION_MET,descriptive_empirical_resampling_not_population_coverage,0,proportion,200000,True,observations,VAS_observation_summary.json,0.0,0.0,,,,,,,,,,,,,,,,,,,,,,,,,,,,,,,,,,
0.0,200000,0.0,0.0002272727272727,0.0,cumulative_E_marker_minute6,MC_PRECISION_MET,descriptive_empirical_resampling_not_population_coverage,0,proportion,200000,True,observations,VAS_observation_summary.json,0.0,0.0,,,,,,,,,,,,,,,,,,,,,,,,,,,,,,,,,,
0.0,200000,0.013953488372093,0.0002272727272727,0.0046511627906976,cumulative_E_marker_minute7,MC_PRECISION_MET,descriptive_empirical_resampling_not_population_coverage,0,proportion,200000,False,observations,VAS_observation_summary.json,0.0,0.013953488372093,,,,,,,,,,,,,,,,,,,,,,,,,,,,,,,,,,
0.0,200000,0.0232558139534883,0.0002272727272727,0.0093023255813953,cumulative_E_marker_minute8,MC_PRECISION_MET,descriptive_empirical_resampling_not_population_coverage,0,proportion,200000,False,observations,VAS_observation_summary.json,0.0,0.0232558139534883,,,,,,,,,,,,,,,,,,,,,,,,,,,,,,,,,,
0.0,200000,0.0232558139534883,0.0002272727272727,0.0093023255813953,cumulative_E_marker_minute9,MC_PRECISION_MET,descriptive_empirical_resampling_not_population_coverage,0,proportion,200000,False,observations,VAS_observation_summary.json,0.0,0.0232558139534883,,,,,,,,,,,,,,,,,,,,,,,,,,,,,,,,,,
0.0,200000,0.0325581395348837,0.0002272727272727,0.013953488372093,cumulative_E_marker_minute10,MC_PRECISION_MET,descriptive_empirical_resampling_not_population_coverage,0,proportion,200000,False,observations,VAS_observation_summary.json,0.0,0.0325581395348837,,,,,,,,,,,,,,,,,,,,,,,,,,,,,,,,,,
0.0,200000,0.0697674418604651,0.0002272727272727,0.0697674418604651,cumulative_E_marker_minute11,MC_PRECISION_MET,descriptive_empirical_resampling_not_population_coverage,0,proportion,200000,False,observations,VAS_observation_summary.json,0.0372093023255813,0.1069767441860465,,,,,,,,,,,,,,,,,,,,,,,,,,,,,,,,,,
0.0,200000,0.0697674418604651,0.0002272727272727,0.0744186046511627,cumulative_E_marker_minute12,MC_PRECISION_MET,descriptive_empirical_resampling_not_population_coverage,0,proportion,200000,False,observations,VAS_observation_summary.json,0.041860465116279,0.1116279069767441,,,,,,,,,,,,,,,,,,,,,,,,,,,,,,,,,,
0.0,200000,0.0790697674418604,0.0002272727272727,0.1023255813953488,cumulative_E_marker_minute13,MC_PRECISION_MET,descriptive_empirical_resampling_not_population_coverage,0,proportion,200000,False,observations,VAS_observation_summary.json,0.0651162790697674,0.1441860465116279,,,,,,,,,,,,,,,,,,,,,,,,,,,,,,,,,,
0.0046511627906976,200000,0.0930232558139535,0.0002272727272727,0.1441860465116279,cumulative_E_marker_minute14,MC_PRECISION_INSUFFICIENT,descriptive_empirical_resampling_not_population_coverage,0,proportion,200000,False,observations,VAS_observation_summary.json,0.0976744186046511,0.1906976744186046,,,,,,,,,,,,,,,,,,,,,,,,,,,,,,,,,,
0.0046511627906976,200000,0.1023255813953488,0.0002272727272727,0.1860465116279069,cumulative_E_marker_minute15,MC_PRECISION_INSUFFICIENT,descriptive_empirical_resampling_not_population_coverage,0,proportion,200000,False,observations,VAS_observation_summary.json,0.1348837209302325,0.2372093023255814,,,,,,,,,,,,,,,,,,,,,,,,,,,,,,,,,,
0.0,200000,0.1302325581395348,0.0002272727272727,0.386046511627907,cumulative_E_marker_minute16,MC_PRECISION_MET,descriptive_empirical_resampling_not_population_coverage,0,proportion,200000,False,observations,VAS_observation_summary.json,0.3209302325581395,0.4511627906976744,,,,,,,,,,,,,,,,,,,,,,,,,,,,,,,,,,
0.0,200000,0.1302325581395348,0.0002272727272727,0.5767441860465117,cumulative_E_marker_minute17,MC_PRECISION_MET,descriptive_empirical_resampling_not_population_coverage,0,proportion,200000,False,observations,VAS_observation_summary.json,0.5116279069767442,0.641860465116279,,,,,,,,,,,,,,,,,,,,,,,,,,,,,,,,,,
0.0046511627906976,200000,0.1302325581395349,0.0002272727272727,0.6372093023255814,cumulative_E_marker_minute18,MC_PRECISION_INSUFFICIENT,descriptive_empirical_resampling_not_population_coverage,0,proportion,200000,False,observations,VAS_observation_summary.json,0.5720930232558139,0.7023255813953488,,,,,,,,,,,,,,,,,,,,,,,,,,,,,,,,,,
0.0046511627906976,200000,0.1209302325581395,0.0002272727272727,0.6837209302325581,cumulative_E_marker_minute19,MC_PRECISION_INSUFFICIENT,descriptive_empirical_resampling_not_population_coverage,0,proportion,200000,False,observations,VAS_observation_summary.json,0.6232558139534884,0.7441860465116279,,,,,,,,,,,,,,,,,,,,,,,,,,,,,,,,,,
0.0046511627906976,200000,0.1209302325581395,0.0002272727272727,0.6976744186046512,cumulative_E_marker_minute20,MC_PRECISION_INSUFFICIENT,descriptive_empirical_resampling_not_population_coverage,0,proportion,200000,False,observations,VAS_observation_summary.json,0.6372093023255814,0.7581395348837209,,,,,,,,,,,,,,,,,,,,,,,,,,,,,,,,,,
0.0,200000,0.0,0.0002272727272727,0.0,cumulative_T_marker_minute1,MC_PRECISION_MET,descriptive_empirical_resampling_not_population_coverage,0,proportion,200000,True,observations,VAS_observation_summary.json,0.0,0.0,,,,,,,,,,,,,,,,,,,,,,,,,,,,,,,,,,
0.0,200000,0.013953488372093,0.0002272727272727,0.0046511627906976,cumulative_T_marker_minute2,MC_PRECISION_MET,descriptive_empirical_resampling_not_population_coverage,0,proportion,200000,False,observations,VAS_observation_summary.json,0.0,0.013953488372093,,,,,,,,,,,,,,,,,,,,,,,,,,,,,,,,,,
0.0,200000,0.013953488372093,0.0002272727272727,0.0046511627906976,cumulative_T_marker_minute3,MC_PRECISION_MET,descriptive_empirical_resampling_not_population_coverage,0,proportion,200000,False,observations,VAS_observation_summary.json,0.0,0.013953488372093,,,,,,,,,,,,,,,,,,,,,,,,,,,,,,,,,,
0.0,200000,0.0232558139534883,0.0002272727272727,0.0093023255813953,cumulative_T_marker_minute4,MC_PRECISION_MET,descriptive_empirical_resampling_not_population_coverage,0,proportion,200000,False,observations,VAS_observation_summary.json,0.0,0.0232558139534883,,,,,,,,,,,,,,,,,,,,,,,,,,,,,,,,,,
0.0,200000,0.0325581395348837,0.0002272727272727,0.013953488372093,cumulative_T_marker_minute5,MC_PRECISION_MET,descriptive_empirical_resampling_not_population_coverage,0,proportion,200000,False,observations,VAS_observation_summary.json,0.0,0.0325581395348837,,,,,,,,,,,,,,,,,,,,,,,,,,,,,,,,,,
0.0,200000,0.0325581395348837,0.0002272727272727,0.013953488372093,cumulative_T_marker_minute6,MC_PRECISION_MET,descriptive_empirical_resampling_not_population_coverage,0,proportion,200000,False,observations,VAS_observation_summary.json,0.0,0.0325581395348837,,,,,,,,,,,,,,,,,,,,,,,,,,,,,,,,,,
0.0,200000,0.0325581395348837,0.0002272727272727,0.013953488372093,cumulative_T_marker_minute7,MC_PRECISION_MET,descriptive_empirical_resampling_not_population_coverage,0,proportion,200000,False,observations,VAS_observation_summary.json,0.0,0.0325581395348837,,,,,,,,,,,,,,,,,,,,,,,,,,,,,,,,,,
0.0,200000,0.0325581395348837,0.0002272727272727,0.013953488372093,cumulative_T_marker_minute8,MC_PRECISION_MET,descriptive_empirical_resampling_not_population_coverage,0,proportion,200000,False,observations,VAS_observation_summary.json,0.0,0.0325581395348837,,,,,,,,,,,,,,,,,,,,,,,,,,,,,,,,,,
0.0,200000,0.041860465116279,0.0002272727272727,0.0232558139534883,cumulative_T_marker_minute9,MC_PRECISION_MET,descriptive_empirical_resampling_not_population_coverage,0,proportion,200000,False,observations,VAS_observation_summary.json,0.0046511627906976,0.0465116279069767,,,,,,,,,,,,,,,,,,,,,,,,,,,,,,,,,,
0.0,200000,0.041860465116279,0.0002272727272727,0.027906976744186,cumulative_T_marker_minute10,MC_PRECISION_MET,descriptive_empirical_resampling_not_population_coverage,0,proportion,200000,False,observations,VAS_observation_summary.json,0.0093023255813953,0.0511627906976744,,,,,,,,,,,,,,,,,,,,,,,,,,,,,,,,,,
0.0,200000,0.041860465116279,0.0002272727272727,0.027906976744186,cumulative_T_marker_minute11,MC_PRECISION_MET,descriptive_empirical_resampling_not_population_coverage,0,proportion,200000,False,observations,VAS_observation_summary.json,0.0093023255813953,0.0511627906976744,,,,,,,,,,,,,,,,,,,,,,,,,,,,,,,,,,
0.0,200000,0.041860465116279,0.0002272727272727,0.027906976744186,cumulative_T_marker_minute12,MC_PRECISION_MET,descriptive_empirical_resampling_not_population_coverage,0,proportion,200000,False,observations,VAS_observation_summary.json,0.0093023255813953,0.0511627906976744,,,,,,,,,,,,,,,,,,,,,,,,,,,,,,,,,,
0.0,200000,0.041860465116279,0.0002272727272727,0.027906976744186,cumulative_T_marker_minute13,MC_PRECISION_MET,descriptive_empirical_resampling_not_population_coverage,0,proportion,200000,False,observations,VAS_observation_summary.json,0.0093023255813953,0.0511627906976744,,,,,,,,,,,,,,,,,,,,,,,,,,,,,,,,,,
0.0046511627906976,200000,0.0465116279069767,0.0002272727272727,0.0325581395348837,cumulative_T_marker_minute14,MC_PRECISION_INSUFFICIENT,descriptive_empirical_resampling_not_population_coverage,0,proportion,200000,False,observations,VAS_observation_summary.json,0.0093023255813953,0.055813953488372,,,,,,,,,,,,,,,,,,,,,,,,,,,,,,,,,,
0.0046511627906976,200000,0.0465116279069767,0.0002272727272727,0.0325581395348837,cumulative_T_marker_minute15,MC_PRECISION_INSUFFICIENT,descriptive_empirical_resampling_not_population_coverage,0,proportion,200000,False,observations,VAS_observation_summary.json,0.0093023255813953,0.055813953488372,,,,,,,,,,,,,,,,,,,,,,,,,,,,,,,,,,
0.0,200000,0.0511627906976744,0.0002272727272727,0.0372093023255813,cumulative_T_marker_minute16,MC_PRECISION_MET,descriptive_empirical_resampling_not_population_coverage,0,proportion,200000,False,observations,VAS_observation_summary.json,0.013953488372093,0.0651162790697674,,,,,,,,,,,,,,,,,,,,,,,,,,,,,,,,,,
0.0,200000,0.0511627906976744,0.0002272727272727,0.041860465116279,cumulative_T_marker_minute17,MC_PRECISION_MET,descriptive_empirical_resampling_not_population_coverage,0,proportion,200000,False,observations,VAS_observation_summary.json,0.0186046511627906,0.0697674418604651,,,,,,,,,,,,,,,,,,,,,,,,,,,,,,,,,,
0.0,200000,0.0511627906976744,0.0002272727272727,0.041860465116279,cumulative_T_marker_minute18,MC_PRECISION_MET,descriptive_empirical_resampling_not_population_coverage,0,proportion,200000,False,observations,VAS_observation_summary.json,0.0186046511627906,0.0697674418604651,,,,,,,,,,,,,,,,,,,,,,,,,,,,,,,,,,
0.0,200000,0.0511627906976744,0.0002272727272727,0.041860465116279,cumulative_T_marker_minute19,MC_PRECISION_MET,descriptive_empirical_resampling_not_population_coverage,0,proportion,200000,False,observations,VAS_observation_summary.json,0.0186046511627906,0.0697674418604651,,,,,,,,,,,,,,,,,,,,,,,,,,,,,,,,,,
0.0,200000,0.0511627906976744,0.0002272727272727,0.041860465116279,cumulative_T_marker_minute20,MC_PRECISION_MET,descriptive_empirical_resampling_not_population_coverage,0,proportion,200000,False,observations,VAS_observation_summary.json,0.0186046511627906,0.0697674418604651,,,,,,,,,,,,,,,,,,,,,,,,,,,,,,,,,,
0.053224279421163,5000,0.5144019939503846,0.0001420454545454,,legacy_ARI,MC_PRECISION_INSUFFICIENT,descriptive_empirical_resampling_not_population_coverage,0,,5000,False,python_remaining,cluster_summary.json,0.4855980060496154,1.0,0.005,C10_raw_euclidean_kmeans_k2,0.0,0.0,0.4855980060496154,1.0,0.0,descriptive_range,91.0,61.0,,,,,,,,,,,,,,,,,,,,,,,,
0.044528250007111,5000,0.5278195488721804,0.0001420454545454,,OOB_ARI,MC_PRECISION_INSUFFICIENT,descriptive_empirical_resampling_not_population_coverage,0,,5000,False,python_remaining,cluster_summary.json,0.4721804511278195,1.0,0.005,C10_raw_euclidean_kmeans_k2,0.0,0.0,0.4721804511278195,1.0,0.0,descriptive_range,91.0,61.0,,,,,,,,,,,,,,,,,,,,,,,,
0.0322922431401748,5000,0.2753748125937032,0.0001420454545454,,legacy_matched_mean_Jaccard,MC_PRECISION_INSUFFICIENT,descriptive_empirical_resampling_not_population_coverage,0,,5000,False,python_remaining,cluster_summary.json,0.7246251874062968,1.0,0.002,C10_raw_euclidean_kmeans_k2,0.0,0.0,0.7246251874062968,1.0,0.0,descriptive_range,91.0,61.0,,,,,,,,,,,,,,,,,,,,,,,,
0.0238643639265297,5000,0.3507775327732706,0.0001420454545454,,legacy_ARI,MC_PRECISION_INSUFFICIENT,descriptive_empirical_resampling_not_population_coverage,0,,5000,False,python_remaining,cluster_summary.json,0.6492224672267294,1.0,0.005,C10_raw_euclidean_kmeans_k3,0.0,0.0,0.6492224672267294,1.0,0.0,descriptive_range,91.0,61.0,,,,,,,,,,,,,,,,,,,,,,,,
0.0388339049167099,5000,0.3633071184039542,0.0001420454545454,,OOB_ARI,MC_PRECISION_INSUFFICIENT,descriptive_empirical_resampling_not_population_coverage,0,,5000,False,python_remaining,cluster_summary.json,0.6366928815960458,1.0,0.005,C10_raw_euclidean_kmeans_k3,0.0,0.0,0.6366928815960458,1.0,0.0,descriptive_range,91.0,61.0,,,,,,,,,,,,,,,,,,,,,,,,
0.0224625751205999,5000,0.2848593603722368,0.0001420454545454,,legacy_matched_mean_Jaccard,MC_PRECISION_INSUFFICIENT,descriptive_empirical_resampling_not_population_coverage,0,,5000,False,python_remaining,cluster_summary.json,0.7151406396277632,1.0,0.002,C10_raw_euclidean_kmeans_k3,0.0,0.0,0.7151406396277632,1.0,0.0,descriptive_range,91.0,61.0,,,,,,,,,,,,,,,,,,,,,,,,
0.0176132709903695,5000,0.5114169848753878,0.0001420454545454,,legacy_ARI,MC_PRECISION_INSUFFICIENT,descriptive_empirical_resampling_not_population_coverage,0,,5000,False,python_remaining,cluster_summary.json,0.4737494401972051,0.9851664250725928,0.005,C10_raw_euclidean_kmeans_k4,0.0,0.0,0.4737494401972051,0.9851664250725928,0.0,descriptive_range,91.0,61.0,,,,,,,,,,,,,,,,,,,,,,,,
0.0202570224820782,5000,0.5517465622160302,0.0001420454545454,,OOB_ARI,MC_PRECISION_INSUFFICIENT,descriptive_empirical_resampling_not_population_coverage,0,,5000,False,python_remaining,cluster_summary.json,0.4482534377839698,1.0,0.005,C10_raw_euclidean_kmeans_k4,0.0,0.0,0.4482534377839698,1.0,0.0,descriptive_range,91.0,61.0,,,,,,,,,,,,,,,,,,,,,,,,
0.0106682120956678,5000,0.545944499116141,0.0001420454545454,,legacy_matched_mean_Jaccard,MC_PRECISION_INSUFFICIENT,descriptive_empirical_resampling_not_population_coverage,0,,5000,False,python_remaining,cluster_summary.json,0.4450811419095001,0.9910256410256412,0.002,C10_raw_euclidean_kmeans_k4,0.0,0.0,0.4450811419095001,0.9910256410256412,0.0,descriptive_range,91.0,61.0,,,,,,,,,,,,,,,,,,,,,,,,
0.0143726558094078,5000,0.4610631751682328,0.0001420454545454,,legacy_ARI,MC_PRECISION_INSUFFICIENT,descriptive_empirical_resampling_not_population_coverage,0,,5000,False,python_remaining,cluster_summary.json,0.4265292468537465,0.8875924220219794,0.005,C10_raw_euclidean_kmeans_k5,0.0,0.0,0.4265292468537465,0.8875924220219794,0.0,descriptive_range,91.0,61.0,,,,,,,,,,,,,,,,,,,,,,,,
0.0185148443370031,5000,0.5059540457124925,0.0001420454545454,,OOB_ARI,MC_PRECISION_INSUFFICIENT,descriptive_empirical_resampling_not_population_coverage,0,,5000,False,python_remaining,cluster_summary.json,0.3846519983417525,0.8906060440542449,0.005,C10_raw_euclidean_kmeans_k5,0.0,0.0,0.3846519983417525,0.8906060440542449,0.0,descriptive_range,91.0,61.0,,,,,,,,,,,,,,,,,,,,,,,,
0.0213299806265256,5000,0.4482769563472922,0.0001420454545454,,legacy_matched_mean_Jaccard,MC_PRECISION_INSUFFICIENT,descriptive_empirical_resampling_not_population_coverage,0,,5000,False,python_remaining,cluster_summary.json,0.454945649347272,0.9032226056945644,0.002,C10_raw_euclidean_kmeans_k5,0.0,0.0,0.454945649347272,0.9032226056945644,0.0,descriptive_range,91.0,61.0,,,,,,,,,,,,,,,,,,,,,,,,
0.0476867475159266,5000,0.9200508195423124,0.0001420454545454,,legacy_ARI,MC_PRECISION_INSUFFICIENT,descriptive_empirical_resampling_not_population_coverage,0,,5000,False,python_remaining,cluster_summary.json,0.0799491804576877,1.0,0.005,C10_raw_dtw_pam_k2,0.0,0.0,0.0799491804576877,1.0,0.0,descriptive_range,91.0,61.0,,,,,,,,,,,,,,,,,,,,,,,,
0.0363705786868145,5000,0.9376703509190591,0.0001420454545454,,OOB_ARI,MC_PRECISION_INSUFFICIENT,descriptive_empirical_resampling_not_population_coverage,0,,5000,False,python_remaining,cluster_summary.json,0.0623296490809408,1.0,0.005,C10_raw_dtw_pam_k2,0.0,0.0,0.0623296490809408,1.0,0.0,descriptive_range,91.0,61.0,,,,,,,,,,,,,,,,,,,,,,,,
0.0548726811226811,5000,0.5401058201058201,0.0001420454545454,,legacy_matched_mean_Jaccard,MC_PRECISION_INSUFFICIENT,descriptive_empirical_resampling_not_population_coverage,0,,5000,False,python_remaining,cluster_summary.json,0.4598941798941799,1.0,0.002,C10_raw_dtw_pam_k2,0.0,0.0,0.4598941798941799,1.0,0.0,descriptive_range,91.0,61.0,,,,,,,,,,,,,,,,,,,,,,,,
0.0303512145930446,5000,0.7179561442909361,0.0001420454545454,,legacy_ARI,MC_PRECISION_INSUFFICIENT,descriptive_empirical_resampling_not_population_coverage,0,,5000,False,python_remaining,cluster_summary.json,0.167510601913689,0.8854667462046251,0.005,C10_raw_dtw_pam_k3,0.0,0.0,0.167510601913689,0.8854667462046251,0.0,descriptive_range,91.0,61.0,,,,,,,,,,,,,,,,,,,,,,,,
0.0255131599972935,5000,0.7551186010402835,0.0001420454545454,,OOB_ARI,MC_PRECISION_INSUFFICIENT,descriptive_empirical_resampling_not_population_coverage,0,,5000,False,python_remaining,cluster_summary.json,0.1497460559554649,0.9048646569957484,0.005,C10_raw_dtw_pam_k3,0.0,0.0,0.1497460559554649,0.9048646569957484,0.0,descriptive_range,91.0,61.0,,,,,,,,,,,,,,,,,,,,,,,,
0.0197345838335751,5000,0.5523018839059357,0.0001420454545454,,legacy_matched_mean_Jaccard,MC_PRECISION_INSUFFICIENT,descriptive_empirical_resampling_not_population_coverage,0,,5000,False,python_remaining,cluster_summary.json,0.3798627502404056,0.9321646341463414,0.002,C10_raw_dtw_pam_k3,0.0,0.0,0.3798627502404056,0.9321646341463414,0.0,descriptive_range,91.0,61.0,,,,,,,,,,,,,,,,,,,,,,,,
0.0393456574360054,5000,0.5697779625461322,0.0001420454545454,,legacy_ARI,MC_PRECISION_INSUFFICIENT,descriptive_empirical_resampling_not_population_coverage,0,,5000,False,python_remaining,cluster_summary.json,0.3109402221722092,0.8807181847183414,0.005,C10_raw_dtw_pam_k4,0.0,0.0,0.3109402221722092,0.8807181847183414,0.0,descriptive_range,91.0,61.0,,,,,,,,,,,,,,,,,,,,,,,,
0.0260418465232175,5000,0.6042616593716892,0.0001420454545454,,OOB_ARI,MC_PRECISION_INSUFFICIENT,descriptive_empirical_resampling_not_population_coverage,0,,5000,False,python_remaining,cluster_summary.json,0.2821414218525401,0.8864030812242293,0.005,C10_raw_dtw_pam_k4,0.0,0.0,0.2821414218525401,0.8864030812242293,0.0,descriptive_range,91.0,61.0,,,,,,,,,,,,,,,,,,,,,,,,
0.0333592179876857,5000,0.4678291411274193,0.0001420454545454,,legacy_matched_mean_Jaccard,MC_PRECISION_INSUFFICIENT,descriptive_empirical_resampling_not_population_coverage,0,,5000,False,python_remaining,cluster_summary.json,0.4262279270340578,0.8940570681614771,0.002,C10_raw_dtw_pam_k4,0.0,0.0,0.4262279270340578,0.8940570681614771,0.0,descriptive_range,91.0,61.0,,,,,,,,,,,,,,,,,,,,,,,,
0.0246768484018259,5000,0.4367825474730403,0.0001420454545454,,legacy_ARI,MC_PRECISION_INSUFFICIENT,descriptive_empirical_resampling_not_population_coverage,0,,5000,False,python_remaining,cluster_summary.json,0.3442112066752244,0.7809937541482648,0.005,C10_raw_dtw_pam_k5,0.0,0.0,0.3442112066752244,0.7809937541482648,0.0,descriptive_range,91.0,61.0,,,,,,,,,,,,,,,,,,,,,,,,
0.0247855948596296,5000,0.4887481573136572,0.0001420454545454,,OOB_ARI,MC_PRECISION_INSUFFICIENT,descriptive_empirical_resampling_not_population_coverage,0,,5000,False,python_remaining,cluster_summary.json,0.3005848909975868,0.7893330483112441,0.005,C10_raw_dtw_pam_k5,0.0,0.0,0.3005848909975868,0.7893330483112441,0.0,descriptive_range,91.0,61.0,,,,,,,,,,,,,,,,,,,,,,,,
0.0249701520138569,5000,0.406183745560616,0.0001420454545454,,legacy_matched_mean_Jaccard,MC_PRECISION_INSUFFICIENT,descriptive_empirical_resampling_not_population_coverage,0,,5000,False,python_remaining,cluster_summary.json,0.3909648115696819,0.7971485571302979,0.002,C10_raw_dtw_pam_k5,0.0,0.0,0.3909648115696819,0.7971485571302979,0.0,descriptive_range,91.0,61.0,,,,,,,,,,,,,,,,,,,,,,,,
0.0329128391540977,5000,0.2714170638963936,0.0001420454545454,,legacy_ARI,MC_PRECISION_INSUFFICIENT,descriptive_empirical_resampling_not_population_coverage,0,,5000,False,python_remaining,cluster_summary.json,0.7285829361036064,1.0,0.005,C10_raw_fuzzy_cmeans_k2,0.0,0.0,0.7285829361036064,1.0,0.0,descriptive_range,91.0,61.0,,,,,,,,,,,,,,,,,,,,,,,,
0.0237672907832985,5000,0.3221511326301227,0.0001420454545454,,OOB_ARI,MC_PRECISION_INSUFFICIENT,descriptive_empirical_resampling_not_population_coverage,0,,5000,False,python_remaining,cluster_summary.json,0.6778488673698773,1.0,0.005,C10_raw_fuzzy_cmeans_k2,0.0,0.0,0.6778488673698773,1.0,0.0,descriptive_range,91.0,61.0,,,,,,,,,,,,,,,,,,,,,,,,
0.0140718769400565,5000,0.1384711779448622,0.0001420454545454,,legacy_matched_mean_Jaccard,MC_PRECISION_INSUFFICIENT,descriptive_empirical_resampling_not_population_coverage,0,,5000,False,python_remaining,cluster_summary.json,0.8615288220551378,1.0,0.002,C10_raw_fuzzy_cmeans_k2,0.0,0.0,0.8615288220551378,1.0,0.0,descriptive_range,91.0,61.0,,,,,,,,,,,,,,,,,,,,,,,,
0.0022806507691298,5000,0.0460404479490485,0.0001420454545454,,entropy_all,MC_PRECISION_INSUFFICIENT,descriptive_empirical_resampling_not_population_coverage,0,,5000,False,python_remaining,cluster_summary.json,0.48156375278691,0.5276042007359586,0.002,C10_raw_fuzzy_cmeans_k2,0.0,0.0,0.48156375278691,0.5276042007359586,0.0,descriptive_range,91.0,61.0,,,,,,,,,,,,,,,,,,,,,,,,
0.0026149523550257,5000,0.0564069789359507,0.0001420454545454,,entropy_OOB,MC_PRECISION_INSUFFICIENT,descriptive_empirical_resampling_not_population_coverage,0,,5000,False,python_remaining,cluster_summary.json,0.4795507324084119,0.5359577113443627,0.002,C10_raw_fuzzy_cmeans_k2,0.0,0.0,0.4795507324084119,0.5359577113443627,0.0,descriptive_range,91.0,61.0,,,,,,,,,,,,,,,,,,,,,,,,
0.0177921687505029,5000,0.2912321467557318,0.0001420454545454,,legacy_ARI,MC_PRECISION_INSUFFICIENT,descriptive_empirical_resampling_not_population_coverage,0,,5000,False,python_remaining,cluster_summary.json,0.6832340947385578,0.9744662414942896,0.005,C10_raw_fuzzy_cmeans_k3,0.0,0.0,0.6832340947385578,0.9744662414942896,0.0,descriptive_range,91.0,61.0,,,,,,,,,,,,,,,,,,,,,,,,
0.0252840591259606,5000,0.3494864556150924,0.0001420454545454,,OOB_ARI,MC_PRECISION_INSUFFICIENT,descriptive_empirical_resampling_not_population_coverage,0,,5000,False,python_remaining,cluster_summary.json,0.6505135443849076,1.0,0.005,C10_raw_fuzzy_cmeans_k3,0.0,0.0,0.6505135443849076,1.0,0.0,descriptive_range,91.0,61.0,,,,,,,,,,,,,,,,,,,,,,,,
0.0183308241848739,5000,0.2112753652083338,0.0001420454545454,,legacy_matched_mean_Jaccard,MC_PRECISION_INSUFFICIENT,descriptive_empirical_resampling_not_population_coverage,0,,5000,False,python_remaining,cluster_summary.json,0.7690000783024039,0.9802754435107376,0.002,C10_raw_fuzzy_cmeans_k3,0.0,0.0,0.7690000783024039,0.9802754435107376,0.0,descriptive_range,91.0,61.0,,,,,,,,,,,,,,,,,,,,,,,,
0.0027880562650294,5000,0.059230682239254,0.0001420454545454,,entropy_all,MC_PRECISION_INSUFFICIENT,descriptive_empirical_resampling_not_population_coverage,0,,5000,False,python_remaining,cluster_summary.json,0.7728481899615728,0.8320788722008269,0.002,C10_raw_fuzzy_cmeans_k3,0.0,0.0,0.7728481899615728,0.8320788722008269,0.0,descriptive_range,91.0,61.0,,,,,,,,,,,,,,,,,,,,,,,,
0.0036727383441316,5000,0.0805972991430288,0.0001420454545454,,entropy_OOB,MC_PRECISION_INSUFFICIENT,descriptive_empirical_resampling_not_population_coverage,0,,5000,False,python_remaining,cluster_summary.json,0.7732425792840164,0.8538398784270452,0.002,C10_raw_fuzzy_cmeans_k3,0.0,0.0,0.7732425792840164,0.8538398784270452,0.0,descriptive_range,91.0,61.0,,,,,,,,,,,,,,,,,,,,,,,,
0.0128529251054873,5000,0.5114309405217499,0.0001420454545454,,legacy_ARI,MC_PRECISION_INSUFFICIENT,descriptive_empirical_resampling_not_population_coverage,0,,5000,False,python_remaining,cluster_summary.json,0.3513371703460987,0.8627681108678487,0.005,C10_raw_fuzzy_cmeans_k4,0.0,0.0,0.3513371703460987,0.8627681108678487,0.0,descriptive_range,91.0,61.0,,,,,,,,,,,,,,,,,,,,,,,,
0.0152571921935925,5000,0.5882807242195438,0.0001420454545454,,OOB_ARI,MC_PRECISION_INSUFFICIENT,descriptive_empirical_resampling_not_population_coverage,0,,5000,False,python_remaining,cluster_summary.json,0.3014023087201702,0.8896830329397141,0.005,C10_raw_fuzzy_cmeans_k4,0.0,0.0,0.3014023087201702,0.8896830329397141,0.0,descriptive_range,91.0,61.0,,,,,,,,,,,,,,,,,,,,,,,,
0.0099838890986635,5000,0.4596372880258211,0.0001420454545454,,legacy_matched_mean_Jaccard,MC_PRECISION_INSUFFICIENT,descriptive_empirical_resampling_not_population_coverage,0,,5000,False,python_remaining,cluster_summary.json,0.4352246875215433,0.8948619755473645,0.002,C10_raw_fuzzy_cmeans_k4,0.0,0.0,0.4352246875215433,0.8948619755473645,0.0,descriptive_range,91.0,61.0,,,,,,,,,,,,,,,,,,,,,,,,
0.0056367176393858,5000,0.1068909807427503,0.0001420454545454,,entropy_all,MC_PRECISION_INSUFFICIENT,descriptive_empirical_resampling_not_population_coverage,0,,5000,False,python_remaining,cluster_summary.json,0.967441101333614,1.0743320820763644,0.002,C10_raw_fuzzy_cmeans_k4,0.0,0.0,0.967441101333614,1.0743320820763644,0.0,descriptive_range,91.0,61.0,,,,,,,,,,,,,,,,,,,,,,,,
0.0080606169416297,5000,0.1242141267501035,0.0001420454545454,,entropy_OOB,MC_PRECISION_INSUFFICIENT,descriptive_empirical_resampling_not_population_coverage,0,,5000,False,python_remaining,cluster_summary.json,0.9850035822513984,1.109217709001502,0.002,C10_raw_fuzzy_cmeans_k4,0.0,0.0,0.9850035822513984,1.109217709001502,0.0,descriptive_range,91.0,61.0,,,,,,,,,,,,,,,,,,,,,,,,
0.0113909766811926,5000,0.4539737782437735,0.0001420454545454,,legacy_ARI,MC_PRECISION_INSUFFICIENT,descriptive_empirical_resampling_not_population_coverage,0,,5000,False,python_remaining,cluster_summary.json,0.4059395349047418,0.8599133131485154,0.005,C10_raw_fuzzy_cmeans_k5,0.0,0.0,0.4059395349047418,0.8599133131485154,0.0,descriptive_range,91.0,61.0,,,,,,,,,,,,,,,,,,,,,,,,
0.0137011009460831,5000,0.5225472430581125,0.0001420454545454,,OOB_ARI,MC_PRECISION_INSUFFICIENT,descriptive_empirical_resampling_not_population_coverage,0,,5000,False,python_remaining,cluster_summary.json,0.3608730054068311,0.8834202484649436,0.005,C10_raw_fuzzy_cmeans_k5,0.0,0.0,0.3608730054068311,0.8834202484649436,0.0,descriptive_range,91.0,61.0,,,,,,,,,,,,,,,,,,,,,,,,
0.0112602855244937,5000,0.4152568099281536,0.0001420454545454,,legacy_matched_mean_Jaccard,MC_PRECISION_INSUFFICIENT,descriptive_empirical_resampling_not_population_coverage,0,,5000,False,python_remaining,cluster_summary.json,0.4725675651048785,0.8878243750330321,0.002,C10_raw_fuzzy_cmeans_k5,0.0,0.0,0.4725675651048785,0.8878243750330321,0.0,descriptive_range,91.0,61.0,,,,,,,,,,,,,,,,,,,,,,,,
0.0038565581845886,5000,0.1059319206633848,0.0001420454545454,,entropy_all,MC_PRECISION_INSUFFICIENT,descriptive_empirical_resampling_not_population_coverage,0,,5000,False,python_remaining,cluster_summary.json,1.1431071183736687,1.2490390390370536,0.002,C10_raw_fuzzy_cmeans_k5,0.0,0.0,1.1431071183736687,1.2490390390370536,0.0,descriptive_range,91.0,61.0,,,,,,,,,,,,,,,,,,,,,,,,
0.0045475411876891,5000,0.1297696136622337,0.0001420454545454,,entropy_OOB,MC_PRECISION_INSUFFICIENT,descriptive_empirical_resampling_not_population_coverage,0,,5000,False,python_remaining,cluster_summary.json,1.163418890307682,1.2931885039699156,0.002,C10_raw_fuzzy_cmeans_k5,0.0,0.0,1.163418890307682,1.2931885039699156,0.0,descriptive_range,91.0,61.0,,,,,,,,,,,,,,,,,,,,,,,,
0.011169050426498,5000,0.687237482471091,0.0001420454545454,,legacy_ARI,MC_PRECISION_INSUFFICIENT,descriptive_empirical_resampling_not_population_coverage,0,,5000,False,python_remaining,cluster_summary.json,0.3127625175289091,1.0,0.005,C10_within_person_centered_euclidean_kmeans_k2,0.0,0.0,0.3127625175289091,1.0,0.0,descriptive_range,91.0,61.0,,,,,,,,,,,,,,,,,,,,,,,,
0.0194827948453288,5000,0.7484134080649031,0.0001420454545454,,OOB_ARI,MC_PRECISION_INSUFFICIENT,descriptive_empirical_resampling_not_population_coverage,0,,5000,False,python_remaining,cluster_summary.json,0.2515865919350969,1.0,0.005,C10_within_person_centered_euclidean_kmeans_k2,0.0,0.0,0.2515865919350969,1.0,0.0,descriptive_range,91.0,61.0,,,,,,,,,,,,,,,,,,,,,,,,
0.0067172948291043,5000,0.3595301757066462,0.0001420454545454,,legacy_matched_mean_Jaccard,MC_PRECISION_INSUFFICIENT,descriptive_empirical_resampling_not_population_coverage,0,,5000,False,python_remaining,cluster_summary.json,0.6404698242933538,1.0,0.002,C10_within_person_centered_euclidean_kmeans_k2,0.0,0.0,0.6404698242933538,1.0,0.0,descriptive_range,91.0,61.0,,,,,,,,,,,,,,,,,,,,,,,,
0.0479397307231817,5000,0.5367136946498602,0.0001420454545454,,legacy_ARI,MC_PRECISION_INSUFFICIENT,descriptive_empirical_resampling_not_population_coverage,0,,5000,False,python_remaining,cluster_summary.json,0.4485468823988457,0.985260577048706,0.005,C10_within_person_centered_euclidean_kmeans_k3,0.0,0.0,0.4485468823988457,0.985260577048706,0.0,descriptive_range,91.0,61.0,,,,,,,,,,,,,,,,,,,,,,,,
0.0432664452531322,5000,0.5448528988916577,0.0001420454545454,,OOB_ARI,MC_PRECISION_INSUFFICIENT,descriptive_empirical_resampling_not_population_coverage,0,,5000,False,python_remaining,cluster_summary.json,0.4551471011083423,1.0,0.005,C10_within_person_centered_euclidean_kmeans_k3,0.0,0.0,0.4551471011083423,1.0,0.0,descriptive_range,91.0,61.0,,,,,,,,,,,,,,,,,,,,,,,,
0.0514340281250409,5000,0.359447461800924,0.0001420454545454,,legacy_matched_mean_Jaccard,MC_PRECISION_INSUFFICIENT,descriptive_empirical_resampling_not_population_coverage,0,,5000,False,python_remaining,cluster_summary.json,0.6304323610959767,0.9898798228969008,0.002,C10_within_person_centered_euclidean_kmeans_k3,0.0,0.0,0.6304323610959767,0.9898798228969008,0.0,descriptive_range,91.0,61.0,,,,,,,,,,,,,,,,,,,,,,,,
0.0156395074208395,5000,0.570228072070219,0.0001420454545454,,legacy_ARI,MC_PRECISION_INSUFFICIENT,descriptive_empirical_resampling_not_population_coverage,0,,5000,False,python_remaining,cluster_summary.json,0.3613965396299901,0.931624611700209,0.005,C10_within_person_centered_euclidean_kmeans_k4,0.0,0.0,0.3613965396299901,0.931624611700209,0.0,descriptive_range,91.0,61.0,,,,,,,,,,,,,,,,,,,,,,,,
0.0238670544254355,5000,0.6017743603523749,0.0001420454545454,,OOB_ARI,MC_PRECISION_INSUFFICIENT,descriptive_empirical_resampling_not_population_coverage,0,,5000,False,python_remaining,cluster_summary.json,0.3304098670301485,0.9321842273825234,0.005,C10_within_person_centered_euclidean_kmeans_k4,0.0,0.0,0.3304098670301485,0.9321842273825234,0.0,descriptive_range,91.0,61.0,,,,,,,,,,,,,,,,,,,,,,,,
0.0093777700839529,5000,0.5269717060242762,0.0001420454545454,,legacy_matched_mean_Jaccard,MC_PRECISION_INSUFFICIENT,descriptive_empirical_resampling_not_population_coverage,0,,5000,False,python_remaining,cluster_summary.json,0.4258245287487026,0.9527962347729788,0.002,C10_within_person_centered_euclidean_kmeans_k4,0.0,0.0,0.4258245287487026,0.9527962347729788,0.0,descriptive_range,91.0,61.0,,,,,,,,,,,,,,,,,,,,,,,,
0.0119799417255062,5000,0.646619389105441,0.0001420454545454,,legacy_ARI,MC_PRECISION_INSUFFICIENT,descriptive_empirical_resampling_not_population_coverage,0,,5000,False,python_remaining,cluster_summary.json,0.3061312989002658,0.952750688005707,0.005,C10_within_person_centered_euclidean_kmeans_k5,0.0,0.0,0.3061312989002658,0.952750688005707,0.0,descriptive_range,91.0,61.0,,,,,,,,,,,,,,,,,,,,,,,,
0.01181984147258,5000,0.6832078315514503,0.0001420454545454,,OOB_ARI,MC_PRECISION_INSUFFICIENT,descriptive_empirical_resampling_not_population_coverage,0,,5000,False,python_remaining,cluster_summary.json,0.2799884668258874,0.9631962983773376,0.005,C10_within_person_centered_euclidean_kmeans_k5,0.0,0.0,0.2799884668258874,0.9631962983773376,0.0,descriptive_range,91.0,61.0,,,,,,,,,,,,,,,,,,,,,,,,
0.0137591881246366,5000,0.6022040081870509,0.0001420454545454,,legacy_matched_mean_Jaccard,MC_PRECISION_INSUFFICIENT,descriptive_empirical_resampling_not_population_coverage,0,,5000,False,python_remaining,cluster_summary.json,0.3494346387203529,0.951638646907404,0.002,C10_within_person_centered_euclidean_kmeans_k5,0.0,0.0,0.3494346387203529,0.951638646907404,0.0,descriptive_range,91.0,61.0,,,,,,,,,,,,,,,,,,,,,,,,
0.0116816612153207,5000,0.9584435439800258,0.0001420454545454,,legacy_ARI,MC_PRECISION_INSUFFICIENT,descriptive_empirical_resampling_not_population_coverage,0,,5000,False,python_remaining,cluster_summary.json,0.0415564560199741,1.0,0.005,C10_within_person_centered_dtw_pam_k2,0.0,0.0,0.0415564560199741,1.0,0.0,descriptive_range,91.0,61.0,,,,,,,,,,,,,,,,,,,,,,,,
0.0159047634528221,5000,0.9856250173018218,0.0001420454545454,,OOB_ARI,MC_PRECISION_INSUFFICIENT,descriptive_empirical_resampling_not_population_coverage,0,,5000,False,python_remaining,cluster_summary.json,0.0143749826981782,1.0,0.005,C10_within_person_centered_dtw_pam_k2,0.0,0.0,0.0143749826981782,1.0,0.0,descriptive_range,91.0,61.0,,,,,,,,,,,,,,,,,,,,,,,,
0.0102615694164989,5000,0.5492957746478873,0.0001420454545454,,legacy_matched_mean_Jaccard,MC_PRECISION_INSUFFICIENT,descriptive_empirical_resampling_not_population_coverage,0,,5000,False,python_remaining,cluster_summary.json,0.4507042253521127,1.0,0.002,C10_within_person_centered_dtw_pam_k2,0.0,0.0,0.4507042253521127,1.0,0.0,descriptive_range,91.0,61.0,,,,,,,,,,,,,,,,,,,,,,,,
0.0356203278047481,5000,0.6346864419180605,0.0001420454545454,,legacy_ARI,MC_PRECISION_INSUFFICIENT,descriptive_empirical_resampling_not_population_coverage,0,,5000,False,python_remaining,cluster_summary.json,0.3081112148822225,0.942797656800283,0.005,C10_within_person_centered_dtw_pam_k3,0.0,0.0,0.3081112148822225,0.942797656800283,0.0,descriptive_range,91.0,61.0,,,,,,,,,,,,,,,,,,,,,,,,
0.042029798505588,5000,0.6905926892272862,0.0001420454545454,,OOB_ARI,MC_PRECISION_INSUFFICIENT,descriptive_empirical_resampling_not_population_coverage,0,,5000,False,python_remaining,cluster_summary.json,0.2673775122671257,0.957970201494412,0.005,C10_within_person_centered_dtw_pam_k3,0.0,0.0,0.2673775122671257,0.957970201494412,0.0,descriptive_range,91.0,61.0,,,,,,,,,,,,,,,,,,,,,,,,
0.0148495760282504,5000,0.5640034859835241,0.0001420454545454,,legacy_matched_mean_Jaccard,MC_PRECISION_INSUFFICIENT,descriptive_empirical_resampling_not_population_coverage,0,,5000,False,python_remaining,cluster_summary.json,0.3961872666600587,0.9601907526435828,0.002,C10_within_person_centered_dtw_pam_k3,0.0,0.0,0.3961872666600587,0.9601907526435828,0.0,descriptive_range,91.0,61.0,,,,,,,,,,,,,,,,,,,,,,,,
0.0431044267517625,5000,0.5528843788569359,0.0001420454545454,,legacy_ARI,MC_PRECISION_INSUFFICIENT,descriptive_empirical_resampling_not_population_coverage,0,,5000,False,python_remaining,cluster_summary.json,0.2581176520840466,0.8110020309409824,0.005,C10_within_person_centered_dtw_pam_k4,0.0,0.0,0.2581176520840466,0.8110020309409824,0.0,descriptive_range,91.0,61.0,,,,,,,,,,,,,,,,,,,,,,,,
0.0346540339903429,5000,0.587444869570922,0.0001420454545454,,OOB_ARI,MC_PRECISION_INSUFFICIENT,descriptive_empirical_resampling_not_population_coverage,0,,5000,False,python_remaining,cluster_summary.json,0.2445958668176404,0.8320407363885625,0.005,C10_within_person_centered_dtw_pam_k4,0.0,0.0,0.2445958668176404,0.8320407363885625,0.0,descriptive_range,91.0,61.0,,,,,,,,,,,,,,,,,,,,,,,,
0.0254443156113357,5000,0.5149211977538399,0.0001420454545454,,legacy_matched_mean_Jaccard,MC_PRECISION_INSUFFICIENT,descriptive_empirical_resampling_not_population_coverage,0,,5000,False,python_remaining,cluster_summary.json,0.3492571480549407,0.8641783458087806,0.002,C10_within_person_centered_dtw_pam_k4,0.0,0.0,0.3492571480549407,0.8641783458087806,0.0,descriptive_range,91.0,61.0,,,,,,,,,,,,,,,,,,,,,,,,
0.0260156927520497,5000,0.5155146426125299,0.0001420454545454,,legacy_ARI,MC_PRECISION_INSUFFICIENT,descriptive_empirical_resampling_not_population_coverage,0,,5000,False,python_remaining,cluster_summary.json,0.3271833494132777,0.8426979920258076,0.005,C10_within_person_centered_dtw_pam_k5,0.0,0.0,0.3271833494132777,0.8426979920258076,0.0,descriptive_range,91.0,61.0,,,,,,,,,,,,,,,,,,,,,,,,
0.0250193950079431,5000,0.5539934321279079,0.0001420454545454,,OOB_ARI,MC_PRECISION_INSUFFICIENT,descriptive_empirical_resampling_not_population_coverage,0,,5000,False,python_remaining,cluster_summary.json,0.2943381125228623,0.8483315446507702,0.005,C10_within_person_centered_dtw_pam_k5,0.0,0.0,0.2943381125228623,0.8483315446507702,0.0,descriptive_range,91.0,61.0,,,,,,,,,,,,,,,,,,,,,,,,
0.0267484055065566,5000,0.4588936178984108,0.0001420454545454,,legacy_matched_mean_Jaccard,MC_PRECISION_INSUFFICIENT,descriptive_empirical_resampling_not_population_coverage,0,,5000,False,python_remaining,cluster_summary.json,0.3612183478621835,0.8201119657605943,0.002,C10_within_person_centered_dtw_pam_k5,0.0,0.0,0.3612183478621835,0.8201119657605943,0.0,descriptive_range,91.0,61.0,,,,,,,,,,,,,,,,,,,,,,,,
0.0276871236023244,5000,0.5139643972669998,0.0001420454545454,,legacy_ARI,MC_PRECISION_INSUFFICIENT,descriptive_empirical_resampling_not_population_coverage,0,,5000,False,python_remaining,cluster_summary.json,0.4860356027330001,1.0,0.005,C10_within_person_centered_fuzzy_cmeans_k2,0.0,0.0,0.4860356027330001,1.0,0.0,descriptive_range,91.0,61.0,,,,,,,,,,,,,,,,,,,,,,,,
0.0406173351731913,5000,0.5214264604472465,0.0001420454545454,,OOB_ARI,MC_PRECISION_INSUFFICIENT,descriptive_empirical_resampling_not_population_coverage,0,,5000,False,python_remaining,cluster_summary.json,0.4785735395527534,1.0,0.005,C10_within_person_centered_fuzzy_cmeans_k2,0.0,0.0,0.4785735395527534,1.0,0.0,descriptive_range,91.0,61.0,,,,,,,,,,,,,,,,,,,,,,,,
0.0149534792433614,5000,0.2619811724433034,0.0001420454545454,,legacy_matched_mean_Jaccard,MC_PRECISION_INSUFFICIENT,descriptive_empirical_resampling_not_population_coverage,0,,5000,False,python_remaining,cluster_summary.json,0.7380188275566966,1.0,0.002,C10_within_person_centered_fuzzy_cmeans_k2,0.0,0.0,0.7380188275566966,1.0,0.0,descriptive_range,91.0,61.0,,,,,,,,,,,,,,,,,,,,,,,,
0.0020633897383083,5000,0.0369902702808782,0.0001420454545454,,entropy_all,MC_PRECISION_INSUFFICIENT,descriptive_empirical_resampling_not_population_coverage,0,,5000,False,python_remaining,cluster_summary.json,0.4664307666688062,0.5034210369496844,0.002,C10_within_person_centered_fuzzy_cmeans_k2,0.0,0.0,0.4664307666688062,0.5034210369496844,0.0,descriptive_range,91.0,61.0,,,,,,,,,,,,,,,,,,,,,,,,
0.0026319285873253,5000,0.0540415534227994,0.0001420454545454,,entropy_OOB,MC_PRECISION_INSUFFICIENT,descriptive_empirical_resampling_not_population_coverage,0,,5000,False,python_remaining,cluster_summary.json,0.4604800505189477,0.5145216039417472,0.002,C10_within_person_centered_fuzzy_cmeans_k2,0.0,0.0,0.4604800505189477,0.5145216039417472,0.0,descriptive_range,91.0,61.0,,,,,,,,,,,,,,,,,,,,,,,,
0.0192997023066877,5000,0.3039191281966729,0.0001420454545454,,legacy_ARI,MC_PRECISION_INSUFFICIENT,descriptive_empirical_resampling_not_population_coverage,0,,5000,False,python_remaining,cluster_summary.json,0.6521284844075106,0.9560476126041836,0.005,C10_within_person_centered_fuzzy_cmeans_k3,0.0,0.0,0.6521284844075106,0.9560476126041836,0.0,descriptive_range,91.0,61.0,,,,,,,,,,,,,,,,,,,,,,,,
0.0225928947194012,5000,0.3718563653060178,0.0001420454545454,,OOB_ARI,MC_PRECISION_INSUFFICIENT,descriptive_empirical_resampling_not_population_coverage,0,,5000,False,python_remaining,cluster_summary.json,0.6281436346939822,1.0,0.005,C10_within_person_centered_fuzzy_cmeans_k3,0.0,0.0,0.6281436346939822,1.0,0.0,descriptive_range,91.0,61.0,,,,,,,,,,,,,,,,,,,,,,,,
0.0146762242739524,5000,0.1903920728875715,0.0001420454545454,,legacy_matched_mean_Jaccard,MC_PRECISION_INSUFFICIENT,descriptive_empirical_resampling_not_population_coverage,0,,5000,False,python_remaining,cluster_summary.json,0.7813400509827102,0.9717321238702816,0.002,C10_within_person_centered_fuzzy_cmeans_k3,0.0,0.0,0.7813400509827102,0.9717321238702816,0.0,descriptive_range,91.0,61.0,,,,,,,,,,,,,,,,,,,,,,,,
0.0029429035342425,5000,0.0668460196244129,0.0001420454545454,,entropy_all,MC_PRECISION_INSUFFICIENT,descriptive_empirical_resampling_not_population_coverage,0,,5000,False,python_remaining,cluster_summary.json,0.7631833922054748,0.8300294118298878,0.002,C10_within_person_centered_fuzzy_cmeans_k3,0.0,0.0,0.7631833922054748,0.8300294118298878,0.0,descriptive_range,91.0,61.0,,,,,,,,,,,,,,,,,,,,,,,,
0.0044008661068958,5000,0.076730993985427,0.0001420454545454,,entropy_OOB,MC_PRECISION_INSUFFICIENT,descriptive_empirical_resampling_not_population_coverage,0,,5000,False,python_remaining,cluster_summary.json,0.7677045554792679,0.8444355494646949,0.002,C10_within_person_centered_fuzzy_cmeans_k3,0.0,0.0,0.7677045554792679,0.8444355494646949,0.0,descriptive_range,91.0,61.0,,,,,,,,,,,,,,,,,,,,,,,,
0.0168870911904303,5000,0.5153831911453126,0.0001420454545454,,legacy_ARI,MC_PRECISION_INSUFFICIENT,descriptive_empirical_resampling_not_population_coverage,0,,5000,False,python_remaining,cluster_summary.json,0.4420636502140148,0.9574468413593274,0.005,C10_within_person_centered_fuzzy_cmeans_k4,0.0,0.0,0.4420636502140148,0.9574468413593274,0.0,descriptive_range,91.0,61.0,,,,,,,,,,,,,,,,,,,,,,,,
0.0318572898618859,5000,0.5379594335894855,0.0001420454545454,,OOB_ARI,MC_PRECISION_INSUFFICIENT,descriptive_empirical_resampling_not_population_coverage,0,,5000,False,python_remaining,cluster_summary.json,0.4301832765486285,0.968142710138114,0.005,C10_within_person_centered_fuzzy_cmeans_k4,0.0,0.0,0.4301832765486285,0.968142710138114,0.0,descriptive_range,91.0,61.0,,,,,,,,,,,,,,,,,,,,,,,,
0.0231573088901207,5000,0.3962157698583944,0.0001420454545454,,legacy_matched_mean_Jaccard,MC_PRECISION_INSUFFICIENT,descriptive_empirical_resampling_not_population_coverage,0,,5000,False,python_remaining,cluster_summary.json,0.5745239555324937,0.9707397253908882,0.002,C10_within_person_centered_fuzzy_cmeans_k4,0.0,0.0,0.5745239555324937,0.9707397253908882,0.0,descriptive_range,91.0,61.0,,,,,,,,,,,,,,,,,,,,,,,,
0.0035500733563995,5000,0.0741948750035794,0.0001420454545454,,entropy_all,MC_PRECISION_INSUFFICIENT,descriptive_empirical_resampling_not_population_coverage,0,,5000,False,python_remaining,cluster_summary.json,1.0110243230882685,1.0852191980918475,0.002,C10_within_person_centered_fuzzy_cmeans_k4,0.0,0.0,1.0110243230882685,1.0852191980918475,0.0,descriptive_range,91.0,61.0,,,,,,,,,,,,,,,,,,,,,,,,
0.0041588393371208,5000,0.0908588186081724,0.0001420454545454,,entropy_OOB,MC_PRECISION_INSUFFICIENT,descriptive_empirical_resampling_not_population_coverage,0,,5000,False,python_remaining,cluster_summary.json,1.0203146514812933,1.1111734700894658,0.002,C10_within_person_centered_fuzzy_cmeans_k4,0.0,0.0,1.0203146514812933,1.1111734700894658,0.0,descriptive_range,91.0,61.0,,,,,,,,,,,,,,,,,,,,,,,,
0.0119275421171962,5000,0.5116344347614604,0.0001420454545454,,legacy_ARI,MC_PRECISION_INSUFFICIENT,descriptive_empirical_resampling_not_population_coverage,0,,5000,False,python_remaining,cluster_summary.json,0.3992064916238885,0.910840926385349,0.005,C10_within_person_centered_fuzzy_cmeans_k5,0.0,0.0,0.3992064916238885,0.910840926385349,0.0,descriptive_range,91.0,61.0,,,,,,,,,,,,,,,,,,,,,,,,
0.0187160330074459,5000,0.5774649890881691,0.0001420454545454,,OOB_ARI,MC_PRECISION_INSUFFICIENT,descriptive_empirical_resampling_not_population_coverage,0,,5000,False,python_remaining,cluster_summary.json,0.3583855883102261,0.9358505773983952,0.005,C10_within_person_centered_fuzzy_cmeans_k5,0.0,0.0,0.3583855883102261,0.9358505773983952,0.0,descriptive_range,91.0,61.0,,,,,,,,,,,,,,,,,,,,,,,,
0.015014623014623,5000,0.479638218418519,0.0001420454545454,,legacy_matched_mean_Jaccard,MC_PRECISION_INSUFFICIENT,descriptive_empirical_resampling_not_population_coverage,0,,5000,False,python_remaining,cluster_summary.json,0.4467319522912743,0.9263701707097932,0.002,C10_within_person_centered_fuzzy_cmeans_k5,0.0,0.0,0.4467319522912743,0.9263701707097932,0.0,descriptive_range,91.0,61.0,,,,,,,,,,,,,,,,,,,,,,,,
0.0039412369744988,5000,0.0891396982573566,0.0001420454545454,,entropy_all,MC_PRECISION_INSUFFICIENT,descriptive_empirical_resampling_not_population_coverage,0,,5000,False,python_remaining,cluster_summary.json,1.1937772218967573,1.282916920154114,0.002,C10_within_person_centered_fuzzy_cmeans_k5,0.0,0.0,1.1937772218967573,1.282916920154114,0.0,descriptive_range,91.0,61.0,,,,,,,,,,,,,,,,,,,,,,,,
0.0055333269324686,5000,0.1059250188371676,0.0001420454545454,,entropy_OOB,MC_PRECISION_INSUFFICIENT,descriptive_empirical_resampling_not_population_coverage,0,,5000,False,python_remaining,cluster_summary.json,1.2090530199600866,1.3149780387972545,0.002,C10_within_person_centered_fuzzy_cmeans_k5,0.0,0.0,1.2090530199600866,1.3149780387972545,0.0,descriptive_range,91.0,61.0,,,,,,,,,,,,,,,,,,,,,,,,
0.0536986359714784,5000,0.8364522069743956,0.0001420454545454,,legacy_ARI,MC_PRECISION_INSUFFICIENT,descriptive_empirical_resampling_not_population_coverage,0,,5000,False,python_remaining,cluster_summary.json,0.1635477930256044,1.0,0.005,C20_raw_euclidean_kmeans_k2,0.0,1.0,0.1635477930256044,1.0,0.0,descriptive_range,29.0,11.0,,,,,,,,,,,,,,,,,,,,,,,,
0.0268420881043545,5000,0.9099467867376176,0.0001420454545454,,OOB_ARI,MC_PRECISION_INSUFFICIENT,descriptive_empirical_resampling_not_population_coverage,0,,5000,False,python_remaining,cluster_summary.json,0.0900532132623823,1.0,0.005,C20_raw_euclidean_kmeans_k2,0.0,1.0,0.0900532132623823,1.0,0.0,descriptive_range,29.0,11.0,,,,,,,,,,,,,,,,,,,,,,,,
0.0317983265657684,5000,0.4740740740740741,0.0001420454545454,,legacy_matched_mean_Jaccard,MC_PRECISION_INSUFFICIENT,descriptive_empirical_resampling_not_population_coverage,0,,5000,False,python_remaining,cluster_summary.json,0.5259259259259259,1.0,0.002,C20_raw_euclidean_kmeans_k2,0.0,1.0,0.5259259259259259,1.0,0.0,descriptive_range,29.0,11.0,,,,,,,,,,,,,,,,,,,,,,,,
0.0529129209098444,5000,0.6529543671941835,0.0001420454545454,,legacy_ARI,MC_PRECISION_INSUFFICIENT,descriptive_empirical_resampling_not_population_coverage,0,,5000,False,python_remaining,cluster_summary.json,0.2365975696926376,0.8895519368868211,0.005,C20_raw_euclidean_kmeans_k3,0.0,0.0,0.2365975696926376,0.8895519368868211,0.0,descriptive_range,29.0,11.0,,,,,,,,,,,,,,,,,,,,,,,,
0.0145985953245043,5000,0.8557944415312009,0.0001420454545454,,OOB_ARI,MC_PRECISION_INSUFFICIENT,descriptive_empirical_resampling_not_population_coverage,0,,5000,False,python_remaining,cluster_summary.json,0.1442055584687991,1.0,0.005,C20_raw_euclidean_kmeans_k3,0.0,0.0,0.1442055584687991,1.0,0.0,descriptive_range,29.0,11.0,,,,,,,,,,,,,,,,,,,,,,,,
0.0302888106809676,5000,0.6047861452273215,0.0001420454545454,,legacy_matched_mean_Jaccard,MC_PRECISION_INSUFFICIENT,descriptive_empirical_resampling_not_population_coverage,0,,5000,False,python_remaining,cluster_summary.json,0.3303571428571428,0.9351432880844645,0.002,C20_raw_euclidean_kmeans_k3,0.0,0.0,0.3303571428571428,0.9351432880844645,0.0,descriptive_range,29.0,11.0,,,,,,,,,,,,,,,,,,,,,,,,
0.0376198588671132,5000,0.651851823278812,0.0001420454545454,,legacy_ARI,MC_PRECISION_INSUFFICIENT,descriptive_empirical_resampling_not_population_coverage,0,,5000,False,python_remaining,cluster_summary.json,0.3105283178540747,0.9623801411328868,0.005,C20_raw_euclidean_kmeans_k4,0.0,0.0,0.3105283178540747,0.9623801411328868,0.0,descriptive_range,29.0,11.0,,,,,,,,,,,,,,,,,,,,,,,,
0.0201930697428672,5000,0.7766819302571328,0.0001420454545454,,OOB_ARI,MC_PRECISION_INSUFFICIENT,descriptive_empirical_resampling_not_population_coverage,0,,5000,False,python_remaining,cluster_summary.json,0.2233180697428672,1.0,0.005,C20_raw_euclidean_kmeans_k4,0.0,0.0,0.2233180697428672,1.0,0.0,descriptive_range,29.0,11.0,,,,,,,,,,,,,,,,,,,,,,,,
0.034090909090909,5000,0.5935431905259492,0.0001420454545454,,legacy_matched_mean_Jaccard,MC_PRECISION_INSUFFICIENT,descriptive_empirical_resampling_not_population_coverage,0,,5000,False,python_remaining,cluster_summary.json,0.3723659003831417,0.9659090909090908,0.002,C20_raw_euclidean_kmeans_k4,0.0,0.0,0.3723659003831417,0.9659090909090908,0.0,descriptive_range,29.0,11.0,,,,,,,,,,,,,,,,,,,,,,,,
0.0308829490340367,5000,0.5329682638339576,0.0001420454545454,,legacy_ARI,MC_PRECISION_INSUFFICIENT,descriptive_empirical_resampling_not_population_coverage,0,,5000,False,python_remaining,cluster_summary.json,0.3240293896024405,0.8569976534363981,0.005,C20_raw_euclidean_kmeans_k5,0.0,0.0,0.3240293896024405,0.8569976534363981,0.0,descriptive_range,29.0,11.0,,,,,,,,,,,,,,,,,,,,,,,,
0.0254946229102294,5000,0.6519142878749768,0.0001420454545454,,OOB_ARI,MC_PRECISION_INSUFFICIENT,descriptive_empirical_resampling_not_population_coverage,0,,5000,False,python_remaining,cluster_summary.json,0.2288291297811925,0.8807434176561694,0.005,C20_raw_euclidean_kmeans_k5,0.0,0.0,0.2288291297811925,0.8807434176561694,0.0,descriptive_range,29.0,11.0,,,,,,,,,,,,,,,,,,,,,,,,
0.0186764705882352,5000,0.4930506471363249,0.0001420454545454,,legacy_matched_mean_Jaccard,MC_PRECISION_INSUFFICIENT,descriptive_empirical_resampling_not_population_coverage,0,,5000,False,python_remaining,cluster_summary.json,0.3856258234519104,0.8786764705882353,0.002,C20_raw_euclidean_kmeans_k5,0.0,0.0,0.3856258234519104,0.8786764705882353,0.0,descriptive_range,29.0,11.0,,,,,,,,,,,,,,,,,,,,,,,,
0.0714312219377342,5000,1.0182573845925489,0.0001420454545454,,legacy_ARI,MC_PRECISION_INSUFFICIENT,descriptive_empirical_resampling_not_population_coverage,0,,5000,False,python_remaining,cluster_summary.json,-0.0182573845925486,1.0,0.005,C20_raw_dtw_pam_k2,0.0,12.0,-0.0182573845925486,1.0,0.0,descriptive_range,29.0,11.0,,,,,,,,,,,,,,,,,,,,,,,,
0.0047085204005306,5000,1.0569722814498934,0.0001420454545454,,OOB_ARI,MC_PRECISION_MET,descriptive_empirical_resampling_not_population_coverage,0,,5000,False,python_remaining,cluster_summary.json,-0.0569722814498933,1.0,0.005,C20_raw_dtw_pam_k2,0.0,12.0,-0.0569722814498933,1.0,0.0,descriptive_range,29.0,11.0,,,,,,,,,,,,,,,,,,,,,,,,
0.0359848484848484,5000,0.6700854700854701,0.0001420454545454,,legacy_matched_mean_Jaccard,MC_PRECISION_INSUFFICIENT,descriptive_empirical_resampling_not_population_coverage,0,,5000,False,python_remaining,cluster_summary.json,0.3299145299145299,1.0,0.002,C20_raw_dtw_pam_k2,0.0,12.0,0.3299145299145299,1.0,0.0,descriptive_range,29.0,11.0,,,,,,,,,,,,,,,,,,,,,,,,
0.0506037798655099,5000,0.6752577455475779,0.0001420454545454,,legacy_ARI,MC_PRECISION_INSUFFICIENT,descriptive_empirical_resampling_not_population_coverage,0,,5000,False,python_remaining,cluster_summary.json,0.0553629762770859,0.7306207218246638,0.005,C20_raw_dtw_pam_k3,0.0,0.0,0.0553629762770859,0.7306207218246638,0.0,descriptive_range,29.0,11.0,,,,,,,,,,,,,,,,,,,,,,,,
0.0480351910653114,5000,0.7954280544875697,0.0001420454545454,,OOB_ARI,MC_PRECISION_INSUFFICIENT,descriptive_empirical_resampling_not_population_coverage,0,,5000,False,python_remaining,cluster_summary.json,0.0130825838103025,0.8085106382978723,0.005,C20_raw_dtw_pam_k3,0.0,0.0,0.0130825838103025,0.8085106382978723,0.0,descriptive_range,29.0,11.0,,,,,,,,,,,,,,,,,,,,,,,,
0.0455087271179224,5000,0.4931513782088495,0.0001420454545454,,legacy_matched_mean_Jaccard,MC_PRECISION_INSUFFICIENT,descriptive_empirical_resampling_not_population_coverage,0,,5000,False,python_remaining,cluster_summary.json,0.3082534749201416,0.8014048531289911,0.002,C20_raw_dtw_pam_k3,0.0,0.0,0.3082534749201416,0.8014048531289911,0.0,descriptive_range,29.0,11.0,,,,,,,,,,,,,,,,,,,,,,,,
0.0281994123850829,5000,0.4479207387723835,0.0001420454545454,,legacy_ARI,MC_PRECISION_INSUFFICIENT,descriptive_empirical_resampling_not_population_coverage,0,,5000,False,python_remaining,cluster_summary.json,0.1412147001056704,0.589135438878054,0.005,C20_raw_dtw_pam_k4,0.0,0.0,0.1412147001056704,0.589135438878054,0.0,descriptive_range,29.0,11.0,,,,,,,,,,,,,,,,,,,,,,,,
0.0573914803114327,5000,0.5955677017504694,0.0001420454545454,,OOB_ARI,MC_PRECISION_INSUFFICIENT,descriptive_empirical_resampling_not_population_coverage,0,,5000,False,python_remaining,cluster_summary.json,0.0498927038626609,0.6454604056131303,0.005,C20_raw_dtw_pam_k4,0.0,0.0,0.0498927038626609,0.6454604056131303,0.0,descriptive_range,29.0,11.0,,,,,,,,,,,,,,,,,,,,,,,,
0.0428499278499278,5000,0.3730158730158729,0.0001420454545454,,legacy_matched_mean_Jaccard,MC_PRECISION_INSUFFICIENT,descriptive_empirical_resampling_not_population_coverage,0,,5000,False,python_remaining,cluster_summary.json,0.2630952380952381,0.6361111111111111,0.002,C20_raw_dtw_pam_k4,0.0,0.0,0.2630952380952381,0.6361111111111111,0.0,descriptive_range,29.0,11.0,,,,,,,,,,,,,,,,,,,,,,,,
0.0297570469142985,5000,0.3921062544604036,0.0001420454545454,,legacy_ARI,MC_PRECISION_INSUFFICIENT,descriptive_empirical_resampling_not_population_coverage,0,,5000,False,python_remaining,cluster_summary.json,0.181298156325978,0.5734044107863816,0.005,C20_raw_dtw_pam_k5,0.0,0.0,0.181298156325978,0.5734044107863816,0.0,descriptive_range,29.0,11.0,,,,,,,,,,,,,,,,,,,,,,,,
0.0494598163785668,5000,0.572710921657538,0.0001420454545454,,OOB_ARI,MC_PRECISION_INSUFFICIENT,descriptive_empirical_resampling_not_population_coverage,0,,5000,False,python_remaining,cluster_summary.json,0.0754716981132075,0.6481826197707455,0.005,C20_raw_dtw_pam_k5,0.0,0.0,0.0754716981132075,0.6481826197707455,0.0,descriptive_range,29.0,11.0,,,,,,,,,,,,,,,,,,,,,,,,
0.0223741258741257,5000,0.3845206109679794,0.0001420454545454,,legacy_matched_mean_Jaccard,MC_PRECISION_INSUFFICIENT,descriptive_empirical_resampling_not_population_coverage,0,,5000,False,python_remaining,cluster_summary.json,0.2737719298245614,0.6582925407925408,0.002,C20_raw_dtw_pam_k5,0.0,0.0,0.2737719298245614,0.6582925407925408,0.0,descriptive_range,29.0,11.0,,,,,,,,,,,,,,,,,,,,,,,,
0.041531982834564,5000,0.9545035974135052,0.0001420454545454,,legacy_ARI,MC_PRECISION_INSUFFICIENT,descriptive_empirical_resampling_not_population_coverage,0,,5000,False,python_remaining,cluster_summary.json,0.0454964025864947,1.0,0.005,C20_raw_fuzzy_cmeans_k2,0.0,1.0,0.0454964025864947,1.0,0.0,descriptive_range,29.0,11.0,,,,,,,,,,,,,,,,,,,,,,,,
0.03451167498012,5000,1.0030651340996168,0.0001420454545454,,OOB_ARI,MC_PRECISION_INSUFFICIENT,descriptive_empirical_resampling_not_population_coverage,0,,5000,False,python_remaining,cluster_summary.json,-0.0030651340996168,1.0,0.005,C20_raw_fuzzy_cmeans_k2,0.0,1.0,-0.0030651340996168,1.0,0.0,descriptive_range,29.0,11.0,,,,,,,,,,,,,,,,,,,,,,,,
0.0460266220309262,5000,0.5477642276422764,0.0001420454545454,,legacy_matched_mean_Jaccard,MC_PRECISION_INSUFFICIENT,descriptive_empirical_resampling_not_population_coverage,0,,5000,False,python_remaining,cluster_summary.json,0.4522357723577236,1.0,0.002,C20_raw_fuzzy_cmeans_k2,0.0,1.0,0.4522357723577236,1.0,0.0,descriptive_range,29.0,11.0,,,,,,,,,,,,,,,,,,,,,,,,
0.0034255940110582,5000,0.0895071534463491,0.0001420454545454,,entropy_all,MC_PRECISION_INSUFFICIENT,descriptive_empirical_resampling_not_population_coverage,0,,5000,False,python_remaining,cluster_summary.json,0.5395280876686034,0.6290352411149526,0.002,C20_raw_fuzzy_cmeans_k2,0.0,1.0,0.5395280876686034,0.6290352411149526,0.0,descriptive_range,29.0,11.0,,,,,,,,,,,,,,,,,,,,,,,,
0.0039957547129364,5000,0.0938627172265093,0.0001420454545454,,entropy_OOB,MC_PRECISION_INSUFFICIENT,descriptive_empirical_resampling_not_population_coverage,0,,5000,False,python_remaining,cluster_summary.json,0.5532496998607447,0.647112417087254,0.002,C20_raw_fuzzy_cmeans_k2,0.0,1.0,0.5532496998607447,0.647112417087254,0.0,descriptive_range,29.0,11.0,,,,,,,,,,,,,,,,,,,,,,,,
0.0163188976555272,5000,0.7277330251947989,0.0001420454545454,,legacy_ARI,MC_PRECISION_INSUFFICIENT,descriptive_empirical_resampling_not_population_coverage,0,,5000,False,python_remaining,cluster_summary.json,0.2178973683503131,0.945630393545112,0.005,C20_raw_fuzzy_cmeans_k3,0.0,0.0,0.2178973683503131,0.945630393545112,0.0,descriptive_range,29.0,11.0,,,,,,,,,,,,,,,,,,,,,,,,
0.016427220352997,5000,0.8704329137242861,0.0001420454545454,,OOB_ARI,MC_PRECISION_INSUFFICIENT,descriptive_empirical_resampling_not_population_coverage,0,,5000,False,python_remaining,cluster_summary.json,0.1295670862757138,1.0,0.005,C20_raw_fuzzy_cmeans_k3,0.0,0.0,0.1295670862757138,1.0,0.0,descriptive_range,29.0,11.0,,,,,,,,,,,,,,,,,,,,,,,,
0.0039010496671787,5000,0.6257850241545893,0.0001420454545454,,legacy_matched_mean_Jaccard,MC_PRECISION_INSUFFICIENT,descriptive_empirical_resampling_not_population_coverage,0,,5000,False,python_remaining,cluster_summary.json,0.3388888888888888,0.9646739130434782,0.002,C20_raw_fuzzy_cmeans_k3,0.0,0.0,0.3388888888888888,0.9646739130434782,0.0,descriptive_range,29.0,11.0,,,,,,,,,,,,,,,,,,,,,,,,
0.0040482558210673,5000,0.0980376273759311,0.0001420454545454,,entropy_all,MC_PRECISION_INSUFFICIENT,descriptive_empirical_resampling_not_population_coverage,0,,5000,False,python_remaining,cluster_summary.json,0.8726037531333232,0.9706413805092544,0.002,C20_raw_fuzzy_cmeans_k3,0.0,0.0,0.8726037531333232,0.9706413805092544,0.0,descriptive_range,29.0,11.0,,,,,,,,,,,,,,,,,,,,,,,,
0.0046469580311512,5000,0.1033675344832893,0.0001420454545454,,entropy_OOB,MC_PRECISION_INSUFFICIENT,descriptive_empirical_resampling_not_population_coverage,0,,5000,False,python_remaining,cluster_summary.json,0.9064253951940248,1.009792929677314,0.002,C20_raw_fuzzy_cmeans_k3,0.0,0.0,0.9064253951940248,1.009792929677314,0.0,descriptive_range,29.0,11.0,,,,,,,,,,,,,,,,,,,,,,,,
0.0378412583662219,5000,0.5525195293803766,0.0001420454545454,,legacy_ARI,MC_PRECISION_INSUFFICIENT,descriptive_empirical_resampling_not_population_coverage,0,,5000,False,python_remaining,cluster_summary.json,0.3121944640365792,0.8647139934169558,0.005,C20_raw_fuzzy_cmeans_k4,0.0,0.0,0.3121944640365792,0.8647139934169558,0.0,descriptive_range,29.0,11.0,,,,,,,,,,,,,,,,,,,,,,,,
0.068825910931174,5000,0.7210765329992292,0.0001420454545454,,OOB_ARI,MC_PRECISION_INSUFFICIENT,descriptive_empirical_resampling_not_population_coverage,0,,5000,False,python_remaining,cluster_summary.json,0.2100975560695967,0.931174089068826,0.005,C20_raw_fuzzy_cmeans_k4,0.0,0.0,0.2100975560695967,0.931174089068826,0.0,descriptive_range,29.0,11.0,,,,,,,,,,,,,,,,,,,,,,,,
0.0262073452862926,5000,0.5551859168934146,0.0001420454545454,,legacy_matched_mean_Jaccard,MC_PRECISION_INSUFFICIENT,descriptive_empirical_resampling_not_population_coverage,0,,5000,False,python_remaining,cluster_summary.json,0.3461861028996579,0.9013720197930724,0.002,C20_raw_fuzzy_cmeans_k4,0.0,0.0,0.3461861028996579,0.9013720197930724,0.0,descriptive_range,29.0,11.0,,,,,,,,,,,,,,,,,,,,,,,,
0.0064593060338882,5000,0.1330520722742199,0.0001420454545454,,entropy_all,MC_PRECISION_INSUFFICIENT,descriptive_empirical_resampling_not_population_coverage,0,,5000,False,python_remaining,cluster_summary.json,1.0776140593719714,1.2106661316461913,0.002,C20_raw_fuzzy_cmeans_k4,0.0,0.0,1.0776140593719714,1.2106661316461913,0.0,descriptive_range,29.0,11.0,,,,,,,,,,,,,,,,,,,,,,,,
0.0058097073578942,5000,0.1341269081952361,0.0001420454545454,,entropy_OOB,MC_PRECISION_INSUFFICIENT,descriptive_empirical_resampling_not_population_coverage,0,,5000,False,python_remaining,cluster_summary.json,1.137261877483616,1.2713887856788522,0.002,C20_raw_fuzzy_cmeans_k4,0.0,0.0,1.137261877483616,1.2713887856788522,0.0,descriptive_range,29.0,11.0,,,,,,,,,,,,,,,,,,,,,,,,
0.0221174617350643,5000,0.5038695258711685,0.0001420454545454,,legacy_ARI,MC_PRECISION_INSUFFICIENT,descriptive_empirical_resampling_not_population_coverage,0,,5000,False,python_remaining,cluster_summary.json,0.3279152765924432,0.8317848024636117,0.005,C20_raw_fuzzy_cmeans_k5,0.0,0.0,0.3279152765924432,0.8317848024636117,0.0,descriptive_range,29.0,11.0,,,,,,,,,,,,,,,,,,,,,,,,
0.0307058554042229,5000,0.6604665199786787,0.0001420454545454,,OOB_ARI,MC_PRECISION_INSUFFICIENT,descriptive_empirical_resampling_not_population_coverage,0,,5000,False,python_remaining,cluster_summary.json,0.2188805346700083,0.879347054648687,0.005,C20_raw_fuzzy_cmeans_k5,0.0,0.0,0.2188805346700083,0.879347054648687,0.0,descriptive_range,29.0,11.0,,,,,,,,,,,,,,,,,,,,,,,,
0.0183585858585857,5000,0.5051314474998686,0.0001420454545454,,legacy_matched_mean_Jaccard,MC_PRECISION_INSUFFICIENT,descriptive_empirical_resampling_not_population_coverage,0,,5000,False,python_remaining,cluster_summary.json,0.353504916136495,0.8586363636363636,0.002,C20_raw_fuzzy_cmeans_k5,0.0,0.0,0.353504916136495,0.8586363636363636,0.0,descriptive_range,29.0,11.0,,,,,,,,,,,,,,,,,,,,,,,,
0.0063667008586925,5000,0.1494652942226415,0.0001420454545454,,entropy_all,MC_PRECISION_INSUFFICIENT,descriptive_empirical_resampling_not_population_coverage,0,,5000,False,python_remaining,cluster_summary.json,1.2256187607442166,1.375084054966858,0.002,C20_raw_fuzzy_cmeans_k5,0.0,0.0,1.2256187607442166,1.375084054966858,0.0,descriptive_range,29.0,11.0,,,,,,,,,,,,,,,,,,,,,,,,
0.0077541189879299,5000,0.1542575885984121,0.0001420454545454,,entropy_OOB,MC_PRECISION_INSUFFICIENT,descriptive_empirical_resampling_not_population_coverage,0,,5000,False,python_remaining,cluster_summary.json,1.318798739541147,1.4730563281395588,0.002,C20_raw_fuzzy_cmeans_k5,0.0,0.0,1.318798739541147,1.4730563281395588,0.0,descriptive_range,29.0,11.0,,,,,,,,,,,,,,,,,,,,,,,,
0.0358483280562205,5000,0.8010657193605684,0.0001420454545454,,legacy_ARI,MC_PRECISION_INSUFFICIENT,descriptive_empirical_resampling_not_population_coverage,0,,5000,False,python_remaining,cluster_summary.json,0.1989342806394316,1.0,0.005,C20_within_person_centered_euclidean_kmeans_k2,0.0,1.0,0.1989342806394316,1.0,0.0,descriptive_range,29.0,11.0,,,,,,,,,,,,,,,,,,,,,,,,
0.0566518742328391,5000,0.7752808988764045,0.0001420454545454,,OOB_ARI,MC_PRECISION_INSUFFICIENT,descriptive_empirical_resampling_not_population_coverage,0,,5000,False,python_remaining,cluster_summary.json,0.2247191011235955,1.0,0.005,C20_within_person_centered_euclidean_kmeans_k2,0.0,1.0,0.2247191011235955,1.0,0.0,descriptive_range,29.0,11.0,,,,,,,,,,,,,,,,,,,,,,,,
0.0226190476190476,5000,0.4226190476190476,0.0001420454545454,,legacy_matched_mean_Jaccard,MC_PRECISION_INSUFFICIENT,descriptive_empirical_resampling_not_population_coverage,0,,5000,False,python_remaining,cluster_summary.json,0.5773809523809523,1.0,0.002,C20_within_person_centered_euclidean_kmeans_k2,0.0,1.0,0.5773809523809523,1.0,0.0,descriptive_range,29.0,11.0,,,,,,,,,,,,,,,,,,,,,,,,
0.0370779904050222,5000,0.7047265678216403,0.0001420454545454,,legacy_ARI,MC_PRECISION_INSUFFICIENT,descriptive_empirical_resampling_not_population_coverage,0,,5000,False,python_remaining,cluster_summary.json,0.2581954417733375,0.9629220095949778,0.005,C20_within_person_centered_euclidean_kmeans_k3,0.0,0.0,0.2581954417733375,0.9629220095949778,0.0,descriptive_range,29.0,11.0,,,,,,,,,,,,,,,,,,,,,,,,
0.0177479634707861,5000,0.830917792121532,0.0001420454545454,,OOB_ARI,MC_PRECISION_INSUFFICIENT,descriptive_empirical_resampling_not_population_coverage,0,,5000,False,python_remaining,cluster_summary.json,0.1690822078784679,1.0,0.005,C20_within_person_centered_euclidean_kmeans_k3,0.0,0.0,0.1690822078784679,1.0,0.0,descriptive_range,29.0,11.0,,,,,,,,,,,,,,,,,,,,,,,,
0.0285714285714285,5000,0.624344645397277,0.0001420454545454,,legacy_matched_mean_Jaccard,MC_PRECISION_INSUFFICIENT,descriptive_empirical_resampling_not_population_coverage,0,,5000,False,python_remaining,cluster_summary.json,0.3470839260312944,0.9714285714285714,0.002,C20_within_person_centered_euclidean_kmeans_k3,0.0,0.0,0.3470839260312944,0.9714285714285714,0.0,descriptive_range,29.0,11.0,,,,,,,,,,,,,,,,,,,,,,,,
0.0189120884786476,5000,0.5255888639892645,0.0001420454545454,,legacy_ARI,MC_PRECISION_INSUFFICIENT,descriptive_empirical_resampling_not_population_coverage,0,,5000,False,python_remaining,cluster_summary.json,0.2634811264230078,0.7890699904122723,0.005,C20_within_person_centered_euclidean_kmeans_k4,0.0,0.0,0.2634811264230078,0.7890699904122723,0.0,descriptive_range,29.0,11.0,,,,,,,,,,,,,,,,,,,,,,,,
0.0182069325619805,5000,0.6841642583259675,0.0001420454545454,,OOB_ARI,MC_PRECISION_INSUFFICIENT,descriptive_empirical_resampling_not_population_coverage,0,,5000,False,python_remaining,cluster_summary.json,0.1528117359413203,0.8369759942672877,0.005,C20_within_person_centered_euclidean_kmeans_k4,0.0,0.0,0.1528117359413203,0.8369759942672877,0.0,descriptive_range,29.0,11.0,,,,,,,,,,,,,,,,,,,,,,,,
0.0201282051282052,5000,0.4992387820512821,0.0001420454545454,,legacy_matched_mean_Jaccard,MC_PRECISION_INSUFFICIENT,descriptive_empirical_resampling_not_population_coverage,0,,5000,False,python_remaining,cluster_summary.json,0.3637419871794872,0.8629807692307693,0.002,C20_within_person_centered_euclidean_kmeans_k4,0.0,0.0,0.3637419871794872,0.8629807692307693,0.0,descriptive_range,29.0,11.0,,,,,,,,,,,,,,,,,,,,,,,,
0.0217756355516147,5000,0.6163501349410787,0.0001420454545454,,legacy_ARI,MC_PRECISION_INSUFFICIENT,descriptive_empirical_resampling_not_population_coverage,0,,5000,False,python_remaining,cluster_summary.json,0.2702251876563803,0.8865753225974591,0.005,C20_within_person_centered_euclidean_kmeans_k5,0.0,0.0,0.2702251876563803,0.8865753225974591,0.0,descriptive_range,29.0,11.0,,,,,,,,,,,,,,,,,,,,,,,,
0.0611227280038604,5000,0.7553624975015828,0.0001420454545454,,OOB_ARI,MC_PRECISION_INSUFFICIENT,descriptive_empirical_resampling_not_population_coverage,0,,5000,False,python_remaining,cluster_summary.json,0.1835147744945567,0.9388772719961396,0.005,C20_within_person_centered_euclidean_kmeans_k5,0.0,0.0,0.1835147744945567,0.9388772719961396,0.0,descriptive_range,29.0,11.0,,,,,,,,,,,,,,,,,,,,,,,,
0.0196822742474915,5000,0.5252146120432565,0.0001420454545454,,legacy_matched_mean_Jaccard,MC_PRECISION_INSUFFICIENT,descriptive_empirical_resampling_not_population_coverage,0,,5000,False,python_remaining,cluster_summary.json,0.3737780619494174,0.8989926739926739,0.002,C20_within_person_centered_euclidean_kmeans_k5,0.0,0.0,0.3737780619494174,0.8989926739926739,0.0,descriptive_range,29.0,11.0,,,,,,,,,,,,,,,,,,,,,,,,
0.0060873356254118,5000,0.9914246196403872,0.0001420454545454,,legacy_ARI,MC_PRECISION_INSUFFICIENT,descriptive_empirical_resampling_not_population_coverage,0,,5000,False,python_remaining,cluster_summary.json,0.0085753803596127,1.0,0.005,C20_within_person_centered_dtw_pam_k2,0.0,2.0,0.0085753803596127,1.0,0.0,descriptive_range,29.0,11.0,,,,,,,,,,,,,,,,,,,,,,,,
0.0075738600237164,5000,1.0383036935704515,0.0001420454545454,,OOB_ARI,MC_PRECISION_INSUFFICIENT,descriptive_empirical_resampling_not_population_coverage,0,,5000,False,python_remaining,cluster_summary.json,-0.0383036935704514,1.0,0.005,C20_within_person_centered_dtw_pam_k2,0.0,2.0,-0.0383036935704514,1.0,0.0,descriptive_range,29.0,11.0,,,,,,,,,,,,,,,,,,,,,,,,
0.0053549571603427,5000,0.625,0.0001420454545454,,legacy_matched_mean_Jaccard,MC_PRECISION_INSUFFICIENT,descriptive_empirical_resampling_not_population_coverage,0,,5000,False,python_remaining,cluster_summary.json,0.375,1.0,0.002,C20_within_person_centered_dtw_pam_k2,0.0,2.0,0.375,1.0,0.0,descriptive_range,29.0,11.0,,,,,,,,,,,,,,,,,,,,,,,,
0.0580303668180991,5000,0.7266073466542542,0.0001420454545454,,legacy_ARI,MC_PRECISION_INSUFFICIENT,descriptive_empirical_resampling_not_population_coverage,0,,5000,False,python_remaining,cluster_summary.json,0.0536855960887551,0.7802929427430093,0.005,C20_within_person_centered_dtw_pam_k3,0.0,0.0,0.0536855960887551,0.7802929427430093,0.0,descriptive_range,29.0,11.0,,,,,,,,,,,,,,,,,,,,,,,,
0.1025941247722099,5000,0.8748493078094985,0.0001420454545454,,OOB_ARI,MC_PRECISION_INSUFFICIENT,descriptive_empirical_resampling_not_population_coverage,0,,5000,False,python_remaining,cluster_summary.json,-0.0387096774193548,0.8361396303901437,0.005,C20_within_person_centered_dtw_pam_k3,0.0,0.0,-0.0387096774193548,0.8361396303901437,0.0,descriptive_range,29.0,11.0,,,,,,,,,,,,,,,,,,,,,,,,
0.0396825396825396,5000,0.5725520315653143,0.0001420454545454,,legacy_matched_mean_Jaccard,MC_PRECISION_INSUFFICIENT,descriptive_empirical_resampling_not_population_coverage,0,,5000,False,python_remaining,cluster_summary.json,0.2909400319267492,0.8634920634920635,0.002,C20_within_person_centered_dtw_pam_k3,0.0,0.0,0.2909400319267492,0.8634920634920635,0.0,descriptive_range,29.0,11.0,,,,,,,,,,,,,,,,,,,,,,,,
0.0374539757400702,5000,0.5114293427714408,0.0001420454545454,,legacy_ARI,MC_PRECISION_INSUFFICIENT,descriptive_empirical_resampling_not_population_coverage,0,,5000,False,python_remaining,cluster_summary.json,0.2013096399875687,0.7127389827590095,0.005,C20_within_person_centered_dtw_pam_k4,0.0,0.0,0.2013096399875687,0.7127389827590095,0.0,descriptive_range,29.0,11.0,,,,,,,,,,,,,,,,,,,,,,,,
0.0466346910934227,5000,0.6934652753800254,0.0001420454545454,,OOB_ARI,MC_PRECISION_INSUFFICIENT,descriptive_empirical_resampling_not_population_coverage,0,,5000,False,python_remaining,cluster_summary.json,0.0886633239574416,0.782128599337467,0.005,C20_within_person_centered_dtw_pam_k4,0.0,0.0,0.0886633239574416,0.782128599337467,0.0,descriptive_range,29.0,11.0,,,,,,,,,,,,,,,,,,,,,,,,
0.013787574541251,5000,0.4602193127808536,0.0001420454545454,,legacy_matched_mean_Jaccard,MC_PRECISION_INSUFFICIENT,descriptive_empirical_resampling_not_population_coverage,0,,5000,False,python_remaining,cluster_summary.json,0.352582619586296,0.8128019323671497,0.002,C20_within_person_centered_dtw_pam_k4,0.0,0.0,0.352582619586296,0.8128019323671497,0.0,descriptive_range,29.0,11.0,,,,,,,,,,,,,,,,,,,,,,,,
0.0234461641963147,5000,0.3713194054715868,0.0001420454545454,,legacy_ARI,MC_PRECISION_INSUFFICIENT,descriptive_empirical_resampling_not_population_coverage,0,,5000,False,python_remaining,cluster_summary.json,0.2114171921672751,0.582736597638862,0.005,C20_within_person_centered_dtw_pam_k5,0.0,0.0,0.2114171921672751,0.582736597638862,0.0,descriptive_range,29.0,11.0,,,,,,,,,,,,,,,,,,,,,,,,
0.0338526141164883,5000,0.5745659422789468,0.0001420454545454,,OOB_ARI,MC_PRECISION_INSUFFICIENT,descriptive_empirical_resampling_not_population_coverage,0,,5000,False,python_remaining,cluster_summary.json,0.1025641025641025,0.6771300448430493,0.005,C20_within_person_centered_dtw_pam_k5,0.0,0.0,0.1025641025641025,0.6771300448430493,0.0,descriptive_range,29.0,11.0,,,,,,,,,,,,,,,,,,,,,,,,
0.020897435897436,5000,0.3640811965811965,0.0001420454545454,,legacy_matched_mean_Jaccard,MC_PRECISION_INSUFFICIENT,descriptive_empirical_resampling_not_population_coverage,0,,5000,False,python_remaining,cluster_summary.json,0.3201923076923076,0.6842735042735042,0.002,C20_within_person_centered_dtw_pam_k5,0.0,0.0,0.3201923076923076,0.6842735042735042,0.0,descriptive_range,29.0,11.0,,,,,,,,,,,,,,,,,,,,,,,,
0.0454861151094002,5000,0.6429330499468651,0.0001420454545454,,legacy_ARI,MC_PRECISION_INSUFFICIENT,descriptive_empirical_resampling_not_population_coverage,0,,5000,False,python_remaining,cluster_summary.json,0.357066950053135,1.0,0.005,C20_within_person_centered_fuzzy_cmeans_k2,0.0,1.0,0.357066950053135,1.0,0.0,descriptive_range,29.0,11.0,,,,,,,,,,,,,,,,,,,,,,,,
0.0494027930855529,5000,0.7166284027550016,0.0001420454545454,,OOB_ARI,MC_PRECISION_INSUFFICIENT,descriptive_empirical_resampling_not_population_coverage,0,,5000,False,python_remaining,cluster_summary.json,0.2833715972449984,1.0,0.005,C20_within_person_centered_fuzzy_cmeans_k2,0.0,1.0,0.2833715972449984,1.0,0.0,descriptive_range,29.0,11.0,,,,,,,,,,,,,,,,,,,,,,,,
0.0266926921160791,5000,0.3290178571428571,0.0001420454545454,,legacy_matched_mean_Jaccard,MC_PRECISION_INSUFFICIENT,descriptive_empirical_resampling_not_population_coverage,0,,5000,False,python_remaining,cluster_summary.json,0.6709821428571429,1.0,0.002,C20_within_person_centered_fuzzy_cmeans_k2,0.0,1.0,0.6709821428571429,1.0,0.0,descriptive_range,29.0,11.0,,,,,,,,,,,,,,,,,,,,,,,,
0.0044773923924508,5000,0.0925698608100937,0.0001420454545454,,entropy_all,MC_PRECISION_INSUFFICIENT,descriptive_empirical_resampling_not_population_coverage,0,,5000,False,python_remaining,cluster_summary.json,0.5311087509406068,0.6236786117507006,0.002,C20_within_person_centered_fuzzy_cmeans_k2,0.0,1.0,0.5311087509406068,0.6236786117507006,0.0,descriptive_range,29.0,11.0,,,,,,,,,,,,,,,,,,,,,,,,
0.0051187562496874,5000,0.0954661602281096,0.0001420454545454,,entropy_OOB,MC_PRECISION_INSUFFICIENT,descriptive_empirical_resampling_not_population_coverage,0,,5000,False,python_remaining,cluster_summary.json,0.5403906475763105,0.6358568078044201,0.002,C20_within_person_centered_fuzzy_cmeans_k2,0.0,1.0,0.5403906475763105,0.6358568078044201,0.0,descriptive_range,29.0,11.0,,,,,,,,,,,,,,,,,,,,,,,,
0.0405029273155702,5000,0.6955192055368327,0.0001420454545454,,legacy_ARI,MC_PRECISION_INSUFFICIENT,descriptive_empirical_resampling_not_population_coverage,0,,5000,False,python_remaining,cluster_summary.json,0.2456128555099845,0.9411320610468172,0.005,C20_within_person_centered_fuzzy_cmeans_k3,0.0,0.0,0.2456128555099845,0.9411320610468172,0.0,descriptive_range,29.0,11.0,,,,,,,,,,,,,,,,,,,,,,,,
0.0225510920907872,5000,0.815388458656008,0.0001420454545454,,OOB_ARI,MC_PRECISION_INSUFFICIENT,descriptive_empirical_resampling_not_population_coverage,0,,5000,False,python_remaining,cluster_summary.json,0.184611541343992,1.0,0.005,C20_within_person_centered_fuzzy_cmeans_k3,0.0,0.0,0.184611541343992,1.0,0.0,descriptive_range,29.0,11.0,,,,,,,,,,,,,,,,,,,,,,,,
0.0302308802308801,5000,0.5452020202020201,0.0001420454545454,,legacy_matched_mean_Jaccard,MC_PRECISION_INSUFFICIENT,descriptive_empirical_resampling_not_population_coverage,0,,5000,False,python_remaining,cluster_summary.json,0.422979797979798,0.968181818181818,0.002,C20_within_person_centered_fuzzy_cmeans_k3,0.0,0.0,0.422979797979798,0.968181818181818,0.0,descriptive_range,29.0,11.0,,,,,,,,,,,,,,,,,,,,,,,,
0.0053964489819459,5000,0.1402439681008801,0.0001420454545454,,entropy_all,MC_PRECISION_INSUFFICIENT,descriptive_empirical_resampling_not_population_coverage,0,,5000,False,python_remaining,cluster_summary.json,0.8431747128572409,0.983418680958121,0.002,C20_within_person_centered_fuzzy_cmeans_k3,0.0,0.0,0.8431747128572409,0.983418680958121,0.0,descriptive_range,29.0,11.0,,,,,,,,,,,,,,,,,,,,,,,,
0.005951999185729,5000,0.1411779564309132,0.0001420454545454,,entropy_OOB,MC_PRECISION_INSUFFICIENT,descriptive_empirical_resampling_not_population_coverage,0,,5000,False,python_remaining,cluster_summary.json,0.8730720582215445,1.0142500146524578,0.002,C20_within_person_centered_fuzzy_cmeans_k3,0.0,0.0,0.8730720582215445,1.0142500146524578,0.0,descriptive_range,29.0,11.0,,,,,,,,,,,,,,,,,,,,,,,,
0.0189520551380085,5000,0.4981633710303302,0.0001420454545454,,legacy_ARI,MC_PRECISION_INSUFFICIENT,descriptive_empirical_resampling_not_population_coverage,0,,5000,False,python_remaining,cluster_summary.json,0.3064638783269962,0.8046272493573264,0.005,C20_within_person_centered_fuzzy_cmeans_k4,0.0,0.0,0.3064638783269962,0.8046272493573264,0.0,descriptive_range,29.0,11.0,,,,,,,,,,,,,,,,,,,,,,,,
0.098202594929175,5000,0.69639286912101,0.0001420454545454,,OOB_ARI,MC_PRECISION_INSUFFICIENT,descriptive_empirical_resampling_not_population_coverage,0,,5000,False,python_remaining,cluster_summary.json,0.205404535949815,0.901797405070825,0.005,C20_within_person_centered_fuzzy_cmeans_k4,0.0,0.0,0.205404535949815,0.901797405070825,0.0,descriptive_range,29.0,11.0,,,,,,,,,,,,,,,,,,,,,,,,
0.0158811802232854,5000,0.4943552061973115,0.0001420454545454,,legacy_matched_mean_Jaccard,MC_PRECISION_INSUFFICIENT,descriptive_empirical_resampling_not_population_coverage,0,,5000,False,python_remaining,cluster_summary.json,0.3899521531100478,0.8843073593073594,0.002,C20_within_person_centered_fuzzy_cmeans_k4,0.0,0.0,0.3899521531100478,0.8843073593073594,0.0,descriptive_range,29.0,11.0,,,,,,,,,,,,,,,,,,,,,,,,
0.0083349609183682,5000,0.1566710899111243,0.0001420454545454,,entropy_all,MC_PRECISION_INSUFFICIENT,descriptive_empirical_resampling_not_population_coverage,0,,5000,False,python_remaining,cluster_summary.json,1.0701309845416052,1.2268020744527297,0.002,C20_within_person_centered_fuzzy_cmeans_k4,0.0,0.0,1.0701309845416052,1.2268020744527297,0.0,descriptive_range,29.0,11.0,,,,,,,,,,,,,,,,,,,,,,,,
0.0058591240935377,5000,0.1548890221725016,0.0001420454545454,,entropy_OOB,MC_PRECISION_INSUFFICIENT,descriptive_empirical_resampling_not_population_coverage,0,,5000,False,python_remaining,cluster_summary.json,1.1245687459970264,1.279457768169528,0.002,C20_within_person_centered_fuzzy_cmeans_k4,0.0,0.0,1.1245687459970264,1.279457768169528,0.0,descriptive_range,29.0,11.0,,,,,,,,,,,,,,,,,,,,,,,,
0.0219550769766724,5000,0.4430626402798981,0.0001420454545454,,legacy_ARI,MC_PRECISION_INSUFFICIENT,descriptive_empirical_resampling_not_population_coverage,0,,5000,False,python_remaining,cluster_summary.json,0.3114633376582389,0.7545259779381371,0.005,C20_within_person_centered_fuzzy_cmeans_k5,7.0,0.0,0.3114633376582389,0.7545259779381371,0.0,descriptive_range,29.0,11.0,,,,,,,,,,,,,,,,,,,,,,,,
0.0316214368001221,5000,0.6335392586687925,0.0001420454545454,,OOB_ARI,MC_PRECISION_INSUFFICIENT,descriptive_empirical_resampling_not_population_coverage,0,,5000,False,python_remaining,cluster_summary.json,0.2038461538461538,0.8373854125149462,0.005,C20_within_person_centered_fuzzy_cmeans_k5,7.0,0.0,0.2038461538461538,0.8373854125149462,0.0,descriptive_range,29.0,11.0,,,,,,,,,,,,,,,,,,,,,,,,
0.018104118104118,5000,0.4272750125691302,0.0001420454545454,,legacy_matched_mean_Jaccard,MC_PRECISION_INSUFFICIENT,descriptive_empirical_resampling_not_population_coverage,0,,5000,False,python_remaining,cluster_summary.json,0.3958019105077929,0.8230769230769232,0.002,C20_within_person_centered_fuzzy_cmeans_k5,7.0,0.0,0.3958019105077929,0.8230769230769232,0.0,descriptive_range,29.0,11.0,,,,,,,,,,,,,,,,,,,,,,,,
0.0101590183679036,5000,0.1637488773685602,0.0001420454545454,,entropy_all,MC_PRECISION_INSUFFICIENT,descriptive_empirical_resampling_not_population_coverage,0,,5000,False,python_remaining,cluster_summary.json,1.2321958222567593,1.3959446996253195,0.002,C20_within_person_centered_fuzzy_cmeans_k5,7.0,0.0,1.2321958222567593,1.3959446996253195,0.0,descriptive_range,29.0,11.0,,,,,,,,,,,,,,,,,,,,,,,,
0.0070057893045238,5000,0.1606049732457179,0.0001420454545454,,entropy_OOB,MC_PRECISION_INSUFFICIENT,descriptive_empirical_resampling_not_population_coverage,0,,5000,False,python_remaining,cluster_summary.json,1.3193836936210943,1.4799886668668123,0.002,C20_within_person_centered_fuzzy_cmeans_k5,7.0,0.0,1.3193836936210943,1.4799886668668123,0.0,descriptive_range,29.0,11.0,,,,,,,,,,,,,,,,,,,,,,,,
0.0087821469571813,20000,0.4097416124551772,0.0001404494382022,,coefficient_vas_mean,MC_PRECISION_INSUFFICIENT,descriptive_empirical_resampling_not_population_coverage,0,,20000,False,python_remaining,candidate_summary.json,0.127761232835017,0.5375028452901943,,A_1c4334be6b7c3e81,,,0.127761232835017,0.5375028452901943,0.0,descriptive_range,,,335.0,133.0,success_conditional_descriptive_stability_no_physiological_validation,,,,,,,,,,,,,,,,,,,,,
0.0433165283135905,20000,2.057723323901517,0.0001404494382022,,coefficient_vas_mean,MC_PRECISION_INSUFFICIENT,descriptive_empirical_resampling_not_population_coverage,0,,20000,False,python_remaining,candidate_summary.json,-2.0248061515772053,0.0329171723243117,,A_25abd8124bbd60d8,,,-2.0248061515772053,0.0329171723243117,0.0,descriptive_range,,,335.0,133.0,success_conditional_descriptive_stability_no_physiological_validation,,,,,,,,,,,,,,,,,,,,,
0.0040687995169289,20000,0.1780557565129242,0.0001404494382022,,coefficient_vas_mean,MC_PRECISION_INSUFFICIENT,descriptive_empirical_resampling_not_population_coverage,14,,19986,False,python_remaining,candidate_summary.json,-0.0154265440368868,0.1626292124760373,,A_3ce8bb2a84cef358,,,-0.0154265440368868,0.1626292124760373,14.0,descriptive_range,,,439.0,164.0,success_conditional_descriptive_stability_no_physiological_validation,,,,,,,,,,,,,,,,,,,,,
0.0036515661101783,20000,0.1801251682228281,0.0001404494382022,,coefficient_vas_mean,MC_PRECISION_INSUFFICIENT,descriptive_empirical_resampling_not_population_coverage,13,,19987,False,python_remaining,candidate_summary.json,-0.1232360297579161,0.0568891384649119,,A_a95d350f358e7cdc,,,-0.1232360297579161,0.0568891384649119,13.0,descriptive_range,,,442.0,165.0,success_conditional_descriptive_stability_no_physiological_validation,,,,,,,,,,,,,,,,,,,,,
0.0039102470417028,20000,0.1715712773960563,0.0001404494382022,,coefficient_vas_mean,MC_PRECISION_INSUFFICIENT,descriptive_empirical_resampling_not_population_coverage,3,,19997,False,python_remaining,candidate_summary.json,0.0009790731547081,0.1725503505507644,,A_42f83844a638312a,,,0.0009790731547081,0.1725503505507644,3.0,descriptive_range,,,446.0,166.0,success_conditional_descriptive_stability_no_physiological_validation,,,,,,,,,,,,,,,,,,,,,
0.004377681530255,20000,0.1792668526342405,0.0001404494382022,,coefficient_vas_mean,MC_PRECISION_INSUFFICIENT,descriptive_empirical_resampling_not_population_coverage,12,,19988,False,python_remaining,candidate_summary.json,-0.1703138795124825,0.008952973121758,,A_8117955e15d07ede,,,-0.1703138795124825,0.008952973121758,12.0,descriptive_range,,,446.0,166.0,success_conditional_descriptive_stability_no_physiological_validation,,,,,,,,,,,,,,,,,,,,,
0.0033429316667596,20000,0.158408419838209,0.0001404494382022,,coefficient_vas_mean,MC_PRECISION_INSUFFICIENT,descriptive_empirical_resampling_not_population_coverage,4,,19996,False,python_remaining,candidate_summary.json,0.0429328906977801,0.2013413105359891,,A_ad2faf7784072d89,,,0.0429328906977801,0.2013413105359891,4.0,descriptive_range,,,449.0,167.0,success_conditional_descriptive_stability_no_physiological_validation,,,,,,,,,,,,,,,,,,,,,
0.0034603322736823,20000,0.1542839396775127,0.0001404494382022,,coefficient_vas_mean,MC_PRECISION_INSUFFICIENT,descriptive_empirical_resampling_not_population_coverage,3,,19997,False,python_remaining,candidate_summary.json,-0.2442001332565593,-0.0899161935790466,,A_0634a6544ed39532,,,-0.2442001332565593,-0.0899161935790466,3.0,descriptive_range,,,449.0,167.0,success_conditional_descriptive_stability_no_physiological_validation,,,,,,,,,,,,,,,,,,,,,
0.0037055132953067,20000,0.1840536003657001,0.0001404494382022,,coefficient_vas_mean,MC_PRECISION_INSUFFICIENT,descriptive_empirical_resampling_not_population_coverage,6,,19994,False,python_remaining,candidate_summary.json,0.002896650581878,0.1869502509475781,,A_a239e5028db9fec3,,,0.002896650581878,0.1869502509475781,6.0,descriptive_range,,,449.0,167.0,success_conditional_descriptive_stability_no_physiological_validation,,,,,,,,,,,,,,,,,,,,,
0.0035603430921866,20000,0.1806650737593612,0.0001404494382022,,coefficient_vas_mean,MC_PRECISION_MET,descriptive_empirical_resampling_not_population_coverage,2,,19998,False,python_remaining,candidate_summary.json,-0.1946258095662116,-0.0139607358068504,,A_34821e2a1730266a,,,-0.1946258095662116,-0.0139607358068504,2.0,descriptive_range,,,449.0,167.0,success_conditional_descriptive_stability_no_physiological_validation,,,,,,,,,,,,,,,,,,,,,
0.003216164055453,20000,0.1662475783942409,0.0001404494382022,,coefficient_vas_mean,MC_PRECISION_MET,descriptive_empirical_resampling_not_population_coverage,4,,19996,False,python_remaining,candidate_summary.json,0.0425101177139271,0.208757696108168,,A_53da895805c5fb40,,,0.0425101177139271,0.208757696108168,4.0,descriptive_range,,,449.0,167.0,success_conditional_descriptive_stability_no_physiological_validation,,,,,,,,,,,,,,,,,,,,,
0.0039090983096399,20000,0.1666753059626312,0.0001404494382022,,coefficient_vas_mean,MC_PRECISION_INSUFFICIENT,descriptive_empirical_resampling_not_population_coverage,4,,19996,False,python_remaining,candidate_summary.json,-0.2666630082907123,-0.099987702328081,,A_199f045377ba4e5a,,,-0.2666630082907123,-0.099987702328081,4.0,descriptive_range,,,449.0,167.0,success_conditional_descriptive_stability_no_physiological_validation,,,,,,,,,,,,,,,,,,,,,
0.0031145946226692,20000,0.1608372045228212,0.0001404494382022,,coefficient_vas_mean,MC_PRECISION_MET,descriptive_empirical_resampling_not_population_coverage,2,,19998,False,python_remaining,candidate_summary.json,0.0940408371855888,0.25487804170841,,A_f7e7779e48e82d31,,,0.0940408371855888,0.25487804170841,2.0,descriptive_range,,,449.0,167.0,success_conditional_descriptive_stability_no_physiological_validation,,,,,,,,,,,,,,,,,,,,,
0.0036816899956416,20000,0.1866232876923295,0.0001404494382022,,coefficient_vas_mean,MC_PRECISION_MET,descriptive_empirical_resampling_not_population_coverage,5,,19995,False,python_remaining,candidate_summary.json,-0.1345798703494098,0.0520434173429196,,A_4d7c2f1f67321842,,,-0.1345798703494098,0.0520434173429196,5.0,descriptive_range,,,449.0,167.0,success_conditional_descriptive_stability_no_physiological_validation,,,,,,,,,,,,,,,,,,,,,
0.0033658695721733,20000,0.1759091933352276,0.0001404494382022,,coefficient_vas_mean,MC_PRECISION_MET,descriptive_empirical_resampling_not_population_coverage,8,,19992,False,python_remaining,candidate_summary.json,-0.0051777686909625,0.1707314246442651,,A_4a4af13574527dd5,,,-0.0051777686909625,0.1707314246442651,8.0,descriptive_range,,,449.0,167.0,success_conditional_descriptive_stability_no_physiological_validation,,,,,,,,,,,,,,,,,,,,,
0.0033924098960414,20000,0.1759964670721629,0.0001404494382022,,coefficient_vas_mean,MC_PRECISION_MET,descriptive_empirical_resampling_not_population_coverage,4,,19996,False,python_remaining,candidate_summary.json,-0.1910316833270833,-0.0150352162549204,,A_6695d90a009846ae,,,-0.1910316833270833,-0.0150352162549204,4.0,descriptive_range,,,449.0,167.0,success_conditional_descriptive_stability_no_physiological_validation,,,,,,,,,,,,,,,,,,,,,
0.003691505630599,20000,0.1817842631911377,0.0001404494382022,,coefficient_vas_mean,MC_PRECISION_INSUFFICIENT,descriptive_empirical_resampling_not_population_coverage,2,,19998,False,python_remaining,candidate_summary.json,-0.0427024161254874,0.1390818470656503,,A_9c0985d90142e044,,,-0.0427024161254874,0.1390818470656503,2.0,descriptive_range,,,440.0,164.0,success_conditional_descriptive_stability_no_physiological_validation,,,,,,,,,,,,,,,,,,,,,
0.004107384513522,20000,0.1902261018542174,0.0001404494382022,,coefficient_vas_mean,MC_PRECISION_INSUFFICIENT,descriptive_empirical_resampling_not_population_coverage,3,,19997,False,python_remaining,candidate_summary.json,-0.1130823428521156,0.0771437590021017,,A_4c7926fcf9f1254b,,,-0.1130823428521156,0.0771437590021017,3.0,descriptive_range,,,440.0,164.0,success_conditional_descriptive_stability_no_physiological_validation,,,,,,,,,,,,,,,,,,,,,
0.0033102447058637,20000,0.1701046404496465,0.0001404494382022,,coefficient_vas_mean,MC_PRECISION_MET,descriptive_empirical_resampling_not_population_coverage,4,,19996,False,python_remaining,candidate_summary.json,-0.009008768915553,0.1610958715340935,,A_3cf809391077cbc6,,,-0.009008768915553,0.1610958715340935,4.0,descriptive_range,,,436.0,162.0,success_conditional_descriptive_stability_no_physiological_validation,,,,,,,,,,,,,,,,,,,,,
0.0034430014481248,20000,0.1715486701213203,0.0001404494382022,,coefficient_vas_mean,MC_PRECISION_INSUFFICIENT,descriptive_empirical_resampling_not_population_coverage,7,,19993,False,python_remaining,candidate_summary.json,-0.170528683049056,0.0010199870722642,,A_00517bbe03ed8ce8,,,-0.170528683049056,0.0010199870722642,7.0,descriptive_range,,,436.0,162.0,success_conditional_descriptive_stability_no_physiological_validation,,,,,,,,,,,,,,,,,,,,,
0.0041975186970975,20000,0.1803742498000577,0.0001404494382022,,coefficient_vas_mean,MC_PRECISION_INSUFFICIENT,descriptive_empirical_resampling_not_population_coverage,6,,19994,False,python_remaining,candidate_summary.json,-0.0085206416293652,0.1718536081706924,,A_9958238aaf1ddc9d,,,-0.0085206416293652,0.1718536081706924,6.0,descriptive_range,,,437.0,163.0,success_conditional_descriptive_stability_no_physiological_validation,,,,,,,,,,,,,,,,,,,,,
0.0040167062005336,20000,0.1893737174193552,0.0001404494382022,,coefficient_vas_mean,MC_PRECISION_INSUFFICIENT,descriptive_empirical_resampling_not_population_coverage,4,,19996,False,python_remaining,candidate_summary.json,-0.0961759994664206,0.0931977179529346,,A_7d912fe16af7a3d7,,,-0.0961759994664206,0.0931977179529346,4.0,descriptive_range,,,437.0,163.0,success_conditional_descriptive_stability_no_physiological_validation,,,,,,,,,,,,,,,,,,,,,
0.0034992529821995,20000,0.1656642890164265,0.0001404494382022,,coefficient_vas_mean,MC_PRECISION_INSUFFICIENT,descriptive_empirical_resampling_not_population_coverage,5,,19995,False,python_remaining,candidate_summary.json,0.0576654444914757,0.2233297335079023,,A_2a4c15d083bfcd9e,,,0.0576654444914757,0.2233297335079023,5.0,descriptive_range,,,444.0,165.0,success_conditional_descriptive_stability_no_physiological_validation,,,,,,,,,,,,,,,,,,,,,
0.0038756262398111,20000,0.1748387195761294,0.0001404494382022,,coefficient_vas_mean,MC_PRECISION_INSUFFICIENT,descriptive_empirical_resampling_not_population_coverage,7,,19993,False,python_remaining,candidate_summary.json,-0.1719880915145131,0.0028506280616163,,A_d2865d4c965d8771,,,-0.1719880915145131,0.0028506280616163,7.0,descriptive_range,,,444.0,165.0,success_conditional_descriptive_stability_no_physiological_validation,,,,,,,,,,,,,,,,,,,,,
0.0066596131235681,20000,0.3179460616671165,0.0001404494382022,,coefficient_egg_value,MC_PRECISION_INSUFFICIENT,descriptive_empirical_resampling_not_population_coverage,0,,20000,False,python_remaining,candidate_summary.json,-0.1290551116794304,0.1888909499876861,,A_2424872a3a611332,,,-0.1290551116794304,0.1888909499876861,0.0,descriptive_range,,,301.0,121.0,success_conditional_descriptive_stability_no_physiological_validation,,,,,,,,,,,,,,,,,,,,,
0.0108234690818489,20000,0.5529961030376835,0.0001404494382022,,coefficient_egg_value,MC_PRECISION_MET,descriptive_empirical_resampling_not_population_coverage,0,,20000,False,python_remaining,candidate_summary.json,-0.3280488342066935,0.22494726883099,,A_d8bc00b45798b130,,,-0.3280488342066935,0.22494726883099,0.0,descriptive_range,,,301.0,121.0,success_conditional_descriptive_stability_no_physiological_validation,,,,,,,,,,,,,,,,,,,,,
0.0525433800201815,20000,2.596350860721498,0.0001404494382022,,coefficient_egg_value,MC_PRECISION_INSUFFICIENT,descriptive_empirical_resampling_not_population_coverage,0,,20000,False,python_remaining,candidate_summary.json,-1.361959034187893,1.234391826533605,,A_b399745f762dc5ef,,,-1.361959034187893,1.234391826533605,0.0,descriptive_range,,,301.0,121.0,success_conditional_descriptive_stability_no_physiological_validation,,,,,,,,,,,,,,,,,,,,,
0.0080794506280787,20000,0.3474286744428868,0.0001404494382022,,coefficient_egg_value,MC_PRECISION_INSUFFICIENT,descriptive_empirical_resampling_not_population_coverage,0,,20000,False,python_remaining,candidate_summary.json,-0.2021681286551802,0.1452605457877066,,A_d5506838667ac1fe,,,-0.2021681286551802,0.1452605457877066,0.0,descriptive_range,,,301.0,121.0,success_conditional_descriptive_stability_no_physiological_validation,,,,,,,,,,,,,,,,,,,,,
0.0121750627780527,20000,0.5660688969774754,0.0001404494382022,,coefficient_egg_value,MC_PRECISION_INSUFFICIENT,descriptive_empirical_resampling_not_population_coverage,0,,20000,False,python_remaining,candidate_summary.json,-0.1472543244986016,0.4188145724788737,,A_1273041bfe288bad,,,-0.1472543244986016,0.4188145724788737,0.0,descriptive_range,,,301.0,121.0,success_conditional_descriptive_stability_no_physiological_validation,,,,,,,,,,,,,,,,,,,,,
0.0678228666637494,20000,2.6009292838502636,0.0001404494382022,,coefficient_egg_value,MC_PRECISION_INSUFFICIENT,descriptive_empirical_resampling_not_population_coverage,0,,20000,False,python_remaining,candidate_summary.json,-0.6278725329238052,1.9730567509264585,,A_35321c8a158904eb,,,-0.6278725329238052,1.9730567509264585,0.0,descriptive_range,,,301.0,121.0,success_conditional_descriptive_stability_no_physiological_validation,,,,,,,,,,,,,,,,,,,,,
0.0075364746526769,20000,0.3478671325431976,0.0001404494382022,,coefficient_egg_value,MC_PRECISION_INSUFFICIENT,descriptive_empirical_resampling_not_population_coverage,0,,20000,False,python_remaining,candidate_summary.json,-0.0584278541004571,0.2894392784427405,,A_094c884d93f6ec97,,,-0.0584278541004571,0.2894392784427405,0.0,descriptive_range,,,301.0,121.0,success_conditional_descriptive_stability_no_physiological_validation,,,,,,,,,,,,,,,,,,,,,
0.0100482757444204,20000,0.5154343421004083,0.0001404494382022,,coefficient_egg_value,MC_PRECISION_MET,descriptive_empirical_resampling_not_population_coverage,0,,20000,False,python_remaining,candidate_summary.json,-0.2657153083864037,0.2497190337140045,,A_5c064b7f07151bd4,,,-0.2657153083864037,0.2497190337140045,0.0,descriptive_range,,,301.0,121.0,success_conditional_descriptive_stability_no_physiological_validation,,,,,,,,,,,,,,,,,,,,,
0.0745508093634543,20000,2.790153277423991,0.0001404494382022,,coefficient_egg_value,MC_PRECISION_INSUFFICIENT,descriptive_empirical_resampling_not_population_coverage,0,,20000,False,python_remaining,candidate_summary.json,-1.6632217174042476,1.1269315600197436,,A_4a966040fbb42fb3,,,-1.6632217174042476,1.1269315600197436,0.0,descriptive_range,,,301.0,121.0,success_conditional_descriptive_stability_no_physiological_validation,,,,,,,,,,,,,,,,,,,,,
0.0082911458107553,20000,0.3093005405306729,0.0001404494382022,,coefficient_egg_value,MC_PRECISION_INSUFFICIENT,descriptive_empirical_resampling_not_population_coverage,0,,20000,False,python_remaining,candidate_summary.json,-0.1554581365233273,0.1538424040073456,,A_cb6d286d74bb60f3,,,-0.1554581365233273,0.1538424040073456,0.0,descriptive_range,,,301.0,121.0,success_conditional_descriptive_stability_no_physiological_validation,,,,,,,,,,,,,,,,,,,,,
0.0118484101481003,20000,0.532847997255582,0.0001404494382022,,coefficient_egg_value,MC_PRECISION_INSUFFICIENT,descriptive_empirical_resampling_not_population_coverage,0,,20000,False,python_remaining,candidate_summary.json,-0.3177932159736277,0.2150547812819542,,A_9ad56232f89b5fc7,,,-0.3177932159736277,0.2150547812819542,0.0,descriptive_range,,,301.0,121.0,success_conditional_descriptive_stability_no_physiological_validation,,,,,,,,,,,,,,,,,,,,,
0.0541669538226351,20000,2.3733818583116495,0.0001404494382022,,coefficient_egg_value,MC_PRECISION_INSUFFICIENT,descriptive_empirical_resampling_not_population_coverage,0,,20000,False,python_remaining,candidate_summary.json,-1.4286069852981385,0.9447748730135112,,A_18e4834bde01c5e1,,,-1.4286069852981385,0.9447748730135112,0.0,descriptive_range,,,301.0,121.0,success_conditional_descriptive_stability_no_physiological_validation,,,,,,,,,,,,,,,,,,,,,
0.0059323082267861,20000,0.3277804691770354,0.0001404494382022,,coefficient_egg_value,MC_PRECISION_MET,descriptive_empirical_resampling_not_population_coverage,0,,20000,False,python_remaining,candidate_summary.json,-0.0479223722637716,0.2798580969132638,,A_468a5462ab7be38a,,,-0.0479223722637716,0.2798580969132638,0.0,descriptive_range,,,304.0,122.0,success_conditional_descriptive_stability_no_physiological_validation,,,,,,,,,,,,,,,,,,,,,
0.0116696551547371,20000,0.5669550175504762,0.0001404494382022,,coefficient_egg_value,MC_PRECISION_INSUFFICIENT,descriptive_empirical_resampling_not_population_coverage,0,,20000,False,python_remaining,candidate_summary.json,-0.1127794260603078,0.4541755914901683,,A_455b12e6c8d890d6,,,-0.1127794260603078,0.4541755914901683,0.0,descriptive_range,,,304.0,122.0,success_conditional_descriptive_stability_no_physiological_validation,,,,,,,,,,,,,,,,,,,,,
0.0622317098530602,20000,2.90019401272788,0.0001404494382022,,coefficient_egg_value,MC_PRECISION_INSUFFICIENT,descriptive_empirical_resampling_not_population_coverage,0,,20000,False,python_remaining,candidate_summary.json,-1.1561136751602663,1.7440803375676135,,A_d9b6871d3ccff85b,,,-1.1561136751602663,1.7440803375676135,0.0,descriptive_range,,,304.0,122.0,success_conditional_descriptive_stability_no_physiological_validation,,,,,,,,,,,,,,,,,,,,,
0.0065899291431578,20000,0.3525696693460174,0.0001404494382022,,coefficient_egg_value,MC_PRECISION_MET,descriptive_empirical_resampling_not_population_coverage,0,,20000,False,python_remaining,candidate_summary.json,-0.0896621020685017,0.2629075672775157,,A_30080c1b42dbe1da,,,-0.0896621020685017,0.2629075672775157,0.0,descriptive_range,,,304.0,122.0,success_conditional_descriptive_stability_no_physiological_validation,,,,,,,,,,,,,,,,,,,,,
0.0138394782948367,20000,0.5487269899727297,0.0001404494382022,,coefficient_egg_value,MC_PRECISION_INSUFFICIENT,descriptive_empirical_resampling_not_population_coverage,0,,20000,False,python_remaining,candidate_summary.json,-0.4647137232347448,0.0840132667379849,,A_de13a5816df30a3f,,,-0.4647137232347448,0.0840132667379849,0.0,descriptive_range,,,304.0,122.0,success_conditional_descriptive_stability_no_physiological_validation,,,,,,,,,,,,,,,,,,,,,
0.0592686780246256,20000,2.504869278564634,0.0001404494382022,,coefficient_egg_value,MC_PRECISION_INSUFFICIENT,descriptive_empirical_resampling_not_population_coverage,0,,20000,False,python_remaining,candidate_summary.json,-2.190780815344108,0.3140884632205258,,A_f01c9b32796472bc,,,-2.190780815344108,0.3140884632205258,0.0,descriptive_range,,,304.0,122.0,success_conditional_descriptive_stability_no_physiological_validation,,,,,,,,,,,,,,,,,,,,,
0.0081896933046736,20000,0.36155774271335,0.0001404494382022,,coefficient_egg_value,MC_PRECISION_INSUFFICIENT,descriptive_empirical_resampling_not_population_coverage,0,,20000,False,python_remaining,candidate_summary.json,-0.0902823972252203,0.2712753454881297,,A_5539d29225ccfc24,,,-0.0902823972252203,0.2712753454881297,0.0,descriptive_range,,,304.0,122.0,success_conditional_descriptive_stability_no_physiological_validation,,,,,,,,,,,,,,,,,,,,,
0.0110759437620574,20000,0.5407225899731849,0.0001404494382022,,coefficient_egg_value,MC_PRECISION_INSUFFICIENT,descriptive_empirical_resampling_not_population_coverage,0,,20000,False,python_remaining,candidate_summary.json,-0.3743035614752099,0.166419028497975,,A_9dd43db409175137,,,-0.3743035614752099,0.166419028497975,0.0,descriptive_range,,,304.0,122.0,success_conditional_descriptive_stability_no_physiological_validation,,,,,,,,,,,,,,,,,,,,,
0.0539386171039499,20000,2.6334135326575083,0.0001404494382022,,coefficient_egg_value,MC_PRECISION_INSUFFICIENT,descriptive_empirical_resampling_not_population_coverage,0,,20000,False,python_remaining,candidate_summary.json,-1.6486533348564247,0.9847601978010836,,A_155195ceb91002d3,,,-1.6486533348564247,0.9847601978010836,0.0,descriptive_range,,,304.0,122.0,success_conditional_descriptive_stability_no_physiological_validation,,,,,,,,,,,,,,,,,,,,,
0.007973379231367,20000,0.3648136674997629,0.0001404494382022,,coefficient_egg_value,MC_PRECISION_INSUFFICIENT,descriptive_empirical_resampling_not_population_coverage,0,,20000,False,python_remaining,candidate_summary.json,-0.2425661992350133,0.1222474682647496,,A_dc8ca4c78d19ff24,,,-0.2425661992350133,0.1222474682647496,0.0,descriptive_range,,,304.0,122.0,success_conditional_descriptive_stability_no_physiological_validation,,,,,,,,,,,,,,,,,,,,,
0.0110970585764546,20000,0.5254007415402439,0.0001404494382022,,coefficient_egg_value,MC_PRECISION_INSUFFICIENT,descriptive_empirical_resampling_not_population_coverage,0,,20000,False,python_remaining,candidate_summary.json,-0.1543818318074815,0.3710189097327623,,A_074c71ab05fb6d51,,,-0.1543818318074815,0.3710189097327623,0.0,descriptive_range,,,304.0,122.0,success_conditional_descriptive_stability_no_physiological_validation,,,,,,,,,,,,,,,,,,,,,
0.0525372986625531,20000,2.388662595644334,0.0001404494382022,,coefficient_egg_value,MC_PRECISION_INSUFFICIENT,descriptive_empirical_resampling_not_population_coverage,0,,20000,False,python_remaining,candidate_summary.json,-0.9900803390104044,1.3985822566339297,,A_015fddb9feee38e5,,,-0.9900803390104044,1.3985822566339297,0.0,descriptive_range,,,304.0,122.0,success_conditional_descriptive_stability_no_physiological_validation,,,,,,,,,,,,,,,,,,,,,
0.0060226006093144,20000,0.3168432586631193,0.0001404494382022,,coefficient_egg_value,MC_PRECISION_MET,descriptive_empirical_resampling_not_population_coverage,0,,20000,False,python_remaining,candidate_summary.json,0.0114642121460346,0.3283074708091539,,A_3f56568b169c450c,,,0.0114642121460346,0.3283074708091539,0.0,descriptive_range,,,304.0,122.0,success_conditional_descriptive_stability_no_physiological_validation,,,,,,,,,,,,,,,,,,,,,
0.0108931827142618,20000,0.4947832744752793,0.0001404494382022,,coefficient_egg_value,MC_PRECISION_INSUFFICIENT,descriptive_empirical_resampling_not_population_coverage,0,,20000,False,python_remaining,candidate_summary.json,-0.140888069452007,0.3538952050232723,,A_9fb29d1b1c7cca18,,,-0.140888069452007,0.3538952050232723,0.0,descriptive_range,,,304.0,122.0,success_conditional_descriptive_stability_no_physiological_validation,,,,,,,,,,,,,,,,,,,,,
0.055957277462993,20000,2.5785517972062113,0.0001404494382022,,coefficient_egg_value,MC_PRECISION_INSUFFICIENT,descriptive_empirical_resampling_not_population_coverage,0,,20000,False,python_remaining,candidate_summary.json,-1.310282131209324,1.2682696659968875,,A_064d25f8dc76e58c,,,-1.310282131209324,1.2682696659968875,0.0,descriptive_range,,,304.0,122.0,success_conditional_descriptive_stability_no_physiological_validation,,,,,,,,,,,,,,,,,,,,,
0.0070871199252809,20000,0.3424122119477408,0.0001404494382022,,coefficient_egg_value,MC_PRECISION_INSUFFICIENT,descriptive_empirical_resampling_not_population_coverage,0,,20000,False,python_remaining,candidate_summary.json,-0.2141050846497864,0.1283071272979544,,A_d3bbd37b8ba0a506,,,-0.2141050846497864,0.1283071272979544,0.0,descriptive_range,,,304.0,122.0,success_conditional_descriptive_stability_no_physiological_validation,,,,,,,,,,,,,,,,,,,,,
0.0120014851900119,20000,0.545149710329609,0.0001404494382022,,coefficient_egg_value,MC_PRECISION_INSUFFICIENT,descriptive_empirical_resampling_not_population_coverage,0,,20000,False,python_remaining,candidate_summary.json,-0.3727196786529987,0.1724300316766102,,A_b5bc7b4e7bbad76f,,,-0.3727196786529987,0.1724300316766102,0.0,descriptive_range,,,304.0,122.0,success_conditional_descriptive_stability_no_physiological_validation,,,,,,,,,,,,,,,,,,,,,
0.0553046114587787,20000,2.7241384431729294,0.0001404494382022,,coefficient_egg_value,MC_PRECISION_INSUFFICIENT,descriptive_empirical_resampling_not_population_coverage,0,,20000,False,python_remaining,candidate_summary.json,-1.632576508828979,1.0915619343439504,,A_07a725f68bc9f15d,,,-1.632576508828979,1.0915619343439504,0.0,descriptive_range,,,304.0,122.0,success_conditional_descriptive_stability_no_physiological_validation,,,,,,,,,,,,,,,,,,,,,
0.0067106528459485,20000,0.3446331039119427,0.0001404494382022,,coefficient_egg_value,MC_PRECISION_MET,descriptive_empirical_resampling_not_population_coverage,0,,20000,False,python_remaining,candidate_summary.json,-0.0991311036469487,0.245502000264994,,A_3d4d70f8aef7d910,,,-0.0991311036469487,0.245502000264994,0.0,descriptive_range,,,304.0,122.0,success_conditional_descriptive_stability_no_physiological_validation,,,,,,,,,,,,,,,,,,,,,
0.0108908431768752,20000,0.4987428332540312,0.0001404494382022,,coefficient_egg_value,MC_PRECISION_INSUFFICIENT,descriptive_empirical_resampling_not_population_coverage,0,,20000,False,python_remaining,candidate_summary.json,-0.0118296598634645,0.4869131733905666,,A_84cea9464aa3750e,,,-0.0118296598634645,0.4869131733905666,0.0,descriptive_range,,,304.0,122.0,success_conditional_descriptive_stability_no_physiological_validation,,,,,,,,,,,,,,,,,,,,,
0.0517823659453817,20000,2.5252250551104183,0.0001404494382022,,coefficient_egg_value,MC_PRECISION_INSUFFICIENT,descriptive_empirical_resampling_not_population_coverage,0,,20000,False,python_remaining,candidate_summary.json,-0.3488448286878969,2.176380226422521,,A_1d6982f4aa3846af,,,-0.3488448286878969,2.176380226422521,0.0,descriptive_range,,,304.0,122.0,success_conditional_descriptive_stability_no_physiological_validation,,,,,,,,,,,,,,,,,,,,,
0.0080303769858642,20000,0.3520618594386628,0.0001404494382022,,coefficient_egg_value,MC_PRECISION_INSUFFICIENT,descriptive_empirical_resampling_not_population_coverage,0,,20000,False,python_remaining,candidate_summary.json,-0.1245315723721214,0.2275302870665414,,A_326e549593b47a14,,,-0.1245315723721214,0.2275302870665414,0.0,descriptive_range,,,304.0,122.0,success_conditional_descriptive_stability_no_physiological_validation,,,,,,,,,,,,,,,,,,,,,
0.0116863956039144,20000,0.5422179521370561,0.0001404494382022,,coefficient_egg_value,MC_PRECISION_INSUFFICIENT,descriptive_empirical_resampling_not_population_coverage,0,,20000,False,python_remaining,candidate_summary.json,-0.1873781729130987,0.3548397792239574,,A_67487865eb18f5af,,,-0.1873781729130987,0.3548397792239574,0.0,descriptive_range,,,304.0,122.0,success_conditional_descriptive_stability_no_physiological_validation,,,,,,,,,,,,,,,,,,,,,
0.0512908426862255,20000,2.553643632869826,0.0001404494382022,,coefficient_egg_value,MC_PRECISION_INSUFFICIENT,descriptive_empirical_resampling_not_population_coverage,0,,20000,False,python_remaining,candidate_summary.json,-1.0641532443572153,1.489490388512611,,A_4a3f4dd33cbe1498,,,-1.0641532443572153,1.489490388512611,0.0,descriptive_range,,,304.0,122.0,success_conditional_descriptive_stability_no_physiological_validation,,,,,,,,,,,,,,,,,,,,,
0.0059340096148133,20000,0.3023610934945477,0.0001404494382022,,coefficient_egg_value,MC_PRECISION_MET,descriptive_empirical_resampling_not_population_coverage,0,,20000,False,python_remaining,candidate_summary.json,0.0544875763008853,0.356848669795433,,A_5f2b22e6e4beca0f,,,0.0544875763008853,0.356848669795433,0.0,descriptive_range,,,304.0,122.0,success_conditional_descriptive_stability_no_physiological_validation,,,,,,,,,,,,,,,,,,,,,
0.0103824865914362,20000,0.4973985080280035,0.0001404494382022,,coefficient_egg_value,MC_PRECISION_INSUFFICIENT,descriptive_empirical_resampling_not_population_coverage,0,,20000,False,python_remaining,candidate_summary.json,-0.2159954990341858,0.2814030089938176,,A_58a160babb42a3c9,,,-0.2159954990341858,0.2814030089938176,0.0,descriptive_range,,,304.0,122.0,success_conditional_descriptive_stability_no_physiological_validation,,,,,,,,,,,,,,,,,,,,,
0.0541296920796057,20000,2.62512154090901,0.0001404494382022,,coefficient_egg_value,MC_PRECISION_INSUFFICIENT,descriptive_empirical_resampling_not_population_coverage,0,,20000,False,python_remaining,candidate_summary.json,-2.0007212312229075,0.6244003096861027,,A_96a5d64adaf18108,,,-2.0007212312229075,0.6244003096861027,0.0,descriptive_range,,,304.0,122.0,success_conditional_descriptive_stability_no_physiological_validation,,,,,,,,,,,,,,,,,,,,,
0.0069635719332113,20000,0.3233937872311512,0.0001404494382022,,coefficient_egg_value,MC_PRECISION_INSUFFICIENT,descriptive_empirical_resampling_not_population_coverage,0,,20000,False,python_remaining,candidate_summary.json,-0.1159463785706779,0.2074474086604733,,A_4da378b49ae8147c,,,-0.1159463785706779,0.2074474086604733,0.0,descriptive_range,,,304.0,122.0,success_conditional_descriptive_stability_no_physiological_validation,,,,,,,,,,,,,,,,,,,,,
0.0130611943407966,20000,0.5308286018453757,0.0001404494382022,,coefficient_egg_value,MC_PRECISION_INSUFFICIENT,descriptive_empirical_resampling_not_population_coverage,0,,20000,False,python_remaining,candidate_summary.json,-0.4104826272181963,0.1203459746271794,,A_98715b76bff3db6e,,,-0.4104826272181963,0.1203459746271794,0.0,descriptive_range,,,304.0,122.0,success_conditional_descriptive_stability_no_physiological_validation,,,,,,,,,,,,,,,,,,,,,
0.0488419992847167,20000,2.498450373541936,0.0001404494382022,,coefficient_egg_value,MC_PRECISION_MET,descriptive_empirical_resampling_not_population_coverage,0,,20000,False,python_remaining,candidate_summary.json,-2.5286992182397077,-0.0302488446977714,,A_180b4bde646efe82,,,-2.5286992182397077,-0.0302488446977714,0.0,descriptive_range,,,304.0,122.0,success_conditional_descriptive_stability_no_physiological_validation,,,,,,,,,,,,,,,,,,,,,
0.0068250805864916,20000,0.3268271333789547,0.0001404494382022,,coefficient_egg_value,MC_PRECISION_INSUFFICIENT,descriptive_empirical_resampling_not_population_coverage,0,,20000,False,python_remaining,candidate_summary.json,-0.1215258050615378,0.2053013283174169,,A_475bf302208abdb5,,,-0.1215258050615378,0.2053013283174169,0.0,descriptive_range,,,299.0,120.0,success_conditional_descriptive_stability_no_physiological_validation,,,,,,,,,,,,,,,,,,,,,
0.010926929941631,20000,0.5107912901963303,0.0001404494382022,,coefficient_egg_value,MC_PRECISION_INSUFFICIENT,descriptive_empirical_resampling_not_population_coverage,0,,20000,False,python_remaining,candidate_summary.json,-0.5681690843129399,-0.0573777941166095,,A_5e16a3b9bb8aa855,,,-0.5681690843129399,-0.0573777941166095,0.0,descriptive_range,,,299.0,120.0,success_conditional_descriptive_stability_no_physiological_validation,,,,,,,,,,,,,,,,,,,,,
0.0553085962583372,20000,2.5640174019804953,0.0001404494382022,,coefficient_egg_value,MC_PRECISION_INSUFFICIENT,descriptive_empirical_resampling_not_population_coverage,0,,20000,False,python_remaining,candidate_summary.json,-1.809478165149383,0.7545392368311123,,A_0799e5a96b948874,,,-1.809478165149383,0.7545392368311123,0.0,descriptive_range,,,299.0,120.0,success_conditional_descriptive_stability_no_physiological_validation,,,,,,,,,,,,,,,,,,,,,
0.0069203304446836,20000,0.3587423013192347,0.0001404494382022,,coefficient_egg_value,MC_PRECISION_MET,descriptive_empirical_resampling_not_population_coverage,0,,20000,False,python_remaining,candidate_summary.json,-0.2877451046244899,0.0709971966947447,,A_b9dba4ca06ffe734,,,-0.2877451046244899,0.0709971966947447,0.0,descriptive_range,,,299.0,120.0,success_conditional_descriptive_stability_no_physiological_validation,,,,,,,,,,,,,,,,,,,,,
0.0125278125931227,20000,0.5725515269982456,0.0001404494382022,,coefficient_egg_value,MC_PRECISION_INSUFFICIENT,descriptive_empirical_resampling_not_population_coverage,0,,20000,False,python_remaining,candidate_summary.json,-0.1678231656986736,0.4047283612995719,,A_4511c62da4741ebc,,,-0.1678231656986736,0.4047283612995719,0.0,descriptive_range,,,299.0,120.0,success_conditional_descriptive_stability_no_physiological_validation,,,,,,,,,,,,,,,,,,,,,
0.0633896354846849,20000,2.6036884683039023,0.0001404494382022,,coefficient_egg_value,MC_PRECISION_INSUFFICIENT,descriptive_empirical_resampling_not_population_coverage,0,,20000,False,python_remaining,candidate_summary.json,-0.2134056491335973,2.390282819170305,,A_9cfd8f2278d62fc5,,,-0.2134056491335973,2.390282819170305,0.0,descriptive_range,,,299.0,120.0,success_conditional_descriptive_stability_no_physiological_validation,,,,,,,,,,,,,,,,,,,,,
0.0086534364423796,20000,0.338756601340456,0.0001404494382022,,coefficient_egg_value,MC_PRECISION_INSUFFICIENT,descriptive_empirical_resampling_not_population_coverage,0,,20000,False,python_remaining,candidate_summary.json,-0.2478186184166525,0.0909379829238034,,A_2f40fe0fd2ec5dc4,,,-0.2478186184166525,0.0909379829238034,0.0,descriptive_range,,,291.0,117.0,success_conditional_descriptive_stability_no_physiological_validation,,,,,,,,,,,,,,,,,,,,,
0.0111981192261244,20000,0.50562628847752,0.0001404494382022,,coefficient_egg_value,MC_PRECISION_INSUFFICIENT,descriptive_empirical_resampling_not_population_coverage,0,,20000,False,python_remaining,candidate_summary.json,-0.282454712675699,0.223171575801821,,A_f50271f49cc2df66,,,-0.282454712675699,0.223171575801821,0.0,descriptive_range,,,291.0,117.0,success_conditional_descriptive_stability_no_physiological_validation,,,,,,,,,,,,,,,,,,,,,
0.060715882402385,20000,2.4484817759591664,0.0001404494382022,,coefficient_egg_value,MC_PRECISION_INSUFFICIENT,descriptive_empirical_resampling_not_population_coverage,0,,20000,False,python_remaining,candidate_summary.json,-0.8862811214721047,1.562200654487062,,A_5996348872813d66,,,-0.8862811214721047,1.562200654487062,0.0,descriptive_range,,,291.0,117.0,success_conditional_descriptive_stability_no_physiological_validation,,,,,,,,,,,,,,,,,,,,,
0.0070944218806292,20000,0.3549054907991145,0.0001404494382022,,coefficient_egg_value,MC_PRECISION_MET,descriptive_empirical_resampling_not_population_coverage,0,,20000,False,python_remaining,candidate_summary.json,-0.221203314062005,0.1337021767371094,,A_3ee447a46853ffb4,,,-0.221203314062005,0.1337021767371094,0.0,descriptive_range,,,291.0,117.0,success_conditional_descriptive_stability_no_physiological_validation,,,,,,,,,,,,,,,,,,,,,
0.0126009529552262,20000,0.55180614825541,0.0001404494382022,,coefficient_egg_value,MC_PRECISION_INSUFFICIENT,descriptive_empirical_resampling_not_population_coverage,0,,20000,False,python_remaining,candidate_summary.json,-0.1400734353635091,0.4117327128919008,,A_3f4ff1edfde8de66,,,-0.1400734353635091,0.4117327128919008,0.0,descriptive_range,,,291.0,117.0,success_conditional_descriptive_stability_no_physiological_validation,,,,,,,,,,,,,,,,,,,,,
0.0513439349076823,20000,2.590548512911534,0.0001404494382022,,coefficient_egg_value,MC_PRECISION_MET,descriptive_empirical_resampling_not_population_coverage,0,,20000,False,python_remaining,candidate_summary.json,-0.97633040463521,1.614218108276324,,A_223682221d1f680d,,,-0.97633040463521,1.614218108276324,0.0,descriptive_range,,,291.0,117.0,success_conditional_descriptive_stability_no_physiological_validation,,,,,,,,,,,,,,,,,,,,,
0.0061186834178808,20000,0.3227646931787822,0.0001404494382022,,coefficient_egg_value,MC_PRECISION_MET,descriptive_empirical_resampling_not_population_coverage,0,,20000,False,python_remaining,candidate_summary.json,-0.0158248481379823,0.3069398450407999,,A_48aa338409744815,,,-0.0158248481379823,0.3069398450407999,0.0,descriptive_range,,,299.0,120.0,success_conditional_descriptive_stability_no_physiological_validation,,,,,,,,,,,,,,,,,,,,,
0.0104639665878049,20000,0.5076284003792823,0.0001404494382022,,coefficient_egg_value,MC_PRECISION_INSUFFICIENT,descriptive_empirical_resampling_not_population_coverage,0,,20000,False,python_remaining,candidate_summary.json,-0.3755850836045283,0.1320433167747539,,A_37c60e41bd0b0e3c,,,-0.3755850836045283,0.1320433167747539,0.0,descriptive_range,,,299.0,120.0,success_conditional_descriptive_stability_no_physiological_validation,,,,,,,,,,,,,,,,,,,,,
0.0549595991269914,20000,2.728216014965283,0.0001404494382022,,coefficient_egg_value,MC_PRECISION_INSUFFICIENT,descriptive_empirical_resampling_not_population_coverage,0,,20000,False,python_remaining,candidate_summary.json,-2.098995447729497,0.6292205672357866,,A_31a6322cc135883a,,,-2.098995447729497,0.6292205672357866,0.0,descriptive_range,,,299.0,120.0,success_conditional_descriptive_stability_no_physiological_validation,,,,,,,,,,,,,,,,,,,,,
0.0072885381361995,20000,0.3398015644401371,0.0001404494382022,,coefficient_egg_value,MC_PRECISION_INSUFFICIENT,descriptive_empirical_resampling_not_population_coverage,0,,20000,False,python_remaining,candidate_summary.json,-0.3440465544712131,-0.004244990031076,,A_9221b2f5f35d5f2b,,,-0.3440465544712131,-0.004244990031076,0.0,descriptive_range,,,299.0,120.0,success_conditional_descriptive_stability_no_physiological_validation,,,,,,,,,,,,,,,,,,,,,
0.0126367029546166,20000,0.5676788385168128,0.0001404494382022,,coefficient_egg_value,MC_PRECISION_INSUFFICIENT,descriptive_empirical_resampling_not_population_coverage,0,,20000,False,python_remaining,candidate_summary.json,-0.2819499292653865,0.2857289092514262,,A_f5bcfd2963bda9ff,,,-0.2819499292653865,0.2857289092514262,0.0,descriptive_range,,,299.0,120.0,success_conditional_descriptive_stability_no_physiological_validation,,,,,,,,,,,,,,,,,,,,,
0.0556912424212561,20000,2.5983701292041834,0.0001404494382022,,coefficient_egg_value,MC_PRECISION_INSUFFICIENT,descriptive_empirical_resampling_not_population_coverage,0,,20000,False,python_remaining,candidate_summary.json,-1.278868183270501,1.3195019459336828,,A_75172323bee96fe8,,,-1.278868183270501,1.3195019459336828,0.0,descriptive_range,,,299.0,120.0,success_conditional_descriptive_stability_no_physiological_validation,,,,,,,,,,,,,,,,,,,,,
0.0056425126883738,20000,0.2682777696166069,0.0001404494382022,,coefficient_egg_value,MC_PRECISION_INSUFFICIENT,descriptive_empirical_resampling_not_population_coverage,0,,20000,False,python_remaining,candidate_summary.json,0.0623243745667627,0.3306021441833696,,A_1a9d63ea56e27f42,,,0.0623243745667627,0.3306021441833696,0.0,descriptive_range,,,299.0,120.0,success_conditional_descriptive_stability_no_physiological_validation,,,,,,,,,,,,,,,,,,,,,
0.0109288993316477,20000,0.4980947274743392,0.0001404494382022,,coefficient_egg_value,MC_PRECISION_INSUFFICIENT,descriptive_empirical_resampling_not_population_coverage,0,,20000,False,python_remaining,candidate_summary.json,0.0725329300365192,0.5706276575108584,,A_184f7df42f3fea9e,,,0.0725329300365192,0.5706276575108584,0.0,descriptive_range,,,299.0,120.0,success_conditional_descriptive_stability_no_physiological_validation,,,,,,,,,,,,,,,,,,,,,
0.0560939210002081,20000,2.551125685031622,0.0001404494382022,,coefficient_egg_value,MC_PRECISION_INSUFFICIENT,descriptive_empirical_resampling_not_population_coverage,0,,20000,False,python_remaining,candidate_summary.json,-0.4201893670339021,2.13093631799772,,A_5536f6ee728bb0c1,,,-0.4201893670339021,2.13093631799772,0.0,descriptive_range,,,299.0,120.0,success_conditional_descriptive_stability_no_physiological_validation,,,,,,,,,,,,,,,,,,,,,
0.0078265650786412,20000,0.3310912126192631,0.0001404494382022,,coefficient_egg_value,MC_PRECISION_INSUFFICIENT,descriptive_empirical_resampling_not_population_coverage,0,,20000,False,python_remaining,candidate_summary.json,-0.0084004325912387,0.3226907800280244,,A_66224d68613d2590,,,-0.0084004325912387,0.3226907800280244,0.0,descriptive_range,,,299.0,120.0,success_conditional_descriptive_stability_no_physiological_validation,,,,,,,,,,,,,,,,,,,,,
0.0104101445899193,20000,0.5149238807570218,0.0001404494382022,,coefficient_egg_value,MC_PRECISION_INSUFFICIENT,descriptive_empirical_resampling_not_population_coverage,0,,20000,False,python_remaining,candidate_summary.json,-0.2817510216143881,0.2331728591426337,,A_eccf18d544db012f,,,-0.2817510216143881,0.2331728591426337,0.0,descriptive_range,,,299.0,120.0,success_conditional_descriptive_stability_no_physiological_validation,,,,,,,,,,,,,,,,,,,,,
0.0530964245892735,20000,2.3498551556608716,0.0001404494382022,,coefficient_egg_value,MC_PRECISION_INSUFFICIENT,descriptive_empirical_resampling_not_population_coverage,0,,20000,False,python_remaining,candidate_summary.json,-2.2613056252246,0.0885495304362714,,A_d16a76f98d4ae2ed,,,-2.2613056252246,0.0885495304362714,0.0,descriptive_range,,,299.0,120.0,success_conditional_descriptive_stability_no_physiological_validation,,,,,,,,,,,,,,,,,,,,,
0.0045809131515926,20000,0.2034618668293604,0.0001404494382022,,coefficient_candidate_HR,MC_PRECISION_INSUFFICIENT,descriptive_empirical_resampling_not_population_coverage,0,,20000,False,python_remaining,candidate_summary.json,0.0566534101024092,0.2601152769317696,,A_69864ba86bbe347b,,,0.0566534101024092,0.2601152769317696,0.0,descriptive_range,,,311.0,125.0,success_conditional_descriptive_stability_no_physiological_validation,,,,,,,,,,,,,,,,,,,,,
0.001421849182979,20000,0.0483475892005648,0.0001404494382022,,coefficient_candidate_RR_RMSSD,MC_PRECISION_INSUFFICIENT,descriptive_empirical_resampling_not_population_coverage,0,,20000,False,python_remaining,candidate_summary.json,-0.0352186675772659,0.0131289216232989,,A_69864ba86bbe347b,,,-0.0352186675772659,0.0131289216232989,0.0,descriptive_range,,,311.0,125.0,success_conditional_descriptive_stability_no_physiological_validation,,,,,,,,,,,,,,,,,,,,,
0.0088360113069312,20000,0.4152307184559237,0.0001404494382022,,coefficient_hb_within_person_SD,MC_PRECISION_INSUFFICIENT,descriptive_empirical_resampling_not_population_coverage,0,,20000,False,python_remaining,candidate_summary.json,-0.2199237854282991,0.1953069330276246,,A_69864ba86bbe347b,,,-0.2199237854282991,0.1953069330276246,0.0,descriptive_range,,,311.0,125.0,success_conditional_descriptive_stability_no_physiological_validation,,,,,,,,,,,,,,,,,,,,,
0.5936329015017918,20000,9.495851571923708,0.0001404494382022,,same_row_SSE_reduction,MC_PRECISION_INSUFFICIENT,descriptive_empirical_resampling_not_population_coverage,0,,20000,False,python_remaining,candidate_summary.json,0.0017737485362658,9.497625320459974,0.01,A_69864ba86bbe347b,,,0.0017737485362658,9.497625320459974,0.0,descriptive_range,,,311.0,125.0,success_conditional_descriptive_stability_no_physiological_validation,,,,,,,,,,,,,,,,,,,,,
0.0045179601462141,20000,0.1991165368146362,0.0001404494382022,,coefficient_candidate_HR,MC_PRECISION_INSUFFICIENT,descriptive_empirical_resampling_not_population_coverage,0,,20000,False,python_remaining,candidate_summary.json,0.057447583568455,0.2565641203830913,,A_b41367d79cc2d1ec,,,0.057447583568455,0.2565641203830913,0.0,descriptive_range,,,311.0,125.0,success_conditional_descriptive_stability_no_physiological_validation,,,,,,,,,,,,,,,,,,,,,
0.0014273006963998,20000,0.0475320328883917,0.0001404494382022,,coefficient_candidate_RR_RMSSD,MC_PRECISION_INSUFFICIENT,descriptive_empirical_resampling_not_population_coverage,0,,20000,False,python_remaining,candidate_summary.json,-0.0342508623439546,0.013281170544437,,A_b41367d79cc2d1ec,,,-0.0342508623439546,0.013281170544437,0.0,descriptive_range,,,311.0,125.0,success_conditional_descriptive_stability_no_physiological_validation,,,,,,,,,,,,,,,,,,,,,
0.0088223529869276,20000,0.4000020445929515,0.0001404494382022,,coefficient_hb_within_person_SD,MC_PRECISION_INSUFFICIENT,descriptive_empirical_resampling_not_population_coverage,0,,20000,False,python_remaining,candidate_summary.json,-0.2081459511636854,0.1918560934292661,,A_b41367d79cc2d1ec,,,-0.2081459511636854,0.1918560934292661,0.0,descriptive_range,,,311.0,125.0,success_conditional_descriptive_stability_no_physiological_validation,,,,,,,,,,,,,,,,,,,,,
0.5295517889645112,20000,9.228269334981803,0.0001404494382022,,same_row_SSE_reduction,MC_PRECISION_INSUFFICIENT,descriptive_empirical_resampling_not_population_coverage,0,,20000,False,python_remaining,candidate_summary.json,0.0022485618112,9.230517896793003,0.01,A_b41367d79cc2d1ec,,,0.0022485618112,9.230517896793003,0.0,descriptive_range,,,311.0,125.0,success_conditional_descriptive_stability_no_physiological_validation,,,,,,,,,,,,,,,,,,,,,
0.0042388890546839,20000,0.2097035454669832,0.0001404494382022,,coefficient_candidate_HR,MC_PRECISION_INSUFFICIENT,descriptive_empirical_resampling_not_population_coverage,0,,20000,False,python_remaining,candidate_summary.json,0.0286612796940881,0.2383648251610713,,A_13b87e3c041e83b5,,,0.0286612796940881,0.2383648251610713,0.0,descriptive_range,,,311.0,125.0,success_conditional_descriptive_stability_no_physiological_validation,,,,,,,,,,,,,,,,,,,,,
0.0012368578486912,20000,0.0470538761231798,0.0001404494382022,,coefficient_candidate_RR_RMSSD,MC_PRECISION_INSUFFICIENT,descriptive_empirical_resampling_not_population_coverage,0,,20000,False,python_remaining,candidate_summary.json,-0.0337608650444681,0.0132930110787117,,A_13b87e3c041e83b5,,,-0.0337608650444681,0.0132930110787117,0.0,descriptive_range,,,311.0,125.0,success_conditional_descriptive_stability_no_physiological_validation,,,,,,,,,,,,,,,,,,,,,
0.0080666158823924,20000,0.3871165765257289,0.0001404494382022,,coefficient_hb_within_person_SD,MC_PRECISION_INSUFFICIENT,descriptive_empirical_resampling_not_population_coverage,0,,20000,False,python_remaining,candidate_summary.json,-0.0683490490974288,0.3187675274283,,A_13b87e3c041e83b5,,,-0.0683490490974288,0.3187675274283,0.0,descriptive_range,,,311.0,125.0,success_conditional_descriptive_stability_no_physiological_validation,,,,,,,,,,,,,,,,,,,,,
0.7993391336720492,20000,15.40734935915333,0.0001404494382022,,same_row_SSE_reduction,MC_PRECISION_INSUFFICIENT,descriptive_empirical_resampling_not_population_coverage,0,,20000,False,python_remaining,candidate_summary.json,0.0071414123959243,15.414490771549254,0.01,A_13b87e3c041e83b5,,,0.0071414123959243,15.414490771549254,0.0,descriptive_range,,,311.0,125.0,success_conditional_descriptive_stability_no_physiological_validation,,,,,,,,,,,,,,,,,,,,,
0.0048072225714699,20000,0.2115768487805006,0.0001404494382022,,coefficient_candidate_HR,MC_PRECISION_INSUFFICIENT,descriptive_empirical_resampling_not_population_coverage,0,,20000,False,python_remaining,candidate_summary.json,0.0353537197060929,0.2469305684865936,,A_68ef6c8d34b9789c,,,0.0353537197060929,0.2469305684865936,0.0,descriptive_range,,,311.0,125.0,success_conditional_descriptive_stability_no_physiological_validation,,,,,,,,,,,,,,,,,,,,,
0.0013970479894593,20000,0.049491086438522,0.0001404494382022,,coefficient_candidate_RR_RMSSD,MC_PRECISION_INSUFFICIENT,descriptive_empirical_resampling_not_population_coverage,0,,20000,False,python_remaining,candidate_summary.json,-0.0354092615356691,0.0140818249028528,,A_68ef6c8d34b9789c,,,-0.0354092615356691,0.0140818249028528,0.0,descriptive_range,,,311.0,125.0,success_conditional_descriptive_stability_no_physiological_validation,,,,,,,,,,,,,,,,,,,,,
0.0090309374614448,20000,0.434208702554951,0.0001404494382022,,coefficient_hb_within_person_SD,MC_PRECISION_INSUFFICIENT,descriptive_empirical_resampling_not_population_coverage,0,,20000,False,python_remaining,candidate_summary.json,-0.2822517586947397,0.1519569438602113,,A_68ef6c8d34b9789c,,,-0.2822517586947397,0.1519569438602113,0.0,descriptive_range,,,311.0,125.0,success_conditional_descriptive_stability_no_physiological_validation,,,,,,,,,,,,,,,,,,,,,
0.8251922671295233,20000,12.228816582435227,0.0001404494382022,,same_row_SSE_reduction,MC_PRECISION_INSUFFICIENT,descriptive_empirical_resampling_not_population_coverage,0,,20000,False,python_remaining,candidate_summary.json,0.0030373214677865,12.231853903903016,0.01,A_68ef6c8d34b9789c,,,0.0030373214677865,12.231853903903016,0.0,descriptive_range,,,311.0,125.0,success_conditional_descriptive_stability_no_physiological_validation,,,,,,,,,,,,,,,,,,,,,
0.0052956631111016,20000,0.2215977357363774,0.0001404494382022,,coefficient_candidate_HR,MC_PRECISION_INSUFFICIENT,descriptive_empirical_resampling_not_population_coverage,0,,20000,False,python_remaining,candidate_summary.json,0.027866658806735,0.2494643945431125,,A_094c1a14755473e8,,,0.027866658806735,0.2494643945431125,0.0,descriptive_range,,,314.0,126.0,success_conditional_descriptive_stability_no_physiological_validation,,,,,,,,,,,,,,,,,,,,,
0.0013071211305064,20000,0.0479852102744031,0.0001404494382022,,coefficient_candidate_RR_RMSSD,MC_PRECISION_INSUFFICIENT,descriptive_empirical_resampling_not_population_coverage,0,,20000,False,python_remaining,candidate_summary.json,-0.0326121334297827,0.0153730768446203,,A_094c1a14755473e8,,,-0.0326121334297827,0.0153730768446203,0.0,descriptive_range,,,314.0,126.0,success_conditional_descriptive_stability_no_physiological_validation,,,,,,,,,,,,,,,,,,,,,
0.0091356120210507,20000,0.4345050478835293,0.0001404494382022,,coefficient_hb_within_person_SD,MC_PRECISION_INSUFFICIENT,descriptive_empirical_resampling_not_population_coverage,0,,20000,False,python_remaining,candidate_summary.json,-0.0836214758872212,0.3508835719963081,,A_094c1a14755473e8,,,-0.0836214758872212,0.3508835719963081,0.0,descriptive_range,,,314.0,126.0,success_conditional_descriptive_stability_no_physiological_validation,,,,,,,,,,,,,,,,,,,,,
1.0892314022432856,20000,18.179386716098236,0.0001404494382022,,same_row_SSE_reduction,MC_PRECISION_INSUFFICIENT,descriptive_empirical_resampling_not_population_coverage,0,,20000,False,python_remaining,candidate_summary.json,0.0075304168494199,18.186917132947656,0.01,A_094c1a14755473e8,,,0.0075304168494199,18.186917132947656,0.0,descriptive_range,,,314.0,126.0,success_conditional_descriptive_stability_no_physiological_validation,,,,,,,,,,,,,,,,,,,,,
0.0049999345922813,20000,0.2113724147135595,0.0001404494382022,,coefficient_candidate_HR,MC_PRECISION_INSUFFICIENT,descriptive_empirical_resampling_not_population_coverage,0,,20000,False,python_remaining,candidate_summary.json,0.0286169809401167,0.2399893956536762,,A_2f3346ecfecb3c1b,,,0.0286169809401167,0.2399893956536762,0.0,descriptive_range,,,314.0,126.0,success_conditional_descriptive_stability_no_physiological_validation,,,,,,,,,,,,,,,,,,,,,
0.0015751499168049,20000,0.0490196157724162,0.0001404494382022,,coefficient_candidate_RR_RMSSD,MC_PRECISION_INSUFFICIENT,descriptive_empirical_resampling_not_population_coverage,0,,20000,False,python_remaining,candidate_summary.json,-0.0310110306805808,0.0180085850918353,,A_2f3346ecfecb3c1b,,,-0.0310110306805808,0.0180085850918353,0.0,descriptive_range,,,314.0,126.0,success_conditional_descriptive_stability_no_physiological_validation,,,,,,,,,,,,,,,,,,,,,
0.0093399285448202,20000,0.4084870658680579,0.0001404494382022,,coefficient_hb_within_person_SD,MC_PRECISION_INSUFFICIENT,descriptive_empirical_resampling_not_population_coverage,0,,20000,False,python_remaining,candidate_summary.json,-0.4278518800495833,-0.0193648141815253,,A_2f3346ecfecb3c1b,,,-0.4278518800495833,-0.0193648141815253,0.0,descriptive_range,,,314.0,126.0,success_conditional_descriptive_stability_no_physiological_validation,,,,,,,,,,,,,,,,,,,,,
1.3745914128259074,20000,30.67319498831489,0.0001404494382022,,same_row_SSE_reduction,MC_PRECISION_INSUFFICIENT,descriptive_empirical_resampling_not_population_coverage,0,,20000,False,python_remaining,candidate_summary.json,0.1546358020405023,30.827830790355392,0.01,A_2f3346ecfecb3c1b,,,0.1546358020405023,30.827830790355392,0.0,descriptive_range,,,314.0,126.0,success_conditional_descriptive_stability_no_physiological_validation,,,,,,,,,,,,,,,,,,,,,
0.0060269611338028,20000,0.2039089915628343,0.0001404494382022,,coefficient_candidate_HR,MC_PRECISION_INSUFFICIENT,descriptive_empirical_resampling_not_population_coverage,0,,20000,False,python_remaining,candidate_summary.json,0.0486797195868504,0.2525887111496848,,A_d24d4a8ef5b267b3,,,0.0486797195868504,0.2525887111496848,0.0,descriptive_range,,,314.0,126.0,success_conditional_descriptive_stability_no_physiological_validation,,,,,,,,,,,,,,,,,,,,,
0.0012767014879787,20000,0.0475140678939064,0.0001404494382022,,coefficient_candidate_RR_RMSSD,MC_PRECISION_INSUFFICIENT,descriptive_empirical_resampling_not_population_coverage,0,,20000,False,python_remaining,candidate_summary.json,-0.0330962916226032,0.0144177762713031,,A_d24d4a8ef5b267b3,,,-0.0330962916226032,0.0144177762713031,0.0,descriptive_range,,,314.0,126.0,success_conditional_descriptive_stability_no_physiological_validation,,,,,,,,,,,,,,,,,,,,,
0.0098437207836497,20000,0.4487773872171077,0.0001404494382022,,coefficient_hb_within_person_SD,MC_PRECISION_INSUFFICIENT,descriptive_empirical_resampling_not_population_coverage,0,,20000,False,python_remaining,candidate_summary.json,-0.1858712200062672,0.2629061672108405,,A_d24d4a8ef5b267b3,,,-0.1858712200062672,0.2629061672108405,0.0,descriptive_range,,,314.0,126.0,success_conditional_descriptive_stability_no_physiological_validation,,,,,,,,,,,,,,,,,,,,,
0.7003748741802269,20000,10.553415545603002,0.0001404494382022,,same_row_SSE_reduction,MC_PRECISION_INSUFFICIENT,descriptive_empirical_resampling_not_population_coverage,0,,20000,False,python_remaining,candidate_summary.json,0.0020589285069831,10.555474474109984,0.01,A_d24d4a8ef5b267b3,,,0.0020589285069831,10.555474474109984,0.0,descriptive_range,,,314.0,126.0,success_conditional_descriptive_stability_no_physiological_validation,,,,,,,,,,,,,,,,,,,,,
0.0042853105131295,20000,0.1984795538605542,0.0001404494382022,,coefficient_candidate_HR,MC_PRECISION_INSUFFICIENT,descriptive_empirical_resampling_not_population_coverage,0,,20000,False,python_remaining,candidate_summary.json,0.045125737027419,0.2436052908879733,,A_31485bf3d880360d,,,0.045125737027419,0.2436052908879733,0.0,descriptive_range,,,314.0,126.0,success_conditional_descriptive_stability_no_physiological_validation,,,,,,,,,,,,,,,,,,,,,
0.001658273965423,20000,0.0491398895188077,0.0001404494382022,,coefficient_candidate_RR_RMSSD,MC_PRECISION_INSUFFICIENT,descriptive_empirical_resampling_not_population_coverage,0,,20000,False,python_remaining,candidate_summary.json,-0.0369836448118219,0.0121562447069858,,A_31485bf3d880360d,,,-0.0369836448118219,0.0121562447069858,0.0,descriptive_range,,,314.0,126.0,success_conditional_descriptive_stability_no_physiological_validation,,,,,,,,,,,,,,,,,,,,,
0.0079888409196168,20000,0.4210163965998724,0.0001404494382022,,coefficient_hb_within_person_SD,MC_PRECISION_MET,descriptive_empirical_resampling_not_population_coverage,0,,20000,False,python_remaining,candidate_summary.json,-0.3544609720733089,0.0665554245265634,,A_31485bf3d880360d,,,-0.3544609720733089,0.0665554245265634,0.0,descriptive_range,,,314.0,126.0,success_conditional_descriptive_stability_no_physiological_validation,,,,,,,,,,,,,,,,,,,,,
0.8690962031392928,20000,20.29638465265623,0.0001404494382022,,same_row_SSE_reduction,MC_PRECISION_INSUFFICIENT,descriptive_empirical_resampling_not_population_coverage,0,,20000,False,python_remaining,candidate_summary.json,0.0115483671784772,20.307933019834707,0.01,A_31485bf3d880360d,,,0.0115483671784772,20.307933019834707,0.0,descriptive_range,,,314.0,126.0,success_conditional_descriptive_stability_no_physiological_validation,,,,,,,,,,,,,,,,,,,,,
0.0047266013536999,20000,0.2103479940810968,0.0001404494382022,,coefficient_candidate_HR,MC_PRECISION_INSUFFICIENT,descriptive_empirical_resampling_not_population_coverage,0,,20000,False,python_remaining,candidate_summary.json,0.0291507667336975,0.2394987608147944,,A_6a7902472185a998,,,0.0291507667336975,0.2394987608147944,0.0,descriptive_range,,,314.0,126.0,success_conditional_descriptive_stability_no_physiological_validation,,,,,,,,,,,,,,,,,,,,,
0.0012415555556076,20000,0.0486382387538047,0.0001404494382022,,coefficient_candidate_RR_RMSSD,MC_PRECISION_INSUFFICIENT,descriptive_empirical_resampling_not_population_coverage,0,,20000,False,python_remaining,candidate_summary.json,-0.0326717640109371,0.0159664747428676,,A_6a7902472185a998,,,-0.0326717640109371,0.0159664747428676,0.0,descriptive_range,,,314.0,126.0,success_conditional_descriptive_stability_no_physiological_validation,,,,,,,,,,,,,,,,,,,,,
0.0086893589661885,20000,0.4134731432714683,0.0001404494382022,,coefficient_hb_within_person_SD,MC_PRECISION_INSUFFICIENT,descriptive_empirical_resampling_not_population_coverage,0,,20000,False,python_remaining,candidate_summary.json,-0.0446327762501668,0.3688403670213014,,A_6a7902472185a998,,,-0.0446327762501668,0.3688403670213014,0.0,descriptive_range,,,314.0,126.0,success_conditional_descriptive_stability_no_physiological_validation,,,,,,,,,,,,,,,,,,,,,
0.743434962007882,20000,17.623119792489604,0.0001404494382022,,same_row_SSE_reduction,MC_PRECISION_INSUFFICIENT,descriptive_empirical_resampling_not_population_coverage,0,,20000,False,python_remaining,candidate_summary.json,0.0130484371915144,17.636168229681118,0.01,A_6a7902472185a998,,,0.0130484371915144,17.636168229681118,0.0,descriptive_range,,,314.0,126.0,success_conditional_descriptive_stability_no_physiological_validation,,,,,,,,,,,,,,,,,,,,,
0.0044500433715845,20000,0.1973416661134899,0.0001404494382022,,coefficient_candidate_HR,MC_PRECISION_INSUFFICIENT,descriptive_empirical_resampling_not_population_coverage,0,,20000,False,python_remaining,candidate_summary.json,0.0399837609924287,0.2373254271059186,,A_99abc02406c4098e,,,0.0399837609924287,0.2373254271059186,0.0,descriptive_range,,,314.0,126.0,success_conditional_descriptive_stability_no_physiological_validation,,,,,,,,,,,,,,,,,,,,,
0.0013462088452888,20000,0.0472911552948232,0.0001404494382022,,coefficient_candidate_RR_RMSSD,MC_PRECISION_INSUFFICIENT,descriptive_empirical_resampling_not_population_coverage,0,,20000,False,python_remaining,candidate_summary.json,-0.0327753363820968,0.0145158189127263,,A_99abc02406c4098e,,,-0.0327753363820968,0.0145158189127263,0.0,descriptive_range,,,314.0,126.0,success_conditional_descriptive_stability_no_physiological_validation,,,,,,,,,,,,,,,,,,,,,
0.0086669842864199,20000,0.4147494480672611,0.0001404494382022,,coefficient_hb_within_person_SD,MC_PRECISION_INSUFFICIENT,descriptive_empirical_resampling_not_population_coverage,0,,20000,False,python_remaining,candidate_summary.json,-0.4856143895919771,-0.0708649415247159,,A_99abc02406c4098e,,,-0.4856143895919771,-0.0708649415247159,0.0,descriptive_range,,,314.0,126.0,success_conditional_descriptive_stability_no_physiological_validation,,,,,,,,,,,,,,,,,,,,,
1.5748408647968404,20000,40.344566449924,0.0001404494382022,,same_row_SSE_reduction,MC_PRECISION_INSUFFICIENT,descriptive_empirical_resampling_not_population_coverage,0,,20000,False,python_remaining,candidate_summary.json,0.890967040000362,41.23553348992437,0.01,A_99abc02406c4098e,,,0.890967040000362,41.23553348992437,0.0,descriptive_range,,,314.0,126.0,success_conditional_descriptive_stability_no_physiological_validation,,,,,,,,,,,,,,,,,,,,,
0.0043347633790362,20000,0.2081110673808517,0.0001404494382022,,coefficient_candidate_HR,MC_PRECISION_INSUFFICIENT,descriptive_empirical_resampling_not_population_coverage,0,,20000,False,python_remaining,candidate_summary.json,0.0125291227140691,0.2206401900949208,,A_5fc286ba79e6dac0,,,0.0125291227140691,0.2206401900949208,0.0,descriptive_range,,,314.0,126.0,success_conditional_descriptive_stability_no_physiological_validation,,,,,,,,,,,,,,,,,,,,,
0.0014443505357279,20000,0.0459973951919983,0.0001404494382022,,coefficient_candidate_RR_RMSSD,MC_PRECISION_INSUFFICIENT,descriptive_empirical_resampling_not_population_coverage,0,,20000,False,python_remaining,candidate_summary.json,-0.0320559201292573,0.013941475062741,,A_5fc286ba79e6dac0,,,-0.0320559201292573,0.013941475062741,0.0,descriptive_range,,,314.0,126.0,success_conditional_descriptive_stability_no_physiological_validation,,,,,,,,,,,,,,,,,,,,,
0.0075196896020762,20000,0.4270971003871725,0.0001404494382022,,coefficient_hb_within_person_SD,MC_PRECISION_MET,descriptive_empirical_resampling_not_population_coverage,0,,20000,False,python_remaining,candidate_summary.json,0.0816497149354668,0.5087468153226394,,A_5fc286ba79e6dac0,,,0.0816497149354668,0.5087468153226394,0.0,descriptive_range,,,314.0,126.0,success_conditional_descriptive_stability_no_physiological_validation,,,,,,,,,,,,,,,,,,,,,
1.1365094329604517,20000,38.04809426993205,0.0001404494382022,,same_row_SSE_reduction,MC_PRECISION_INSUFFICIENT,descriptive_empirical_resampling_not_population_coverage,0,,20000,False,python_remaining,candidate_summary.json,1.0162912121404588,39.06438548207251,0.01,A_5fc286ba79e6dac0,,,1.0162912121404588,39.06438548207251,0.0,descriptive_range,,,314.0,126.0,success_conditional_descriptive_stability_no_physiological_validation,,,,,,,,,,,,,,,,,,,,,
0.0048403299466631,20000,0.2060134882503571,0.0001404494382022,,coefficient_candidate_HR,MC_PRECISION_INSUFFICIENT,descriptive_empirical_resampling_not_population_coverage,0,,20000,False,python_remaining,candidate_summary.json,0.0545507933435092,0.2605642815938663,,A_335eae19c8c0c44e,,,0.0545507933435092,0.2605642815938663,0.0,descriptive_range,,,314.0,126.0,success_conditional_descriptive_stability_no_physiological_validation,,,,,,,,,,,,,,,,,,,,,
0.0013759056610047,20000,0.046876001643459,0.0001404494382022,,coefficient_candidate_RR_RMSSD,MC_PRECISION_INSUFFICIENT,descriptive_empirical_resampling_not_population_coverage,0,,20000,False,python_remaining,candidate_summary.json,-0.0332601614161825,0.0136158402272765,,A_335eae19c8c0c44e,,,-0.0332601614161825,0.0136158402272765,0.0,descriptive_range,,,314.0,126.0,success_conditional_descriptive_stability_no_physiological_validation,,,,,,,,,,,,,,,,,,,,,
0.0088978064234791,20000,0.4100456360384178,0.0001404494382022,,coefficient_hb_within_person_SD,MC_PRECISION_INSUFFICIENT,descriptive_empirical_resampling_not_population_coverage,0,,20000,False,python_remaining,candidate_summary.json,-0.2218442524706915,0.1882013835677263,,A_335eae19c8c0c44e,,,-0.2218442524706915,0.1882013835677263,0.0,descriptive_range,,,314.0,126.0,success_conditional_descriptive_stability_no_physiological_validation,,,,,,,,,,,,,,,,,,,,,
0.5950859556634782,20000,10.08254056369458,0.0001404494382022,,same_row_SSE_reduction,MC_PRECISION_INSUFFICIENT,descriptive_empirical_resampling_not_population_coverage,0,,20000,False,python_remaining,candidate_summary.json,0.0018420188480376,10.084382582542617,0.01,A_335eae19c8c0c44e,,,0.0018420188480376,10.084382582542617,0.0,descriptive_range,,,314.0,126.0,success_conditional_descriptive_stability_no_physiological_validation,,,,,,,,,,,,,,,,,,,,,
0.0043955874135701,20000,0.2111305465300069,0.0001404494382022,,coefficient_candidate_HR,MC_PRECISION_INSUFFICIENT,descriptive_empirical_resampling_not_population_coverage,0,,20000,False,python_remaining,candidate_summary.json,0.0442286464814821,0.255359193011489,,A_89d0fe15ef9953d4,,,0.0442286464814821,0.255359193011489,0.0,descriptive_range,,,314.0,126.0,success_conditional_descriptive_stability_no_physiological_validation,,,,,,,,,,,,,,,,,,,,,
0.0014768452492661,20000,0.0467656171287783,0.0001404494382022,,coefficient_candidate_RR_RMSSD,MC_PRECISION_INSUFFICIENT,descriptive_empirical_resampling_not_population_coverage,0,,20000,False,python_remaining,candidate_summary.json,-0.0322820651125951,0.0144835520161832,,A_89d0fe15ef9953d4,,,-0.0322820651125951,0.0144835520161832,0.0,descriptive_range,,,314.0,126.0,success_conditional_descriptive_stability_no_physiological_validation,,,,,,,,,,,,,,,,,,,,,
0.0079279510747045,20000,0.4217512253427913,0.0001404494382022,,coefficient_hb_within_person_SD,MC_PRECISION_MET,descriptive_empirical_resampling_not_population_coverage,0,,20000,False,python_remaining,candidate_summary.json,-0.0861326999749391,0.3356185253678521,,A_89d0fe15ef9953d4,,,-0.0861326999749391,0.3356185253678521,0.0,descriptive_range,,,314.0,126.0,success_conditional_descriptive_stability_no_physiological_validation,,,,,,,,,,,,,,,,,,,,,
0.8571521934987345,20000,16.605330733375695,0.0001404494382022,,same_row_SSE_reduction,MC_PRECISION_INSUFFICIENT,descriptive_empirical_resampling_not_population_coverage,0,,20000,False,python_remaining,candidate_summary.json,0.0063213604115617,16.611652093787256,0.01,A_89d0fe15ef9953d4,,,0.0063213604115617,16.611652093787256,0.0,descriptive_range,,,314.0,126.0,success_conditional_descriptive_stability_no_physiological_validation,,,,,,,,,,,,,,,,,,,,,
0.0049373368592727,20000,0.2136741762818569,0.0001404494382022,,coefficient_candidate_HR,MC_PRECISION_INSUFFICIENT,descriptive_empirical_resampling_not_population_coverage,0,,20000,False,python_remaining,candidate_summary.json,0.0394388389016587,0.2531130151835157,,A_1e9de077cec2bf6d,,,0.0394388389016587,0.2531130151835157,0.0,descriptive_range,,,314.0,126.0,success_conditional_descriptive_stability_no_physiological_validation,,,,,,,,,,,,,,,,,,,,,
0.0013322683094168,20000,0.0489068956428111,0.0001404494382022,,coefficient_candidate_RR_RMSSD,MC_PRECISION_INSUFFICIENT,descriptive_empirical_resampling_not_population_coverage,0,,20000,False,python_remaining,candidate_summary.json,-0.0351319766247247,0.0137749190180864,,A_1e9de077cec2bf6d,,,-0.0351319766247247,0.0137749190180864,0.0,descriptive_range,,,314.0,126.0,success_conditional_descriptive_stability_no_physiological_validation,,,,,,,,,,,,,,,,,,,,,
0.0084780830554394,20000,0.4165496841541516,0.0001404494382022,,coefficient_hb_within_person_SD,MC_PRECISION_INSUFFICIENT,descriptive_empirical_resampling_not_population_coverage,0,,20000,False,python_remaining,candidate_summary.json,-0.316610993917846,0.0999386902363055,,A_1e9de077cec2bf6d,,,-0.316610993917846,0.0999386902363055,0.0,descriptive_range,,,314.0,126.0,success_conditional_descriptive_stability_no_physiological_validation,,,,,,,,,,,,,,,,,,,,,
0.8743183124208258,20000,16.642557903280647,0.0001404494382022,,same_row_SSE_reduction,MC_PRECISION_INSUFFICIENT,descriptive_empirical_resampling_not_population_coverage,0,,20000,False,python_remaining,candidate_summary.json,0.0051343067214588,16.647692210002106,0.01,A_1e9de077cec2bf6d,,,0.0051343067214588,16.647692210002106,0.0,descriptive_range,,,314.0,126.0,success_conditional_descriptive_stability_no_physiological_validation,,,,,,,,,,,,,,,,,,,,,
0.0054381802379957,20000,0.2223576074011207,0.0001404494382022,,coefficient_candidate_HR,MC_PRECISION_INSUFFICIENT,descriptive_empirical_resampling_not_population_coverage,0,,20000,False,python_remaining,candidate_summary.json,0.0476361462744297,0.2699937536755505,,A_9983802c08d656bf,,,0.0476361462744297,0.2699937536755505,0.0,descriptive_range,,,309.0,124.0,success_conditional_descriptive_stability_no_physiological_validation,,,,,,,,,,,,,,,,,,,,,
0.001612379679982,20000,0.0500549131897428,0.0001404494382022,,coefficient_candidate_RR_RMSSD,MC_PRECISION_INSUFFICIENT,descriptive_empirical_resampling_not_population_coverage,0,,20000,False,python_remaining,candidate_summary.json,-0.0345082337376329,0.0155466794521099,,A_9983802c08d656bf,,,-0.0345082337376329,0.0155466794521099,0.0,descriptive_range,,,309.0,124.0,success_conditional_descriptive_stability_no_physiological_validation,,,,,,,,,,,,,,,,,,,,,
0.008998814498213,20000,0.4149337446904651,0.0001404494382022,,coefficient_hb_within_person_SD,MC_PRECISION_INSUFFICIENT,descriptive_empirical_resampling_not_population_coverage,0,,20000,False,python_remaining,candidate_summary.json,-0.2684683600104878,0.1464653846799772,,A_9983802c08d656bf,,,-0.2684683600104878,0.1464653846799772,0.0,descriptive_range,,,309.0,124.0,success_conditional_descriptive_stability_no_physiological_validation,,,,,,,,,,,,,,,,,,,,,
0.6459005681181793,20000,11.189274582421008,0.0001404494382022,,same_row_SSE_reduction,MC_PRECISION_INSUFFICIENT,descriptive_empirical_resampling_not_population_coverage,0,,20000,False,python_remaining,candidate_summary.json,0.0025454317996889,11.191820014220696,0.01,A_9983802c08d656bf,,,0.0025454317996889,11.191820014220696,0.0,descriptive_range,,,309.0,124.0,success_conditional_descriptive_stability_no_physiological_validation,,,,,,,,,,,,,,,,,,,,,
0.0053046151003186,20000,0.201863253083132,0.0001404494382022,,coefficient_candidate_HR,MC_PRECISION_INSUFFICIENT,descriptive_empirical_resampling_not_population_coverage,0,,20000,False,python_remaining,candidate_summary.json,0.0480903566160176,0.2499536096991497,,A_db59ef5ef9d5645d,,,0.0480903566160176,0.2499536096991497,0.0,descriptive_range,,,309.0,124.0,success_conditional_descriptive_stability_no_physiological_validation,,,,,,,,,,,,,,,,,,,,,
0.0016299649155896,20000,0.0499721963437552,0.0001404494382022,,coefficient_candidate_RR_RMSSD,MC_PRECISION_INSUFFICIENT,descriptive_empirical_resampling_not_population_coverage,0,,20000,False,python_remaining,candidate_summary.json,-0.0348041964420445,0.0151679999017106,,A_db59ef5ef9d5645d,,,-0.0348041964420445,0.0151679999017106,0.0,descriptive_range,,,309.0,124.0,success_conditional_descriptive_stability_no_physiological_validation,,,,,,,,,,,,,,,,,,,,,
0.008471253314301,20000,0.3934669183413124,0.0001404494382022,,coefficient_hb_within_person_SD,MC_PRECISION_INSUFFICIENT,descriptive_empirical_resampling_not_population_coverage,0,,20000,False,python_remaining,candidate_summary.json,-0.1725328150836883,0.220934103257624,,A_db59ef5ef9d5645d,,,-0.1725328150836883,0.220934103257624,0.0,descriptive_range,,,309.0,124.0,success_conditional_descriptive_stability_no_physiological_validation,,,,,,,,,,,,,,,,,,,,,
0.5887579328723973,20000,9.563179615831755,0.0001404494382022,,same_row_SSE_reduction,MC_PRECISION_INSUFFICIENT,descriptive_empirical_resampling_not_population_coverage,0,,20000,False,python_remaining,candidate_summary.json,0.0018899137764378,9.565069529608197,0.01,A_db59ef5ef9d5645d,,,0.0018899137764378,9.565069529608197,0.0,descriptive_range,,,309.0,124.0,success_conditional_descriptive_stability_no_physiological_validation,,,,,,,,,,,,,,,,,,,,,
0.0050989085049552,20000,0.2043861425767543,0.0001404494382022,,coefficient_candidate_HR,MC_PRECISION_INSUFFICIENT,descriptive_empirical_resampling_not_population_coverage,0,,20000,False,python_remaining,candidate_summary.json,0.0322680751616082,0.2366542177383625,,A_b87ce68fc30fd1a4,,,0.0322680751616082,0.2366542177383625,0.0,descriptive_range,,,301.0,121.0,success_conditional_descriptive_stability_no_physiological_validation,,,,,,,,,,,,,,,,,,,,,
0.001657443841052,20000,0.0486431492764335,0.0001404494382022,,coefficient_candidate_RR_RMSSD,MC_PRECISION_INSUFFICIENT,descriptive_empirical_resampling_not_population_coverage,0,,20000,False,python_remaining,candidate_summary.json,-0.0365765341196904,0.012066615156743,,A_b87ce68fc30fd1a4,,,-0.0365765341196904,0.012066615156743,0.0,descriptive_range,,,301.0,121.0,success_conditional_descriptive_stability_no_physiological_validation,,,,,,,,,,,,,,,,,,,,,
0.0077638837480006,20000,0.4092174474743362,0.0001404494382022,,coefficient_hb_within_person_SD,MC_PRECISION_MET,descriptive_empirical_resampling_not_population_coverage,0,,20000,False,python_remaining,candidate_summary.json,-0.0752517257254829,0.3339657217488532,,A_b87ce68fc30fd1a4,,,-0.0752517257254829,0.3339657217488532,0.0,descriptive_range,,,301.0,121.0,success_conditional_descriptive_stability_no_physiological_validation,,,,,,,,,,,,,,,,,,,,,
0.862654860558763,20000,17.976167839447896,0.0001404494382022,,same_row_SSE_reduction,MC_PRECISION_INSUFFICIENT,descriptive_empirical_resampling_not_population_coverage,0,,20000,False,python_remaining,candidate_summary.json,0.0080131662988378,17.984181005746734,0.01,A_b87ce68fc30fd1a4,,,0.0080131662988378,17.984181005746734,0.0,descriptive_range,,,301.0,121.0,success_conditional_descriptive_stability_no_physiological_validation,,,,,,,,,,,,,,,,,,,,,
0.0041426060038301,20000,0.2052896646924396,0.0001404494382022,,coefficient_candidate_HR,MC_PRECISION_INSUFFICIENT,descriptive_empirical_resampling_not_population_coverage,0,,20000,False,python_remaining,candidate_summary.json,0.0367881766945215,0.2420778413869611,,A_5a33a4b21d923fa9,,,0.0367881766945215,0.2420778413869611,0.0,descriptive_range,,,301.0,121.0,success_conditional_descriptive_stability_no_physiological_validation,,,,,,,,,,,,,,,,,,,,,
0.001169803498741,20000,0.0475798096380561,0.0001404494382022,,coefficient_candidate_RR_RMSSD,MC_PRECISION_INSUFFICIENT,descriptive_empirical_resampling_not_population_coverage,0,,20000,False,python_remaining,candidate_summary.json,-0.0359364496963037,0.0116433599417523,,A_5a33a4b21d923fa9,,,-0.0359364496963037,0.0116433599417523,0.0,descriptive_range,,,301.0,121.0,success_conditional_descriptive_stability_no_physiological_validation,,,,,,,,,,,,,,,,,,,,,
0.0083496392600373,20000,0.4086628246305764,0.0001404494382022,,coefficient_hb_within_person_SD,MC_PRECISION_INSUFFICIENT,descriptive_empirical_resampling_not_population_coverage,0,,20000,False,python_remaining,candidate_summary.json,-0.3563761773960137,0.0522866472345627,,A_5a33a4b21d923fa9,,,-0.3563761773960137,0.0522866472345627,0.0,descriptive_range,,,301.0,121.0,success_conditional_descriptive_stability_no_physiological_validation,,,,,,,,,,,,,,,,,,,,,
0.861237661085795,20000,21.686503662320035,0.0001404494382022,,same_row_SSE_reduction,MC_PRECISION_INSUFFICIENT,descriptive_empirical_resampling_not_population_coverage,0,,20000,False,python_remaining,candidate_summary.json,0.0142516043276827,21.70075526664772,0.01,A_5a33a4b21d923fa9,,,0.0142516043276827,21.70075526664772,0.0,descriptive_range,,,301.0,121.0,success_conditional_descriptive_stability_no_physiological_validation,,,,,,,,,,,,,,,,,,,,,
0.0047043934760019,20000,0.2025763481468917,0.0001404494382022,,coefficient_candidate_HR,MC_PRECISION_INSUFFICIENT,descriptive_empirical_resampling_not_population_coverage,0,,20000,False,python_remaining,candidate_summary.json,0.0413889406945758,0.2439652888414675,,A_ecaa558badfe6c09,,,0.0413889406945758,0.2439652888414675,0.0,descriptive_range,,,309.0,124.0,success_conditional_descriptive_stability_no_physiological_validation,,,,,,,,,,,,,,,,,,,,,
0.0013075001218866,20000,0.0489146580285269,0.0001404494382022,,coefficient_candidate_RR_RMSSD,MC_PRECISION_INSUFFICIENT,descriptive_empirical_resampling_not_population_coverage,0,,20000,False,python_remaining,candidate_summary.json,-0.0342142534258129,0.014700404602714,,A_ecaa558badfe6c09,,,-0.0342142534258129,0.014700404602714,0.0,descriptive_range,,,309.0,124.0,success_conditional_descriptive_stability_no_physiological_validation,,,,,,,,,,,,,,,,,,,,,
0.0093758588676005,20000,0.4107418330263351,0.0001404494382022,,coefficient_hb_within_person_SD,MC_PRECISION_INSUFFICIENT,descriptive_empirical_resampling_not_population_coverage,0,,20000,False,python_remaining,candidate_summary.json,-0.1597530509750699,0.2509887820512652,,A_ecaa558badfe6c09,,,-0.1597530509750699,0.2509887820512652,0.0,descriptive_range,,,309.0,124.0,success_conditional_descriptive_stability_no_physiological_validation,,,,,,,,,,,,,,,,,,,,,
0.6128901612798927,20000,10.819392800241983,0.0001404494382022,,same_row_SSE_reduction,MC_PRECISION_INSUFFICIENT,descriptive_empirical_resampling_not_population_coverage,0,,20000,False,python_remaining,candidate_summary.json,0.0023527819687956,10.82174558221078,0.01,A_ecaa558badfe6c09,,,0.0023527819687956,10.82174558221078,0.0,descriptive_range,,,309.0,124.0,success_conditional_descriptive_stability_no_physiological_validation,,,,,,,,,,,,,,,,,,,,,
0.0041483756894715,20000,0.2040826266106265,0.0001404494382022,,coefficient_candidate_HR,MC_PRECISION_INSUFFICIENT,descriptive_empirical_resampling_not_population_coverage,0,,20000,False,python_remaining,candidate_summary.json,0.0507281485662079,0.2548107751768345,,A_20d3dddff12f1f5d,,,0.0507281485662079,0.2548107751768345,0.0,descriptive_range,,,309.0,124.0,success_conditional_descriptive_stability_no_physiological_validation,,,,,,,,,,,,,,,,,,,,,
0.0013163328351485,20000,0.0496395801388518,0.0001404494382022,,coefficient_candidate_RR_RMSSD,MC_PRECISION_INSUFFICIENT,descriptive_empirical_resampling_not_population_coverage,0,,20000,False,python_remaining,candidate_summary.json,-0.0338795092148262,0.0157600709240256,,A_20d3dddff12f1f5d,,,-0.0338795092148262,0.0157600709240256,0.0,descriptive_range,,,309.0,124.0,success_conditional_descriptive_stability_no_physiological_validation,,,,,,,,,,,,,,,,,,,,,
0.0073744668585122,20000,0.4048694304887001,0.0001404494382022,,coefficient_hb_within_person_SD,MC_PRECISION_MET,descriptive_empirical_resampling_not_population_coverage,0,,20000,False,python_remaining,candidate_summary.json,-0.1531957441558801,0.25167368633282,,A_20d3dddff12f1f5d,,,-0.1531957441558801,0.25167368633282,0.0,descriptive_range,,,309.0,124.0,success_conditional_descriptive_stability_no_physiological_validation,,,,,,,,,,,,,,,,,,,,,
0.6013925141037362,20000,11.27028016231327,0.0001404494382022,,same_row_SSE_reduction,MC_PRECISION_INSUFFICIENT,descriptive_empirical_resampling_not_population_coverage,0,,20000,False,python_remaining,candidate_summary.json,0.0019705481806795,11.27225071049395,0.01,A_20d3dddff12f1f5d,,,0.0019705481806795,11.27225071049395,0.0,descriptive_range,,,309.0,124.0,success_conditional_descriptive_stability_no_physiological_validation,,,,,,,,,,,,,,,,,,,,,
0.0046769478323614,20000,0.2139792639819134,0.0001404494382022,,coefficient_candidate_HR,MC_PRECISION_INSUFFICIENT,descriptive_empirical_resampling_not_population_coverage,0,,20000,False,python_remaining,candidate_summary.json,0.0176994688292541,0.2316787328111675,,A_cb91d0f5af9d4a82,,,0.0176994688292541,0.2316787328111675,0.0,descriptive_range,,,309.0,124.0,success_conditional_descriptive_stability_no_physiological_validation,,,,,,,,,,,,,,,,,,,,,
0.0013234367816582,20000,0.0475028923121967,0.0001404494382022,,coefficient_candidate_RR_RMSSD,MC_PRECISION_INSUFFICIENT,descriptive_empirical_resampling_not_population_coverage,0,,20000,False,python_remaining,candidate_summary.json,-0.0353149942936355,0.0121878980185612,,A_cb91d0f5af9d4a82,,,-0.0353149942936355,0.0121878980185612,0.0,descriptive_range,,,309.0,124.0,success_conditional_descriptive_stability_no_physiological_validation,,,,,,,,,,,,,,,,,,,,,
0.0083192709576691,20000,0.4137894422218581,0.0001404494382022,,coefficient_hb_within_person_SD,MC_PRECISION_INSUFFICIENT,descriptive_empirical_resampling_not_population_coverage,0,,20000,False,python_remaining,candidate_summary.json,-0.0307647084813664,0.3830247337404917,,A_cb91d0f5af9d4a82,,,-0.0307647084813664,0.3830247337404917,0.0,descriptive_range,,,309.0,124.0,success_conditional_descriptive_stability_no_physiological_validation,,,,,,,,,,,,,,,,,,,,,
0.9864974141133304,20000,23.36726548486899,0.0001404494382022,,same_row_SSE_reduction,MC_PRECISION_INSUFFICIENT,descriptive_empirical_resampling_not_population_coverage,0,,20000,False,python_remaining,candidate_summary.json,0.0241066516461501,23.391372136515145,0.01,A_cb91d0f5af9d4a82,,,0.0241066516461501,23.391372136515145,0.0,descriptive_range,,,309.0,124.0,success_conditional_descriptive_stability_no_physiological_validation,,,,,,,,,,,,,,,,,,,,,
0.0045675481288023,20000,0.2050892353419809,0.0001404494382022,,coefficient_candidate_HR,MC_PRECISION_INSUFFICIENT,descriptive_empirical_resampling_not_population_coverage,0,,20000,False,python_remaining,candidate_summary.json,0.0381632351716862,0.2432524705136672,,A_2cde923009f3a4c2,,,0.0381632351716862,0.2432524705136672,0.0,descriptive_range,,,309.0,124.0,success_conditional_descriptive_stability_no_physiological_validation,,,,,,,,,,,,,,,,,,,,,
0.0014002521045337,20000,0.0479212608871819,0.0001404494382022,,coefficient_candidate_RR_RMSSD,MC_PRECISION_INSUFFICIENT,descriptive_empirical_resampling_not_population_coverage,0,,20000,False,python_remaining,candidate_summary.json,-0.037139698658632,0.0107815622285498,,A_2cde923009f3a4c2,,,-0.037139698658632,0.0107815622285498,0.0,descriptive_range,,,309.0,124.0,success_conditional_descriptive_stability_no_physiological_validation,,,,,,,,,,,,,,,,,,,,,
0.0074572207903021,20000,0.3894104927000322,0.0001404494382022,,coefficient_hb_within_person_SD,MC_PRECISION_MET,descriptive_empirical_resampling_not_population_coverage,0,,20000,False,python_remaining,candidate_summary.json,-0.3018443518948099,0.0875661408052222,,A_2cde923009f3a4c2,,,-0.3018443518948099,0.0875661408052222,0.0,descriptive_range,,,309.0,124.0,success_conditional_descriptive_stability_no_physiological_validation,,,,,,,,,,,,,,,,,,,,,
0.7334964441261036,20000,16.152353526429295,0.0001404494382022,,same_row_SSE_reduction,MC_PRECISION_INSUFFICIENT,descriptive_empirical_resampling_not_population_coverage,0,,20000,False,python_remaining,candidate_summary.json,0.0056953282075369,16.15804885463683,0.01,A_2cde923009f3a4c2,,,0.0056953282075369,16.15804885463683,0.0,descriptive_range,,,309.0,124.0,success_conditional_descriptive_stability_no_physiological_validation,,,,,,,,,,,,,,,,,,,,,
0.0098214285714282,200000,0.5,0.0002604166666666,3.1,raw_1_20_at_least_3_pairs_mean_vas,MC_PRECISION_MET,descriptive_empirical_resampling_not_population_coverage,0,VAS,200000,False,variability,U06_variability_summary.json,2.9285714285714284,3.4285714285714284,,,,,,,,,,,,,,,,0.01,median,213.0,215.0,204.0,,,,,,,,,,,,,,
0.0083901718661039,200000,0.2313002831620285,0.0002604166666666,1.449137674618944,raw_1_20_at_least_3_pairs_sample_sd,MC_PRECISION_INSUFFICIENT,descriptive_empirical_resampling_not_population_coverage,0,VAS,200000,False,variability,U06_variability_summary.json,1.3178930553209385,1.5491933384829668,,,,,,,,,,,,,,,,0.01,median,213.0,215.0,204.0,,,,,,,,,,,,,,
0.0,200000,0.2388663967611336,0.0002604166666666,0.7894736842105263,raw_1_20_at_least_3_pairs_mssd,MC_PRECISION_MET,descriptive_empirical_resampling_not_population_coverage,0,VAS_squared,200000,False,variability,U06_variability_summary.json,0.6842105263157895,0.9230769230769232,,,,,,,,,,,,,,,,0.01,median,213.0,215.0,204.0,,,,,,,,,,,,,,
0.0,200000,0.1335987309620117,0.0002604166666666,0.8885233166386386,raw_1_20_at_least_3_pairs_rmssd,MC_PRECISION_MET,descriptive_empirical_resampling_not_population_coverage,0,VAS,200000,False,variability,U06_variability_summary.json,0.8271701918685112,0.9607689228305228,,,,,,,,,,,,,,,,0.01,median,213.0,215.0,204.0,,,,,,,,,,,,,,
0.0,200000,0.0625,0.0002604166666666,0.0,raw_1_20_at_least_3_pairs_mean_adjacent_change,MC_PRECISION_MET,descriptive_empirical_resampling_not_population_coverage,0,VAS,200000,False,variability,U06_variability_summary.json,-0.0625,0.0,,,,,,,,,,,,,,,,0.01,median,213.0,215.0,204.0,,,,,,,,,,,,,,
0.0113580246913579,200000,0.2068531116150164,0.0002604166666666,0.7288888888888889,raw_1_20_at_least_3_pairs_centered_change_ms,MC_PRECISION_INSUFFICIENT,descriptive_empirical_resampling_not_population_coverage,0,VAS_squared,200000,False,variability,U06_variability_summary.json,0.6326530612244898,0.8395061728395062,,,,,,,,,,,,,,,,0.01,median,213.0,215.0,204.0,,,,,,,,,,,,,,
0.0,200000,0.8999999999999999,0.0002604166666666,3.4000000000000004,raw_1_20_complete_window_mean_vas,MC_PRECISION_MET,descriptive_empirical_resampling_not_population_coverage,0,VAS,200000,False,variability,U06_variability_summary.json,3.1,4.0,,,,,,,,,,,,,,,,0.01,median,56.0,84.0,29.0,,,,,,,,,,,,,,
0.0157061073932365,200000,0.6467090830625939,0.0002604166666666,1.4504932626227327,raw_1_20_complete_window_sample_sd,MC_PRECISION_INSUFFICIENT,descriptive_empirical_resampling_not_population_coverage,0,VAS,200000,False,variability,U06_variability_summary.json,1.1964860832322377,1.8431951662948316,,,,,,,,,,,,,,,,0.01,median,56.0,84.0,29.0,,,,,,,,,,,,,,
0.0263157894736841,200000,0.736842105263158,0.0002604166666666,0.8157894736842105,raw_1_20_complete_window_mssd,MC_PRECISION_INSUFFICIENT,descriptive_empirical_resampling_not_population_coverage,0,VAS_squared,200000,False,variability,U06_variability_summary.json,0.5789473684210527,1.3157894736842106,,,,,,,,,,,,,,,,0.01,median,56.0,84.0,29.0,,,,,,,,,,,,,,
0.0169167519931721,200000,0.3861927591001266,0.0002604166666666,0.9030931260604428,raw_1_20_complete_window_rmssd,MC_PRECISION_INSUFFICIENT,descriptive_empirical_resampling_not_population_coverage,0,VAS,200000,False,variability,U06_variability_summary.json,0.7608859102526822,1.1470786693528088,,,,,,,,,,,,,,,,0.01,median,56.0,84.0,29.0,,,,,,,,,,,,,,
0.0,200000,0.0526315789473684,0.0002604166666666,0.0,raw_1_20_complete_window_mean_adjacent_change,MC_PRECISION_MET,descriptive_empirical_resampling_not_population_coverage,0,VAS,200000,False,variability,U06_variability_summary.json,0.0,0.0526315789473684,,,,,,,,,,,,,,,,0.01,median,56.0,84.0,29.0,,,,,,,,,,,,,,
0.0249307479224378,200000,0.7368421052631581,0.0002604166666666,0.8088642659279779,raw_1_20_complete_window_centered_change_ms,MC_PRECISION_INSUFFICIENT,descriptive_empirical_resampling_not_population_coverage,0,VAS_squared,200000,False,variability,U06_variability_summary.json,0.5761772853185595,1.3130193905817176,,,,,,,,,,,,,,,,0.01,median,56.0,84.0,29.0,,,,,,,,,,,,,,
0.0,200000,0.5,0.0002604166666666,3.6,raw_1_10_at_least_3_pairs_mean_vas,MC_PRECISION_MET,descriptive_empirical_resampling_not_population_coverage,0,VAS,200000,False,variability,U06_variability_summary.json,3.4,3.9,,,,,,,,,,,,,,,,0.01,median,213.0,215.0,204.0,,,,,,,,,,,,,,
0.0061023166410416,200000,0.2535014661580481,0.0002604166666666,1.2292725943057183,raw_1_10_at_least_3_pairs_sample_sd,MC_PRECISION_INSUFFICIENT,descriptive_empirical_resampling_not_population_coverage,0,VAS,200000,False,variability,U06_variability_summary.json,1.100504934614612,1.35400640077266,,,,,,,,,,,,,,,,0.01,median,213.0,215.0,204.0,,,,,,,,,,,,,,
0.0,200000,0.2222222222222222,0.0002604166666666,0.8888888888888888,raw_1_10_at_least_3_pairs_mssd,MC_PRECISION_MET,descriptive_empirical_resampling_not_population_coverage,0,VAS_squared,200000,False,variability,U06_variability_summary.json,0.7777777777777778,1.0,,,,,,,,,,,,,,,,0.01,median,213.0,215.0,204.0,,,,,,,,,,,,,,
0.0,200000,0.1180828963118031,0.0002604166666666,0.9428090415820634,raw_1_10_at_least_3_pairs_rmssd,MC_PRECISION_MET,descriptive_empirical_resampling_not_population_coverage,0,VAS,200000,False,variability,U06_variability_summary.json,0.8819171036881969,1.0,,,,,,,,,,,,,,,,0.01,median,213.0,215.0,204.0,,,,,,,,,,,,,,
0.0,200000,0.1111111111111111,0.0002604166666666,0.0,raw_1_10_at_least_3_pairs_mean_adjacent_change,MC_PRECISION_MET,descriptive_empirical_resampling_not_population_coverage,0,VAS,200000,False,variability,U06_variability_summary.json,0.0,0.1111111111111111,,,,,,,,,,,,,,,,0.01,median,213.0,215.0,204.0,,,,,,,,,,,,,,
0.0,200000,0.2716049382716048,0.0002604166666666,0.691358024691358,raw_1_10_at_least_3_pairs_centered_change_ms,MC_PRECISION_MET,descriptive_empirical_resampling_not_population_coverage,0,VAS_squared,200000,False,variability,U06_variability_summary.json,0.617283950617284,0.8888888888888888,,,,,,,,,,,,,,,,0.01,median,213.0,215.0,204.0,,,,,,,,,,,,,,
0.0,200000,0.5,0.0002604166666666,3.6,raw_1_10_complete_window_mean_vas,MC_PRECISION_MET,descriptive_empirical_resampling_not_population_coverage,0,VAS,200000,False,variability,U06_variability_summary.json,3.4,3.9,,,,,,,,,,,,,,,,0.01,median,206.0,215.0,191.0,,,,,,,,,,,,,,
0.0025778749807516,200000,0.28000612723167,0.0002604166666666,1.2292725943057183,raw_1_10_complete_window_sample_sd,MC_PRECISION_MET,descriptive_empirical_resampling_not_population_coverage,0,VAS,200000,False,variability,U06_variability_summary.json,1.0903141921746276,1.3703203194062976,,,,,,,,,,,,,,,,0.01,median,206.0,215.0,191.0,,,,,,,,,,,,,,
0.0,200000,0.2222222222222222,0.0002604166666666,0.8888888888888888,raw_1_10_complete_window_mssd,MC_PRECISION_MET,descriptive_empirical_resampling_not_population_coverage,0,VAS_squared,200000,False,variability,U06_variability_summary.json,0.7777777777777778,1.0,,,,,,,,,,,,,,,,0.01,median,206.0,215.0,191.0,,,,,,,,,,,,,,
0.0,200000,0.1180828963118031,0.0002604166666666,0.9428090415820634,raw_1_10_complete_window_rmssd,MC_PRECISION_MET,descriptive_empirical_resampling_not_population_coverage,0,VAS,200000,False,variability,U06_variability_summary.json,0.8819171036881969,1.0,,,,,,,,,,,,,,,,0.01,median,206.0,215.0,191.0,,,,,,,,,,,,,,
0.0,200000,0.1111111111111111,0.0002604166666666,0.0,raw_1_10_complete_window_mean_adjacent_change,MC_PRECISION_MET,descriptive_empirical_resampling_not_population_coverage,0,VAS,200000,False,variability,U06_variability_summary.json,0.0,0.1111111111111111,,,,,,,,,,,,,,,,0.01,median,206.0,215.0,191.0,,,,,,,,,,,,,,
0.0,200000,0.2222222222222221,0.0002604166666666,0.691358024691358,raw_1_10_complete_window_centered_change_ms,MC_PRECISION_MET,descriptive_empirical_resampling_not_population_coverage,0,VAS_squared,200000,False,variability,U06_variability_summary.json,0.6666666666666667,0.8888888888888888,,,,,,,,,,,,,,,,0.01,median,206.0,215.0,191.0,,,,,,,,,,,,,,
0.0,200000,0.8000000000000003,0.0002604166666666,3.6,raw_1_5_at_least_3_pairs_mean_vas,MC_PRECISION_MET,descriptive_empirical_resampling_not_population_coverage,0,VAS,200000,False,variability,U06_variability_summary.json,3.4,4.2,,,,,,,,,,,,,,,,0.01,median,213.0,215.0,204.0,,,,,,,,,,,,,,
0.0,200000,0.3035153985650625,0.0002604166666666,1.095445115010332,raw_1_5_at_least_3_pairs_sample_sd,MC_PRECISION_MET,descriptive_empirical_resampling_not_population_coverage,0,VAS,200000,False,variability,U06_variability_summary.json,0.8366600265340756,1.140175425099138,,,,,,,,,,,,,,,,0.01,median,213.0,215.0,204.0,,,,,,,,,,,,,,
0.0,200000,0.5,0.0002604166666666,1.25,raw_1_5_at_least_3_pairs_mssd,MC_PRECISION_MET,descriptive_empirical_resampling_not_population_coverage,0,VAS_squared,200000,False,variability,U06_variability_summary.json,0.75,1.25,,,,,,,,,,,,,,,,0.01,median,213.0,215.0,204.0,,,,,,,,,,,,,,
0.0,200000,0.2520085849654563,0.0002604166666666,1.118033988749895,raw_1_5_at_least_3_pairs_rmssd,MC_PRECISION_MET,descriptive_empirical_resampling_not_population_coverage,0,VAS,200000,False,variability,U06_variability_summary.json,0.8660254037844386,1.118033988749895,,,,,,,,,,,,,,,,0.01,median,213.0,215.0,204.0,,,,,,,,,,,,,,
0.0,200000,0.0,0.0002604166666666,0.25,raw_1_5_at_least_3_pairs_mean_adjacent_change,MC_PRECISION_MET,descriptive_empirical_resampling_not_population_coverage,0,VAS,200000,True,variability,U06_variability_summary.json,0.25,0.25,,,,,,,,,,,,,,,,0.01,median,213.0,215.0,204.0,,,,,,,,,,,,,,
0.0,200000,0.1875,0.0002604166666666,0.6875,raw_1_5_at_least_3_pairs_centered_change_ms,MC_PRECISION_MET,descriptive_empirical_resampling_not_population_coverage,0,VAS_squared,200000,False,variability,U06_variability_summary.json,0.5,0.6875,,,,,,,,,,,,,,,,0.01,median,213.0,215.0,204.0,,,,,,,,,,,,,,
0.0,200000,0.8000000000000003,0.0002604166666666,3.6,raw_1_5_complete_window_mean_vas,MC_PRECISION_MET,descriptive_empirical_resampling_not_population_coverage,0,VAS,200000,False,variability,U06_variability_summary.json,3.4,4.2,,,,,,,,,,,,,,,,0.01,median,212.0,215.0,201.0,,,,,,,,,,,,,,
0.0,200000,0.3035153985650625,0.0002604166666666,1.095445115010332,raw_1_5_complete_window_sample_sd,MC_PRECISION_MET,descriptive_empirical_resampling_not_population_coverage,0,VAS,200000,False,variability,U06_variability_summary.json,0.8366600265340756,1.140175425099138,,,,,,,,,,,,,,,,0.01,median,212.0,215.0,201.0,,,,,,,,,,,,,,
0.0,200000,0.5,0.0002604166666666,1.125,raw_1_5_complete_window_mssd,MC_PRECISION_MET,descriptive_empirical_resampling_not_population_coverage,0,VAS_squared,200000,False,variability,U06_variability_summary.json,0.75,1.25,,,,,,,,,,,,,,,,0.01,median,212.0,215.0,201.0,,,,,,,,,,,,,,
0.0,200000,0.2520085849654563,0.0002604166666666,1.0590169943749477,raw_1_5_complete_window_rmssd,MC_PRECISION_MET,descriptive_empirical_resampling_not_population_coverage,0,VAS,200000,False,variability,U06_variability_summary.json,0.8660254037844386,1.118033988749895,,,,,,,,,,,,,,,,0.01,median,212.0,215.0,201.0,,,,,,,,,,,,,,
0.0,200000,0.0,0.0002604166666666,0.25,raw_1_5_complete_window_mean_adjacent_change,MC_PRECISION_MET,descriptive_empirical_resampling_not_population_coverage,0,VAS,200000,True,variability,U06_variability_summary.json,0.25,0.25,,,,,,,,,,,,,,,,0.01,median,212.0,215.0,201.0,,,,,,,,,,,,,,
0.0,200000,0.1875,0.0002604166666666,0.6875,raw_1_5_complete_window_centered_change_ms,MC_PRECISION_MET,descriptive_empirical_resampling_not_population_coverage,0,VAS_squared,200000,False,variability,U06_variability_summary.json,0.5,0.6875,,,,,,,,,,,,,,,,0.01,median,212.0,215.0,201.0,,,,,,,,,,,,,,
0.0,200000,0.8000000000000003,0.0002604166666666,3.2,raw_6_10_at_least_3_pairs_mean_vas,MC_PRECISION_MET,descriptive_empirical_resampling_not_population_coverage,0,VAS,200000,False,variability,U06_variability_summary.json,2.8,3.6,,,,,,,,,,,,,,,,0.01,median,208.0,215.0,195.0,,,,,,,,,,,,,,
0.0,200000,0.2889374690289095,0.0002604166666666,0.5477225575051661,raw_6_10_at_least_3_pairs_sample_sd,MC_PRECISION_MET,descriptive_empirical_resampling_not_population_coverage,0,VAS,200000,False,variability,U06_variability_summary.json,0.5477225575051661,0.8366600265340756,,,,,,,,,,,,,,,,0.01,median,208.0,215.0,195.0,,,,,,,,,,,,,,
0.0,200000,0.0,0.0002604166666666,0.5,raw_6_10_at_least_3_pairs_mssd,MC_PRECISION_MET,descriptive_empirical_resampling_not_population_coverage,0,VAS_squared,200000,True,variability,U06_variability_summary.json,0.5,0.5,,,,,,,,,,,,,,,,0.01,median,208.0,215.0,195.0,,,,,,,,,,,,,,
0.0,200000,0.0,0.0002604166666666,0.7071067811865476,raw_6_10_at_least_3_pairs_rmssd,MC_PRECISION_MET,descriptive_empirical_resampling_not_population_coverage,0,VAS,200000,True,variability,U06_variability_summary.json,0.7071067811865476,0.7071067811865476,,,,,,,,,,,,,,,,0.01,median,208.0,215.0,195.0,,,,,,,,,,,,,,
0.0,200000,0.25,0.0002604166666666,0.0,raw_6_10_at_least_3_pairs_mean_adjacent_change,MC_PRECISION_MET,descriptive_empirical_resampling_not_population_coverage,0,VAS,200000,False,variability,U06_variability_summary.json,-0.25,0.0,,,,,,,,,,,,,,,,0.01,median,208.0,215.0,195.0,,,,,,,,,,,,,,
0.0,200000,0.25,0.0002604166666666,0.25,raw_6_10_at_least_3_pairs_centered_change_ms,MC_PRECISION_MET,descriptive_empirical_resampling_not_population_coverage,0,VAS_squared,200000,False,variability,U06_variability_summary.json,0.25,0.5,,,,,,,,,,,,,,,,0.01,median,208.0,215.0,195.0,,,,,,,,,,,,,,
0.0,200000,0.8000000000000003,0.0002604166666666,3.2,raw_6_10_complete_window_mean_vas,MC_PRECISION_MET,descriptive_empirical_resampling_not_population_coverage,0,VAS,200000,False,variability,U06_variability_summary.json,2.8,3.6,,,,,,,,,,,,,,,,0.01,median,206.0,215.0,191.0,,,,,,,,,,,,,,
0.0,200000,0.2889374690289095,0.0002604166666666,0.5477225575051661,raw_6_10_complete_window_sample_sd,MC_PRECISION_MET,descriptive_empirical_resampling_not_population_coverage,0,VAS,200000,False,variability,U06_variability_summary.json,0.5477225575051661,0.8366600265340756,,,,,,,,,,,,,,,,0.01,median,206.0,215.0,191.0,,,,,,,,,,,,,,
0.0,200000,0.0,0.0002604166666666,0.5,raw_6_10_complete_window_mssd,MC_PRECISION_MET,descriptive_empirical_resampling_not_population_coverage,0,VAS_squared,200000,True,variability,U06_variability_summary.json,0.5,0.5,,,,,,,,,,,,,,,,0.01,median,206.0,215.0,191.0,,,,,,,,,,,,,,
0.0,200000,0.0,0.0002604166666666,0.7071067811865476,raw_6_10_complete_window_rmssd,MC_PRECISION_MET,descriptive_empirical_resampling_not_population_coverage,0,VAS,200000,True,variability,U06_variability_summary.json,0.7071067811865476,0.7071067811865476,,,,,,,,,,,,,,,,0.01,median,206.0,215.0,191.0,,,,,,,,,,,,,,
0.0,200000,0.25,0.0002604166666666,0.0,raw_6_10_complete_window_mean_adjacent_change,MC_PRECISION_MET,descriptive_empirical_resampling_not_population_coverage,0,VAS,200000,False,variability,U06_variability_summary.json,-0.25,0.0,,,,,,,,,,,,,,,,0.01,median,206.0,215.0,191.0,,,,,,,,,,,,,,
0.0,200000,0.25,0.0002604166666666,0.25,raw_6_10_complete_window_centered_change_ms,MC_PRECISION_MET,descriptive_empirical_resampling_not_population_coverage,0,VAS_squared,200000,False,variability,U06_variability_summary.json,0.25,0.5,,,,,,,,,,,,,,,,0.01,median,206.0,215.0,191.0,,,,,,,,,,,,,,
0.0,200000,0.6000000000000001,0.0002604166666666,2.8,raw_11_15_at_least_3_pairs_mean_vas,MC_PRECISION_MET,descriptive_empirical_resampling_not_population_coverage,0,VAS,200000,False,variability,U06_variability_summary.json,2.4,3.0,,,,,,,,,,,,,,,,0.01,median,177.0,201.0,147.0,,,,,,,,,,,,,,
0.0,200000,0.0,0.0002604166666666,0.5477225575051661,raw_11_15_at_least_3_pairs_sample_sd,MC_PRECISION_MET,descriptive_empirical_resampling_not_population_coverage,0,VAS,200000,True,variability,U06_variability_summary.json,0.5477225575051661,0.5477225575051661,,,,,,,,,,,,,,,,0.01,median,177.0,201.0,147.0,,,,,,,,,,,,,,
0.0,200000,0.25,0.0002604166666666,0.5,raw_11_15_at_least_3_pairs_mssd,MC_PRECISION_MET,descriptive_empirical_resampling_not_population_coverage,0,VAS_squared,200000,False,variability,U06_variability_summary.json,0.25,0.5,,,,,,,,,,,,,,,,0.01,median,177.0,201.0,147.0,,,,,,,,,,,,,,
0.0,200000,0.2071067811865475,0.0002604166666666,0.7071067811865476,raw_11_15_at_least_3_pairs_rmssd,MC_PRECISION_MET,descriptive_empirical_resampling_not_population_coverage,0,VAS,200000,False,variability,U06_variability_summary.json,0.5,0.7071067811865476,,,,,,,,,,,,,,,,0.01,median,177.0,201.0,147.0,,,,,,,,,,,,,,
0.0,200000,0.25,0.0002604166666666,0.0,raw_11_15_at_least_3_pairs_mean_adjacent_change,MC_PRECISION_MET,descriptive_empirical_resampling_not_population_coverage,0,VAS,200000,False,variability,U06_variability_summary.json,-0.25,0.0,,,,,,,,,,,,,,,,0.01,median,177.0,201.0,147.0,,,,,,,,,,,,,,
0.0,200000,0.0625,0.0002604166666666,0.1875,raw_11_15_at_least_3_pairs_centered_change_ms,MC_PRECISION_MET,descriptive_empirical_resampling_not_population_coverage,0,VAS_squared,200000,False,variability,U06_variability_summary.json,0.1875,0.25,,,,,,,,,,,,,,,,0.01,median,177.0,201.0,147.0,,,,,,,,,,,,,,
0.0,200000,0.8000000000000003,0.0002604166666666,3.0,raw_11_15_complete_window_mean_vas,MC_PRECISION_MET,descriptive_empirical_resampling_not_population_coverage,0,VAS,200000,False,variability,U06_variability_summary.json,2.4,3.2,,,,,,,,,,,,,,,,0.01,median,168.0,193.0,139.0,,,,,,,,,,,,,,
0.0,200000,0.0,0.0002604166666666,0.5477225575051661,raw_11_15_complete_window_sample_sd,MC_PRECISION_MET,descriptive_empirical_resampling_not_population_coverage,0,VAS,200000,True,variability,U06_variability_summary.json,0.5477225575051661,0.5477225575051661,,,,,,,,,,,,,,,,0.01,median,168.0,193.0,139.0,,,,,,,,,,,,,,
0.0,200000,0.25,0.0002604166666666,0.5,raw_11_15_complete_window_mssd,MC_PRECISION_MET,descriptive_empirical_resampling_not_population_coverage,0,VAS_squared,200000,False,variability,U06_variability_summary.json,0.25,0.5,,,,,,,,,,,,,,,,0.01,median,168.0,193.0,139.0,,,,,,,,,,,,,,
0.0,200000,0.2071067811865475,0.0002604166666666,0.7071067811865476,raw_11_15_complete_window_rmssd,MC_PRECISION_MET,descriptive_empirical_resampling_not_population_coverage,0,VAS,200000,False,variability,U06_variability_summary.json,0.5,0.7071067811865476,,,,,,,,,,,,,,,,0.01,median,168.0,193.0,139.0,,,,,,,,,,,,,,
0.0,200000,0.25,0.0002604166666666,0.0,raw_11_15_complete_window_mean_adjacent_change,MC_PRECISION_MET,descriptive_empirical_resampling_not_population_coverage,0,VAS,200000,False,variability,U06_variability_summary.json,-0.25,0.0,,,,,,,,,,,,,,,,0.01,median,168.0,193.0,139.0,,,,,,,,,,,,,,
0.0,200000,0.0625,0.0002604166666666,0.1875,raw_11_15_complete_window_centered_change_ms,MC_PRECISION_MET,descriptive_empirical_resampling_not_population_coverage,0,VAS_squared,200000,False,variability,U06_variability_summary.json,0.1875,0.25,,,,,,,,,,,,,,,,0.01,median,168.0,193.0,139.0,,,,,,,,,,,,,,
0.1,200000,1.7000000000000002,0.0002604166666666,2.6,raw_16_20_at_least_3_pairs_mean_vas,MC_PRECISION_INSUFFICIENT,descriptive_empirical_resampling_not_population_coverage,0,VAS,200000,False,variability,U06_variability_summary.json,2.0,3.7,,,,,,,,,,,,,,,,0.01,median,59.0,89.0,29.0,,,,,,,,,,,,,,
0.0,200000,0.2889374690289095,0.0002604166666666,0.5477225575051661,raw_16_20_at_least_3_pairs_sample_sd,MC_PRECISION_MET,descriptive_empirical_resampling_not_population_coverage,0,VAS,200000,False,variability,U06_variability_summary.json,0.5477225575051661,0.8366600265340756,,,,,,,,,,,,,,,,0.01,median,59.0,89.0,29.0,,,,,,,,,,,,,,
0.0,200000,0.375,0.0002604166666666,0.5,raw_16_20_at_least_3_pairs_mssd,MC_PRECISION_MET,descriptive_empirical_resampling_not_population_coverage,0,VAS_squared,200000,False,variability,U06_variability_summary.json,0.375,0.75,,,,,,,,,,,,,,,,0.01,median,59.0,89.0,29.0,,,,,,,,,,,,,,
0.0,200000,0.2624720131911648,0.0002604166666666,0.7071067811865476,raw_16_20_at_least_3_pairs_rmssd,MC_PRECISION_MET,descriptive_empirical_resampling_not_population_coverage,0,VAS,200000,False,variability,U06_variability_summary.json,0.6035533905932737,0.8660254037844386,,,,,,,,,,,,,,,,0.01,median,59.0,89.0,29.0,,,,,,,,,,,,,,
0.0,200000,0.25,0.0002604166666666,0.0,raw_16_20_at_least_3_pairs_mean_adjacent_change,MC_PRECISION_MET,descriptive_empirical_resampling_not_population_coverage,0,VAS,200000,False,variability,U06_variability_summary.json,-0.25,0.0,,,,,,,,,,,,,,,,0.01,median,59.0,89.0,29.0,,,,,,,,,,,,,,
0.0,200000,0.40625,0.0002604166666666,0.25,raw_16_20_at_least_3_pairs_centered_change_ms,MC_PRECISION_MET,descriptive_empirical_resampling_not_population_coverage,0,VAS_squared,200000,False,variability,U06_variability_summary.json,0.1875,0.59375,,,,,,,,,,,,,,,,0.01,median,59.0,89.0,29.0,,,,,,,,,,,,,,
0.0,200000,2.0,0.0002604166666666,2.8,raw_16_20_complete_window_mean_vas,MC_PRECISION_MET,descriptive_empirical_resampling_not_population_coverage,0,VAS,200000,False,variability,U06_variability_summary.json,2.2,4.2,,,,,,,,,,,,,,,,0.01,median,56.0,84.0,29.0,,,,,,,,,,,,,,
0.0,200000,0.2889374690289095,0.0002604166666666,0.5477225575051661,raw_16_20_complete_window_sample_sd,MC_PRECISION_MET,descriptive_empirical_resampling_not_population_coverage,0,VAS,200000,False,variability,U06_variability_summary.json,0.5477225575051661,0.8366600265340756,,,,,,,,,,,,,,,,0.01,median,56.0,84.0,29.0,,,,,,,,,,,,,,
0.0,200000,0.25,0.0002604166666666,0.5,raw_16_20_complete_window_mssd,MC_PRECISION_MET,descriptive_empirical_resampling_not_population_coverage,0,VAS_squared,200000,False,variability,U06_variability_summary.json,0.5,0.75,,,,,,,,,,,,,,,,0.01,median,56.0,84.0,29.0,,,,,,,,,,,,,,
0.0,200000,0.158918622597891,0.0002604166666666,0.7071067811865476,raw_16_20_complete_window_rmssd,MC_PRECISION_MET,descriptive_empirical_resampling_not_population_coverage,0,VAS,200000,False,variability,U06_variability_summary.json,0.7071067811865476,0.8660254037844386,,,,,,,,,,,,,,,,0.01,median,56.0,84.0,29.0,,,,,,,,,,,,,,
0.0,200000,0.25,0.0002604166666666,-0.125,raw_16_20_complete_window_mean_adjacent_change,MC_PRECISION_MET,descriptive_empirical_resampling_not_population_coverage,0,VAS,200000,False,variability,U06_variability_summary.json,-0.25,0.0,,,,,,,,,,,,,,,,0.01,median,56.0,84.0,29.0,,,,,,,,,,,,,,
0.03125,200000,0.5,0.0002604166666666,0.375,raw_16_20_complete_window_centered_change_ms,MC_PRECISION_INSUFFICIENT,descriptive_empirical_resampling_not_population_coverage,0,VAS_squared,200000,False,variability,U06_variability_summary.json,0.1875,0.6875,,,,,,,,,,,,,,,,0.01,median,56.0,84.0,29.0,,,,,,,,,,,,,,
0.0068448500651892,200000,1.2845299145299145,0.0002604166666666,-0.3035714285714287,paired_16_20_minus_1_5_mean_vas,MC_PRECISION_MET,descriptive_empirical_resampling_not_population_coverage,0,VAS,200000,False,variability,U06_variability_summary.json,-0.9422222222222222,0.3423076923076921,,,,,,,,,,,,,,,,0.01,mean,56.0,84.0,29.0,,,,,,,,,,,,,,
0.0027702022931299,200000,0.4705084616071702,0.0002604166666666,-0.3718430917491274,paired_16_20_minus_1_5_sample_sd,MC_PRECISION_MET,descriptive_empirical_resampling_not_population_coverage,0,VAS,200000,False,variability,U06_variability_summary.json,-0.6081166129891624,-0.1376081513819921,,,,,,,,,,,,,,,,0.01,mean,56.0,84.0,29.0,,,,,,,,,,,,,,
0.0086580086580086,200000,1.2982348111658455,0.0002604166666666,-0.2633928571428571,paired_16_20_minus_1_5_mssd,MC_PRECISION_MET,descriptive_empirical_resampling_not_population_coverage,0,VAS_squared,200000,False,variability,U06_variability_summary.json,-0.9404761904761904,0.3577586206896552,,,,,,,,,,,,,,,,0.01,mean,56.0,84.0,29.0,,,,,,,,,,,,,,
0.0025204624890545,200000,0.4301573617975004,0.0002604166666666,-0.1660425467013228,paired_16_20_minus_1_5_rmssd,MC_PRECISION_MET,descriptive_empirical_resampling_not_population_coverage,0,VAS,200000,False,variability,U06_variability_summary.json,-0.3790001915120101,0.0511571702854903,,,,,,,,,,,,,,,,0.01,mean,56.0,84.0,29.0,,,,,,,,,,,,,,
0.0027916827108201,200000,0.4134412385643912,0.0002604166666666,-0.5669642857142857,paired_16_20_minus_1_5_mean_adjacent_change,MC_PRECISION_MET,descriptive_empirical_resampling_not_population_coverage,0,VAS,200000,False,variability,U06_variability_summary.json,-0.7755102040816326,-0.3620689655172414,,,,,,,,,,,,,,,,0.01,mean,56.0,84.0,29.0,,,,,,,,,,,,,,
0.0062551910299003,200000,0.9842804176755447,0.0002604166666666,0.0636160714285714,paired_16_20_minus_1_5_centered_change_ms,MC_PRECISION_MET,descriptive_empirical_resampling_not_population_coverage,0,VAS_squared,200000,False,variability,U06_variability_summary.json,-0.4408482142857143,0.5434322033898306,,,,,,,,,,,,,,,,0.01,mean,56.0,84.0,29.0,,,,,,,,,,,,,,
0.0074272219009063,200000,0.2570179820179817,0.0002604166666666,0.8706293706293707,residual_1_20_degree1_residual_variance,MC_PRECISION_INSUFFICIENT,descriptive_empirical_resampling_not_population_coverage,0,VAS_squared,200000,False,variability,U06_variability_summary.json,0.7621212121212121,1.0191391941391938,,,,,,,,,,,,,,,,0.01,median,212.0,215.0,201.0,,,,,,,,,,,,,,
0.0064388696655134,200000,0.2155859548887179,0.0002604166666666,0.7476643021897238,residual_1_20_degree1_residual_mssd,MC_PRECISION_INSUFFICIENT,descriptive_empirical_resampling_not_population_coverage,0,VAS_squared,200000,False,variability,U06_variability_summary.json,0.6479167844423088,0.8635027393310267,,,,,,,,,,,,,,,,0.01,median,212.0,215.0,201.0,,,,,,,,,,,,,,
0.0027472527472527,200000,0.2384085213032581,0.0002604166666666,0.7894736842105263,residual_1_20_degree1_raw_mssd,MC_PRECISION_MET,descriptive_empirical_resampling_not_population_coverage,0,VAS_squared,200000,False,variability,U06_variability_summary.json,0.6842105263157895,0.9226190476190476,,,,,,,,,,,,,,,,0.01,median,212.0,215.0,201.0,,,,,,,,,,,,,,
0.0119264314117256,200000,0.1864362353332942,0.0002604166666666,0.607706040949075,residual_1_20_degree2_residual_variance,MC_PRECISION_INSUFFICIENT,descriptive_empirical_resampling_not_population_coverage,0,VAS_squared,200000,False,variability,U06_variability_summary.json,0.5215174531351002,0.7079536884683945,,,,,,,,,,,,,,,,0.01,median,212.0,215.0,201.0,,,,,,,,,,,,,,
0.0057801487196281,200000,0.2122186772715381,0.0002604166666666,0.6653799472277602,residual_1_20_degree2_residual_mssd,MC_PRECISION_INSUFFICIENT,descriptive_empirical_resampling_not_population_coverage,0,VAS_squared,200000,False,variability,U06_variability_summary.json,0.5628170403993769,0.775035717670915,,,,,,,,,,,,,,,,0.01,median,212.0,215.0,201.0,,,,,,,,,,,,,,
0.0027472527472527,200000,0.2384085213032581,0.0002604166666666,0.7894736842105263,residual_1_20_degree2_raw_mssd,MC_PRECISION_MET,descriptive_empirical_resampling_not_population_coverage,0,VAS_squared,200000,False,variability,U06_variability_summary.json,0.6842105263157895,0.9226190476190476,,,,,,,,,,,,,,,,0.01,median,212.0,215.0,201.0,,,,,,,,,,,,,,
1.5,200000,18.0,0.0002604166666666,65.5,burden_1_20_auc,MC_PRECISION_INSUFFICIENT,descriptive_empirical_resampling_not_population_coverage,0,VAS_minutes,200000,False,variability,U06_variability_summary.json,59.5,77.5,,,,,,,,,,,,,,,,0.01,median,56.0,84.0,29.0,,,,,,,,,,,,,,
0.0191541656072544,200000,1.0415193005801235,0.0002604166666666,10.23113573646085,burden_1_20_time_centroid,MC_PRECISION_INSUFFICIENT,descriptive_empirical_resampling_not_population_coverage,0,minutes,200000,False,variability,U06_variability_summary.json,9.483430799220274,10.524950099800398,,,,,,,,,,,,,,,,0.01,median,56.0,84.0,29.0,,,,,,,,,,,,,,
0.0100775953684896,200000,0.120802660467519,0.0002604166666666,0.4601607787378322,burden_1_20_late_area_fraction,MC_PRECISION_INSUFFICIENT,descriptive_empirical_resampling_not_population_coverage,0,proportion,200000,False,variability,U06_variability_summary.json,0.4007490636704119,0.521551724137931,,,,,,,,,,,,,,,,0.002,median,56.0,84.0,29.0,,,,,,,,,,,,,,
0.0037878787878787,200000,0.231060606060606,0.0002604166666666,0.6757575757575758,residual_1_10_degree1_residual_variance,MC_PRECISION_MET,descriptive_empirical_resampling_not_population_coverage,0,VAS_squared,200000,False,variability,U06_variability_summary.json,0.5590909090909091,0.7901515151515152,,,,,,,,,,,,,,,,0.01,median,212.0,215.0,201.0,,,,,,,,,,,,,,
0.020973370064279,200000,0.242393633302724,0.0002604166666666,0.707621671258035,residual_1_10_degree1_residual_mssd,MC_PRECISION_INSUFFICIENT,descriptive_empirical_resampling_not_population_coverage,0,VAS_squared,200000,False,variability,U06_variability_summary.json,0.6480563207835934,0.8904499540863174,,,,,,,,,,,,,,,,0.01,median,212.0,215.0,201.0,,,,,,,,,,,,,,
0.0,200000,0.2222222222222222,0.0002604166666666,0.8888888888888888,residual_1_10_degree1_raw_mssd,MC_PRECISION_MET,descriptive_empirical_resampling_not_population_coverage,0,VAS_squared,200000,False,variability,U06_variability_summary.json,0.7777777777777778,1.0,,,,,,,,,,,,,,,,0.01,median,212.0,215.0,201.0,,,,,,,,,,,,,,
0.0024891774891772,200000,0.1377705627705627,0.0002604166666666,0.3668831168831168,residual_1_10_degree2_residual_variance,MC_PRECISION_MET,descriptive_empirical_resampling_not_population_coverage,0,VAS_squared,200000,False,variability,U06_variability_summary.json,0.3140692640692641,0.4518398268398269,,,,,,,,,,,,,,,,0.01,median,212.0,215.0,201.0,,,,,,,,,,,,,,
0.0009810223446584,200000,0.2050688705234157,0.0002604166666666,0.5561845730027543,residual_1_10_degree2_residual_mssd,MC_PRECISION_MET,descriptive_empirical_resampling_not_population_coverage,0,VAS_squared,200000,False,variability,U06_variability_summary.json,0.4645760636669727,0.6696449341903885,,,,,,,,,,,,,,,,0.01,median,212.0,215.0,201.0,,,,,,,,,,,,,,
0.0,200000,0.2222222222222222,0.0002604166666666,0.8888888888888888,residual_1_10_degree2_raw_mssd,MC_PRECISION_MET,descriptive_empirical_resampling_not_population_coverage,0,VAS_squared,200000,False,variability,U06_variability_summary.json,0.7777777777777778,1.0,,,,,,,,,,,,,,,,0.01,median,212.0,215.0,201.0,,,,,,,,,,,,,,
0.0,200000,5.0,0.0002604166666666,33.25,burden_1_10_auc,MC_PRECISION_MET,descriptive_empirical_resampling_not_population_coverage,0,VAS_minutes,200000,False,variability,U06_variability_summary.json,30.5,35.5,,,,,,,,,,,,,,,,0.01,median,206.0,215.0,191.0,,,,,,,,,,,,,,
0.0065191284954542,200000,0.1860587898966397,0.0002604166666666,5.444897959183672,burden_1_10_time_centroid,MC_PRECISION_INSUFFICIENT,descriptive_empirical_resampling_not_population_coverage,0,minutes,200000,False,variability,U06_variability_summary.json,5.3168639560816615,5.502922745978301,,,,,,,,,,,,,,,,0.01,median,206.0,215.0,191.0,,,,,,,,,,,,,,
0.0,200000,0.0428571428571428,0.0002604166666666,0.4811253561253561,burden_1_10_late_area_fraction,MC_PRECISION_MET,descriptive_empirical_resampling_not_population_coverage,0,proportion,200000,False,variability,U06_variability_summary.json,0.4571428571428571,0.5,,,,,,,,,,,,,,,,0.002,median,206.0,215.0,191.0,,,,,,,,,,,,,,
0.0243442487729108,5000,0.5624831228161598,0.0002083333333333,,,MC_PRECISION_INSUFFICIENT,descriptive_empirical_resampling_not_population_coverage,0,,5000,False,R_main,gamm_summary.json,2.7297167571362237,3.2921998799523835,,G10_common_k6,,,,,,,,,,,,,,,,,,,0.0,1.0,curve,success_conditional_descriptive_range,exploratory_stability_no_nominal_coverage_validation,,,,,,,,,
0.0240559152633039,5000,0.5310085745722168,0.0002083333333333,,,MC_PRECISION_INSUFFICIENT,descriptive_empirical_resampling_not_population_coverage,0,,5000,False,R_main,gamm_summary.json,3.4903254034328435,4.02133397800506,,G10_common_k6,,,,,,,,,,,,,,,,,,,0.0,2.0,curve,success_conditional_descriptive_range,exploratory_stability_no_nominal_coverage_validation,,,,,,,,,
0.0244295719433851,5000,0.5704530614024312,0.0002083333333333,,,MC_PRECISION_INSUFFICIENT,descriptive_empirical_resampling_not_population_coverage,0,,5000,False,R_main,gamm_summary.json,3.930257359970594,4.500710421373025,,G10_common_k6,,,,,,,,,,,,,,,,,,,0.0,3.0,curve,success_conditional_descriptive_range,exploratory_stability_no_nominal_coverage_validation,,,,,,,,,
0.0254321367869376,5000,0.5704890688767503,0.0002083333333333,,,MC_PRECISION_INSUFFICIENT,descriptive_empirical_resampling_not_population_coverage,0,,5000,False,R_main,gamm_summary.json,3.9816955562539023,4.552184625130653,,G10_common_k6,,,,,,,,,,,,,,,,,,,0.0,4.0,curve,success_conditional_descriptive_range,exploratory_stability_no_nominal_coverage_validation,,,,,,,,,
0.0238655873634741,5000,0.5806723409825931,0.0002083333333333,,,MC_PRECISION_INSUFFICIENT,descriptive_empirical_resampling_not_population_coverage,0,,5000,False,R_main,gamm_summary.json,3.8452877425737872,4.42596008355638,,G10_common_k6,,,,,,,,,,,,,,,,,,,0.0,5.0,curve,success_conditional_descriptive_range,exploratory_stability_no_nominal_coverage_validation,,,,,,,,,
0.0222233151165243,5000,0.5669304668120869,0.0002083333333333,,,MC_PRECISION_INSUFFICIENT,descriptive_empirical_resampling_not_population_coverage,0,,5000,False,R_main,gamm_summary.json,3.703859850080132,4.270790316892219,,G10_common_k6,,,,,,,,,,,,,,,,,,,0.0,6.0,curve,success_conditional_descriptive_range,exploratory_stability_no_nominal_coverage_validation,,,,,,,,,
0.0229151600016761,5000,0.57678384389664,0.0002083333333333,,,MC_PRECISION_INSUFFICIENT,descriptive_empirical_resampling_not_population_coverage,0,,5000,False,R_main,gamm_summary.json,3.555828259996475,4.132612103893115,,G10_common_k6,,,,,,,,,,,,,,,,,,,0.0,7.0,curve,success_conditional_descriptive_range,exploratory_stability_no_nominal_coverage_validation,,,,,,,,,
0.0344500211656337,5000,0.5861704690617384,0.0002083333333333,,,MC_PRECISION_INSUFFICIENT,descriptive_empirical_resampling_not_population_coverage,0,,5000,False,R_main,gamm_summary.json,3.4104166341884428,3.996587103250181,,G10_common_k6,,,,,,,,,,,,,,,,,,,0.0,8.0,curve,success_conditional_descriptive_range,exploratory_stability_no_nominal_coverage_validation,,,,,,,,,
0.0283165945491017,5000,0.5881274263625302,0.0002083333333333,,,MC_PRECISION_INSUFFICIENT,descriptive_empirical_resampling_not_population_coverage,0,,5000,False,R_main,gamm_summary.json,3.2703356143056967,3.858463040668227,,G10_common_k6,,,,,,,,,,,,,,,,,,,0.0,9.0,curve,success_conditional_descriptive_range,exploratory_stability_no_nominal_coverage_validation,,,,,,,,,
0.0298633211926619,5000,0.5953918392880126,0.0002083333333333,,,MC_PRECISION_INSUFFICIENT,descriptive_empirical_resampling_not_population_coverage,0,,5000,False,R_main,gamm_summary.json,3.133495836229304,3.7288876755173166,,G10_common_k6,,,,,,,,,,,,,,,,,,,0.0,10.0,curve,success_conditional_descriptive_range,exploratory_stability_no_nominal_coverage_validation,,,,,,,,,
0.0242353179349303,5000,0.5444263054527525,0.0002083333333333,,,MC_PRECISION_INSUFFICIENT,descriptive_empirical_resampling_not_population_coverage,0,,5000,False,R_main,gamm_summary.json,2.6791271418563927,3.223553447309145,,G10_complete_k6,,,,,,,,,,,,,,,,,,,0.0,1.0,curve,success_conditional_descriptive_range,exploratory_stability_no_nominal_coverage_validation,,,,,,,,,
0.0214469714538929,5000,0.5217631665111728,0.0002083333333333,,,MC_PRECISION_INSUFFICIENT,descriptive_empirical_resampling_not_population_coverage,0,,5000,False,R_main,gamm_summary.json,3.424734219545031,3.946497386056204,,G10_complete_k6,,,,,,,,,,,,,,,,,,,0.0,2.0,curve,success_conditional_descriptive_range,exploratory_stability_no_nominal_coverage_validation,,,,,,,,,
0.0238425826681742,5000,0.5630403060003619,0.0002083333333333,,,MC_PRECISION_INSUFFICIENT,descriptive_empirical_resampling_not_population_coverage,0,,5000,False,R_main,gamm_summary.json,3.856515765997849,4.419556071998211,,G10_complete_k6,,,,,,,,,,,,,,,,,,,0.0,3.0,curve,success_conditional_descriptive_range,exploratory_stability_no_nominal_coverage_validation,,,,,,,,,
0.0227932593591866,5000,0.5350444829195613,0.0002083333333333,,,MC_PRECISION_INSUFFICIENT,descriptive_empirical_resampling_not_population_coverage,0,,5000,False,R_main,gamm_summary.json,3.907403072913758,4.442447555833319,,G10_complete_k6,,,,,,,,,,,,,,,,,,,0.0,4.0,curve,success_conditional_descriptive_range,exploratory_stability_no_nominal_coverage_validation,,,,,,,,,
0.019489286801936,5000,0.538062888872787,0.0002083333333333,,,MC_PRECISION_INSUFFICIENT,descriptive_empirical_resampling_not_population_coverage,0,,5000,False,R_main,gamm_summary.json,3.7608671544607297,4.298930043333517,,G10_complete_k6,,,,,,,,,,,,,,,,,,,0.0,5.0,curve,success_conditional_descriptive_range,exploratory_stability_no_nominal_coverage_validation,,,,,,,,,
0.0257876281573499,5000,0.5338769290868517,0.0002083333333333,,,MC_PRECISION_INSUFFICIENT,descriptive_empirical_resampling_not_population_coverage,0,,5000,False,R_main,gamm_summary.json,3.611867948551701,4.145744877638553,,G10_complete_k6,,,,,,,,,,,,,,,,,,,0.0,6.0,curve,success_conditional_descriptive_range,exploratory_stability_no_nominal_coverage_validation,,,,,,,,,
0.0251220264569056,5000,0.5411618734503518,0.0002083333333333,,,MC_PRECISION_INSUFFICIENT,descriptive_empirical_resampling_not_population_coverage,0,,5000,False,R_main,gamm_summary.json,3.45528004872524,3.996441922175592,,G10_complete_k6,,,,,,,,,,,,,,,,,,,0.0,7.0,curve,success_conditional_descriptive_range,exploratory_stability_no_nominal_coverage_validation,,,,,,,,,
0.0296382221927014,5000,0.5530441103906054,0.0002083333333333,,,MC_PRECISION_INSUFFICIENT,descriptive_empirical_resampling_not_population_coverage,0,,5000,False,R_main,gamm_summary.json,3.30092317017978,3.8539672805703855,,G10_complete_k6,,,,,,,,,,,,,,,,,,,0.0,8.0,curve,success_conditional_descriptive_range,exploratory_stability_no_nominal_coverage_validation,,,,,,,,,
0.0270254822799116,5000,0.5615938356201067,0.0002083333333333,,,MC_PRECISION_INSUFFICIENT,descriptive_empirical_resampling_not_population_coverage,0,,5000,False,R_main,gamm_summary.json,3.1686229331538134,3.73021676877392,,G10_complete_k6,,,,,,,,,,,,,,,,,,,0.0,9.0,curve,success_conditional_descriptive_range,exploratory_stability_no_nominal_coverage_validation,,,,,,,,,
0.0243401687927358,5000,0.567088470910663,0.0002083333333333,,,MC_PRECISION_INSUFFICIENT,descriptive_empirical_resampling_not_population_coverage,0,,5000,False,R_main,gamm_summary.json,3.041763052728419,3.608851523639082,,G10_complete_k6,,,,,,,,,,,,,,,,,,,0.0,10.0,curve,success_conditional_descriptive_range,exploratory_stability_no_nominal_coverage_validation,,,,,,,,,
0.037738645274862,5000,1.0068400787738376,0.0002083333333333,,,MC_PRECISION_INSUFFICIENT,descriptive_empirical_resampling_not_population_coverage,0,,5000,False,R_main,gamm_summary.json,1.9582374007735908,2.9650774795474284,,G20_complete_k6,,,,,,,,,,,,,,,,,,,0.0,1.0,curve,success_conditional_descriptive_range,exploratory_stability_no_nominal_coverage_validation,,,,,,,,,
0.0398004412001711,5000,0.8749367836818447,0.0002083333333333,,,MC_PRECISION_INSUFFICIENT,descriptive_empirical_resampling_not_population_coverage,0,,5000,False,R_main,gamm_summary.json,2.564955590053923,3.4398923737357676,,G20_complete_k6,,,,,,,,,,,,,,,,,,,0.0,2.0,curve,success_conditional_descriptive_range,exploratory_stability_no_nominal_coverage_validation,,,,,,,,,
0.0399860228593556,5000,0.9310260665636196,0.0002083333333333,,,MC_PRECISION_INSUFFICIENT,descriptive_empirical_resampling_not_population_coverage,0,,5000,False,R_main,gamm_summary.json,3.05059149395789,3.9816175605215096,,G20_complete_k6,,,,,,,,,,,,,,,,,,,0.0,3.0,curve,success_conditional_descriptive_range,exploratory_stability_no_nominal_coverage_validation,,,,,,,,,
0.0448892713645285,5000,1.06913706664179,0.0002083333333333,,,MC_PRECISION_INSUFFICIENT,descriptive_empirical_resampling_not_population_coverage,0,,5000,False,R_main,gamm_summary.json,3.4157530226856045,4.484890089327394,,G20_complete_k6,,,,,,,,,,,,,,,,,,,0.0,4.0,curve,success_conditional_descriptive_range,exploratory_stability_no_nominal_coverage_validation,,,,,,,,,
0.0520874210201487,5000,1.1401747466626606,0.0002083333333333,,,MC_PRECISION_INSUFFICIENT,descriptive_empirical_resampling_not_population_coverage,0,,5000,False,R_main,gamm_summary.json,3.675875347675176,4.816050094337837,,G20_complete_k6,,,,,,,,,,,,,,,,,,,0.0,5.0,curve,success_conditional_descriptive_range,exploratory_stability_no_nominal_coverage_validation,,,,,,,,,
0.0519519595320061,5000,1.1224443385762526,0.0002083333333333,,,MC_PRECISION_INSUFFICIENT,descriptive_empirical_resampling_not_population_coverage,0,,5000,False,R_main,gamm_summary.json,3.830399430464044,4.952843769040297,,G20_complete_k6,,,,,,,,,,,,,,,,,,,0.0,6.0,curve,success_conditional_descriptive_range,exploratory_stability_no_nominal_coverage_validation,,,,,,,,,
0.05293344581401,5000,1.0764384906281212,0.0002083333333333,,,MC_PRECISION_INSUFFICIENT,descriptive_empirical_resampling_not_population_coverage,0,,5000,False,R_main,gamm_summary.json,3.87731541513264,4.953753905760761,,G20_complete_k6,,,,,,,,,,,,,,,,,,,0.0,7.0,curve,success_conditional_descriptive_range,exploratory_stability_no_nominal_coverage_validation,,,,,,,,,
0.0432868040721885,5000,1.0448707366465588,0.0002083333333333,,,MC_PRECISION_INSUFFICIENT,descriptive_empirical_resampling_not_population_coverage,0,,5000,False,R_main,gamm_summary.json,3.83336415433597,4.8782348909825295,,G20_complete_k6,,,,,,,,,,,,,,,,,,,0.0,8.0,curve,success_conditional_descriptive_range,exploratory_stability_no_nominal_coverage_validation,,,,,,,,,
0.0450404127722565,5000,0.9892096866150686,0.0002083333333333,,,MC_PRECISION_INSUFFICIENT,descriptive_empirical_resampling_not_population_coverage,0,,5000,False,R_main,gamm_summary.json,3.734305783215543,4.723515469830612,,G20_complete_k6,,,,,,,,,,,,,,,,,,,0.0,9.0,curve,success_conditional_descriptive_range,exploratory_stability_no_nominal_coverage_validation,,,,,,,,,
0.0419294622113102,5000,0.9111451548633168,0.0002083333333333,,,MC_PRECISION_INSUFFICIENT,descriptive_empirical_resampling_not_population_coverage,0,,5000,False,R_main,gamm_summary.json,3.609404229831298,4.520549384694615,,G20_complete_k6,,,,,,,,,,,,,,,,,,,0.0,10.0,curve,success_conditional_descriptive_range,exploratory_stability_no_nominal_coverage_validation,,,,,,,,,
0.0427010239437946,5000,0.8470969836857027,0.0002083333333333,,,MC_PRECISION_INSUFFICIENT,descriptive_empirical_resampling_not_population_coverage,0,,5000,False,R_main,gamm_summary.json,3.4741773989847,4.321274382670403,,G20_complete_k6,,,,,,,,,,,,,,,,,,,0.0,11.0,curve,success_conditional_descriptive_range,exploratory_stability_no_nominal_coverage_validation,,,,,,,,,
0.0381083019582257,5000,0.8283622403106516,0.0002083333333333,,,MC_PRECISION_INSUFFICIENT,descriptive_empirical_resampling_not_population_coverage,0,,5000,False,R_main,gamm_summary.json,3.32599044275595,4.154352683066602,,G20_complete_k6,,,,,,,,,,,,,,,,,,,0.0,12.0,curve,success_conditional_descriptive_range,exploratory_stability_no_nominal_coverage_validation,,,,,,,,,
0.0337888525634602,5000,0.8199803957758593,0.0002083333333333,,,MC_PRECISION_INSUFFICIENT,descriptive_empirical_resampling_not_population_coverage,0,,5000,False,R_main,gamm_summary.json,3.2241966360669787,4.044177031842838,,G20_complete_k6,,,,,,,,,,,,,,,,,,,0.0,13.0,curve,success_conditional_descriptive_range,exploratory_stability_no_nominal_coverage_validation,,,,,,,,,
0.0345926387374619,5000,0.8260523484094744,0.0002083333333333,,,MC_PRECISION_INSUFFICIENT,descriptive_empirical_resampling_not_population_coverage,0,,5000,False,R_main,gamm_summary.json,3.159717240437477,3.985769588846951,,G20_complete_k6,,,,,,,,,,,,,,,,,,,0.0,14.0,curve,success_conditional_descriptive_range,exploratory_stability_no_nominal_coverage_validation,,,,,,,,,
0.0418309627191226,5000,0.8457171048370324,0.0002083333333333,,,MC_PRECISION_INSUFFICIENT,descriptive_empirical_resampling_not_population_coverage,0,,5000,False,R_main,gamm_summary.json,3.103346819143531,3.9490639239805634,,G20_complete_k6,,,,,,,,,,,,,,,,,,,0.0,15.0,curve,success_conditional_descriptive_range,exploratory_stability_no_nominal_coverage_validation,,,,,,,,,
0.0367737504273115,5000,0.8806218877109422,0.0002083333333333,,,MC_PRECISION_INSUFFICIENT,descriptive_empirical_resampling_not_population_coverage,0,,5000,False,R_main,gamm_summary.json,3.028487900276296,3.909109787987238,,G20_complete_k6,,,,,,,,,,,,,,,,,,,0.0,16.0,curve,success_conditional_descriptive_range,exploratory_stability_no_nominal_coverage_validation,,,,,,,,,
0.0411299943183629,5000,0.900257175882774,0.0002083333333333,,,MC_PRECISION_INSUFFICIENT,descriptive_empirical_resampling_not_population_coverage,0,,5000,False,R_main,gamm_summary.json,2.9296314414389837,3.8298886173217577,,G20_complete_k6,,,,,,,,,,,,,,,,,,,0.0,17.0,curve,success_conditional_descriptive_range,exploratory_stability_no_nominal_coverage_validation,,,,,,,,,
0.0361022160977331,5000,0.9418663581391686,0.0002083333333333,,,MC_PRECISION_INSUFFICIENT,descriptive_empirical_resampling_not_population_coverage,0,,5000,False,R_main,gamm_summary.json,2.7989015782088824,3.740767936348051,,G20_complete_k6,,,,,,,,,,,,,,,,,,,0.0,18.0,curve,success_conditional_descriptive_range,exploratory_stability_no_nominal_coverage_validation,,,,,,,,,
0.042367176411652,5000,1.016225438378378,0.0002083333333333,,,MC_PRECISION_INSUFFICIENT,descriptive_empirical_resampling_not_population_coverage,0,,5000,False,R_main,gamm_summary.json,2.628425624819427,3.644651063197805,,G20_complete_k6,,,,,,,,,,,,,,,,,,,0.0,19.0,curve,success_conditional_descriptive_range,exploratory_stability_no_nominal_coverage_validation,,,,,,,,,
0.0521809016182852,5000,1.1253415477609154,0.0002083333333333,,,MC_PRECISION_INSUFFICIENT,descriptive_empirical_resampling_not_population_coverage,0,,5000,False,R_main,gamm_summary.json,2.424289339893245,3.5496308876541605,,G20_complete_k6,,,,,,,,,,,,,,,,,,,0.0,20.0,curve,success_conditional_descriptive_range,exploratory_stability_no_nominal_coverage_validation,,,,,,,,,
0.0283897768588414,5000,0.5745711509698568,0.0002083333333333,,,MC_PRECISION_INSUFFICIENT,descriptive_empirical_resampling_not_population_coverage,0,,5000,False,R_main,gamm_summary.json,2.9868489951227377,3.5614201460925945,,G20_independent_k6,,,,,,,,,,,,,,,,,,,0.0,1.0,curve,success_conditional_descriptive_range,exploratory_stability_no_nominal_coverage_validation,,,,,,,,,
0.0268016018996339,5000,0.504013058490544,0.0002083333333333,,,MC_PRECISION_INSUFFICIENT,descriptive_empirical_resampling_not_population_coverage,0,,5000,False,R_main,gamm_summary.json,3.3856916726406463,3.8897047311311903,,G20_independent_k6,,,,,,,,,,,,,,,,,,,0.0,2.0,curve,success_conditional_descriptive_range,exploratory_stability_no_nominal_coverage_validation,,,,,,,,,
0.0181714791124458,5000,0.5088146975181576,0.0002083333333333,,,MC_PRECISION_INSUFFICIENT,descriptive_empirical_resampling_not_population_coverage,0,,5000,False,R_main,gamm_summary.json,3.696440068610455,4.205254766128613,,G20_independent_k6,,,,,,,,,,,,,,,,,,,0.0,3.0,curve,success_conditional_descriptive_range,exploratory_stability_no_nominal_coverage_validation,,,,,,,,,
0.0229338500477291,5000,0.5445465545844161,0.0002083333333333,,,MC_PRECISION_INSUFFICIENT,descriptive_empirical_resampling_not_population_coverage,0,,5000,False,R_main,gamm_summary.json,3.889310046499147,4.433856601083563,,G20_independent_k6,,,,,,,,,,,,,,,,,,,0.0,4.0,curve,success_conditional_descriptive_range,exploratory_stability_no_nominal_coverage_validation,,,,,,,,,
0.0237981920934382,5000,0.5609068401759361,0.0002083333333333,,,MC_PRECISION_INSUFFICIENT,descriptive_empirical_resampling_not_population_coverage,0,,5000,False,R_main,gamm_summary.json,3.9486194376720514,4.509526277847987,,G20_independent_k6,,,,,,,,,,,,,,,,,,,0.0,5.0,curve,success_conditional_descriptive_range,exploratory_stability_no_nominal_coverage_validation,,,,,,,,,
0.0216953509311226,5000,0.5587551030531901,0.0002083333333333,,,MC_PRECISION_INSUFFICIENT,descriptive_empirical_resampling_not_population_coverage,0,,5000,False,R_main,gamm_summary.json,3.8500008506837866,4.408755953736977,,G20_independent_k6,,,,,,,,,,,,,,,,,,,0.0,6.0,curve,success_conditional_descriptive_range,exploratory_stability_no_nominal_coverage_validation,,,,,,,,,
0.0219445670835627,5000,0.5666362709564718,0.0002083333333333,,,MC_PRECISION_INSUFFICIENT,descriptive_empirical_resampling_not_population_coverage,0,,5000,False,R_main,gamm_summary.json,3.63905786451398,4.205694135470452,,G20_independent_k6,,,,,,,,,,,,,,,,,,,0.0,7.0,curve,success_conditional_descriptive_range,exploratory_stability_no_nominal_coverage_validation,,,,,,,,,
0.0249707883487517,5000,0.5945528960937962,0.0002083333333333,,,MC_PRECISION_INSUFFICIENT,descriptive_empirical_resampling_not_population_coverage,0,,5000,False,R_main,gamm_summary.json,3.38663904346285,3.981191939556646,,G20_independent_k6,,,,,,,,,,,,,,,,,,,0.0,8.0,curve,success_conditional_descriptive_range,exploratory_stability_no_nominal_coverage_validation,,,,,,,,,
0.0261140122678087,5000,0.6091899131528509,0.0002083333333333,,,MC_PRECISION_INSUFFICIENT,descriptive_empirical_resampling_not_population_coverage,0,,5000,False,R_main,gamm_summary.json,3.175268572251764,3.784458485404615,,G20_independent_k6,,,,,,,,,,,,,,,,,,,0.0,9.0,curve,success_conditional_descriptive_range,exploratory_stability_no_nominal_coverage_validation,,,,,,,,,
0.0291044126322135,5000,0.6013858744295795,0.0002083333333333,,,MC_PRECISION_INSUFFICIENT,descriptive_empirical_resampling_not_population_coverage,0,,5000,False,R_main,gamm_summary.json,3.0419774221322924,3.643363296561872,,G20_independent_k6,,,,,,,,,,,,,,,,,,,0.0,10.0,curve,success_conditional_descriptive_range,exploratory_stability_no_nominal_coverage_validation,,,,,,,,,
0.0307881841910924,5000,0.5923703350024692,0.0002083333333333,,,MC_PRECISION_INSUFFICIENT,descriptive_empirical_resampling_not_population_coverage,0,,5000,False,R_main,gamm_summary.json,2.9500023105003,3.5423726455027693,,G20_independent_k6,,,,,,,,,,,,,,,,,,,0.0,11.0,curve,success_conditional_descriptive_range,exploratory_stability_no_nominal_coverage_validation,,,,,,,,,
0.0251831226019607,5000,0.5965382456966073,0.0002083333333333,,,MC_PRECISION_INSUFFICIENT,descriptive_empirical_resampling_not_population_coverage,0,,5000,False,R_main,gamm_summary.json,2.8708524404201676,3.467390686116775,,G20_independent_k6,,,,,,,,,,,,,,,,,,,0.0,12.0,curve,success_conditional_descriptive_range,exploratory_stability_no_nominal_coverage_validation,,,,,,,,,
0.0240454622241372,5000,0.5932879900438155,0.0002083333333333,,,MC_PRECISION_INSUFFICIENT,descriptive_empirical_resampling_not_population_coverage,0,,5000,False,R_main,gamm_summary.json,2.78212407368667,3.3754120637304856,,G20_independent_k6,,,,,,,,,,,,,,,,,,,0.0,13.0,curve,success_conditional_descriptive_range,exploratory_stability_no_nominal_coverage_validation,,,,,,,,,
0.0260922421075169,5000,0.5934359730626166,0.0002083333333333,,,MC_PRECISION_INSUFFICIENT,descriptive_empirical_resampling_not_population_coverage,0,,5000,False,R_main,gamm_summary.json,2.677761616959186,3.271197590021802,,G20_independent_k6,,,,,,,,,,,,,,,,,,,0.0,14.0,curve,success_conditional_descriptive_range,exploratory_stability_no_nominal_coverage_validation,,,,,,,,,
0.0250671384153431,5000,0.6175873719207994,0.0002083333333333,,,MC_PRECISION_INSUFFICIENT,descriptive_empirical_resampling_not_population_coverage,0,,5000,False,R_main,gamm_summary.json,2.554656532695456,3.1722439046162556,,G20_independent_k6,,,,,,,,,,,,,,,,,,,0.0,15.0,curve,success_conditional_descriptive_range,exploratory_stability_no_nominal_coverage_validation,,,,,,,,,
0.022927366015585,5000,0.6615983603805229,0.0002083333333333,,,MC_PRECISION_INSUFFICIENT,descriptive_empirical_resampling_not_population_coverage,0,,5000,False,R_main,gamm_summary.json,2.4398021244155212,3.101400484796044,,G20_independent_k6,,,,,,,,,,,,,,,,,,,0.0,16.0,curve,success_conditional_descriptive_range,exploratory_stability_no_nominal_coverage_validation,,,,,,,,,
0.0256349753027191,5000,0.7167670829696138,0.0002083333333333,,,MC_PRECISION_INSUFFICIENT,descriptive_empirical_resampling_not_population_coverage,0,,5000,False,R_main,gamm_summary.json,2.3476845343412966,3.0644516173109104,,G20_independent_k6,,,,,,,,,,,,,,,,,,,0.0,17.0,curve,success_conditional_descriptive_range,exploratory_stability_no_nominal_coverage_validation,,,,,,,,,
0.0266173366174271,5000,0.8255951877839931,0.0002083333333333,,,MC_PRECISION_INSUFFICIENT,descriptive_empirical_resampling_not_population_coverage,0,,5000,False,R_main,gamm_summary.json,2.25457583578292,3.0801710235669133,,G20_independent_k6,,,,,,,,,,,,,,,,,,,0.0,18.0,curve,success_conditional_descriptive_range,exploratory_stability_no_nominal_coverage_validation,,,,,,,,,
0.039147464964456,5000,1.0045433265313313,0.0002083333333333,,,MC_PRECISION_INSUFFICIENT,descriptive_empirical_resampling_not_population_coverage,0,,5000,False,R_main,gamm_summary.json,2.146008429427263,3.1505517559585945,,G20_independent_k6,,,,,,,,,,,,,,,,,,,0.0,19.0,curve,success_conditional_descriptive_range,exploratory_stability_no_nominal_coverage_validation,,,,,,,,,
0.0546051635308177,5000,1.247251645660278,0.0002083333333333,,,MC_PRECISION_INSUFFICIENT,descriptive_empirical_resampling_not_population_coverage,0,,5000,False,R_main,gamm_summary.json,2.0105324368287305,3.2577840824890085,,G20_independent_k6,,,,,,,,,,,,,,,,,,,0.0,20.0,curve,success_conditional_descriptive_range,exploratory_stability_no_nominal_coverage_validation,,,,,,,,,
0.0225865703628111,5000,0.5583850634248315,0.0002083333333333,,,MC_PRECISION_INSUFFICIENT,descriptive_empirical_resampling_not_population_coverage,0,,5000,False,R_main,gamm_summary.json,2.799390277310703,3.357775340735534,,G20_k4,,,,,,,,,,,,,,,,,,,0.0,1.0,curve,success_conditional_descriptive_range,exploratory_stability_no_nominal_coverage_validation,,,,,,,,,
0.0219611080271833,5000,0.4682714141435529,0.0002083333333333,,,MC_PRECISION_INSUFFICIENT,descriptive_empirical_resampling_not_population_coverage,0,,5000,False,R_main,gamm_summary.json,3.0940646773318776,3.5623360914754305,,G20_k4,,,,,,,,,,,,,,,,,,,0.0,2.0,curve,success_conditional_descriptive_range,exploratory_stability_no_nominal_coverage_validation,,,,,,,,,
0.0204382299875911,5000,0.4355824819838325,0.0002083333333333,,,MC_PRECISION_INSUFFICIENT,descriptive_empirical_resampling_not_population_coverage,0,,5000,False,R_main,gamm_summary.json,3.3451923592640243,3.780774841247857,,G20_k4,,,,,,,,,,,,,,,,,,,0.0,3.0,curve,success_conditional_descriptive_range,exploratory_stability_no_nominal_coverage_validation,,,,,,,,,
0.0187481770027799,5000,0.4596151326835822,0.0002083333333333,,,MC_PRECISION_INSUFFICIENT,descriptive_empirical_resampling_not_population_coverage,0,,5000,False,R_main,gamm_summary.json,3.5350037037023143,3.994618836385897,,G20_k4,,,,,,,,,,,,,,,,,,,0.0,4.0,curve,success_conditional_descriptive_range,exploratory_stability_no_nominal_coverage_validation,,,,,,,,,
0.0205090968949264,5000,0.4980163016097463,0.0002083333333333,,,MC_PRECISION_INSUFFICIENT,descriptive_empirical_resampling_not_population_coverage,0,,5000,False,R_main,gamm_summary.json,3.674235270165377,4.172251571775123,,G20_k4,,,,,,,,,,,,,,,,,,,0.0,5.0,curve,success_conditional_descriptive_range,exploratory_stability_no_nominal_coverage_validation,,,,,,,,,
0.01906661049841,5000,0.5487913619499847,0.0002083333333333,,,MC_PRECISION_INSUFFICIENT,descriptive_empirical_resampling_not_population_coverage,0,,5000,False,R_main,gamm_summary.json,3.750349429233608,4.299140791183593,,G20_k4,,,,,,,,,,,,,,,,,,,0.0,6.0,curve,success_conditional_descriptive_range,exploratory_stability_no_nominal_coverage_validation,,,,,,,,,
0.0266599149231474,5000,0.5779808283265533,0.0002083333333333,,,MC_PRECISION_INSUFFICIENT,descriptive_empirical_resampling_not_population_coverage,0,,5000,False,R_main,gamm_summary.json,3.763314556027894,4.3412953843544475,,G20_k4,,,,,,,,,,,,,,,,,,,0.0,7.0,curve,success_conditional_descriptive_range,exploratory_stability_no_nominal_coverage_validation,,,,,,,,,
0.0246693259427015,5000,0.5970293775586137,0.0002083333333333,,,MC_PRECISION_INSUFFICIENT,descriptive_empirical_resampling_not_population_coverage,0,,5000,False,R_main,gamm_summary.json,3.691750396490757,4.28877977404937,,G20_k4,,,,,,,,,,,,,,,,,,,0.0,8.0,curve,success_conditional_descriptive_range,exploratory_stability_no_nominal_coverage_validation,,,,,,,,,
0.0261493102166707,5000,0.5935437053372867,0.0002083333333333,,,MC_PRECISION_INSUFFICIENT,descriptive_empirical_resampling_not_population_coverage,0,,5000,False,R_main,gamm_summary.json,3.5564875227655675,4.150031228102854,,G20_k4,,,,,,,,,,,,,,,,,,,0.0,9.0,curve,success_conditional_descriptive_range,exploratory_stability_no_nominal_coverage_validation,,,,,,,,,
0.0272204809039342,5000,0.5752788160370446,0.0002083333333333,,,MC_PRECISION_INSUFFICIENT,descriptive_empirical_resampling_not_population_coverage,0,,5000,False,R_main,gamm_summary.json,3.370439153745694,3.9457179697827383,,G20_k4,,,,,,,,,,,,,,,,,,,0.0,10.0,curve,success_conditional_descriptive_range,exploratory_stability_no_nominal_coverage_validation,,,,,,,,,
0.0223360408017629,5000,0.5697295698028442,0.0002083333333333,,,MC_PRECISION_INSUFFICIENT,descriptive_empirical_resampling_not_population_coverage,0,,5000,False,R_main,gamm_summary.json,3.1499263517276748,3.719655921530519,,G20_k4,,,,,,,,,,,,,,,,,,,0.0,11.0,curve,success_conditional_descriptive_range,exploratory_stability_no_nominal_coverage_validation,,,,,,,,,
0.0263913096958487,5000,0.5653900869222501,0.0002083333333333,,,MC_PRECISION_INSUFFICIENT,descriptive_empirical_resampling_not_population_coverage,0,,5000,False,R_main,gamm_summary.json,2.9256827506482965,3.491072837570546,,G20_k4,,,,,,,,,,,,,,,,,,,0.0,12.0,curve,success_conditional_descriptive_range,exploratory_stability_no_nominal_coverage_validation,,,,,,,,,
0.0248053154965166,5000,0.5706286707840649,0.0002083333333333,,,MC_PRECISION_INSUFFICIENT,descriptive_empirical_resampling_not_population_coverage,0,,5000,False,R_main,gamm_summary.json,2.709821039702112,3.280449710486177,,G20_k4,,,,,,,,,,,,,,,,,,,0.0,13.0,curve,success_conditional_descriptive_range,exploratory_stability_no_nominal_coverage_validation,,,,,,,,,
0.0271425295942715,5000,0.571626972971131,0.0002083333333333,,,MC_PRECISION_INSUFFICIENT,descriptive_empirical_resampling_not_population_coverage,0,,5000,False,R_main,gamm_summary.json,2.537562171640226,3.109189144611357,,G20_k4,,,,,,,,,,,,,,,,,,,0.0,14.0,curve,success_conditional_descriptive_range,exploratory_stability_no_nominal_coverage_validation,,,,,,,,,
0.02570531016497,5000,0.5759902492431319,0.0002083333333333,,,MC_PRECISION_INSUFFICIENT,descriptive_empirical_resampling_not_population_coverage,0,,5000,False,R_main,gamm_summary.json,2.413830869912959,2.989821119156091,,G20_k4,,,,,,,,,,,,,,,,,,,0.0,15.0,curve,success_conditional_descriptive_range,exploratory_stability_no_nominal_coverage_validation,,,,,,,,,
0.0224409359893558,5000,0.5818361676700516,0.0002083333333333,,,MC_PRECISION_INSUFFICIENT,descriptive_empirical_resampling_not_population_coverage,0,,5000,False,R_main,gamm_summary.json,2.328155955597019,2.9099921232670707,,G20_k4,,,,,,,,,,,,,,,,,,,0.0,16.0,curve,success_conditional_descriptive_range,exploratory_stability_no_nominal_coverage_validation,,,,,,,,,
0.0191004605451379,5000,0.6064352911872049,0.0002083333333333,,,MC_PRECISION_INSUFFICIENT,descriptive_empirical_resampling_not_population_coverage,0,,5000,False,R_main,gamm_summary.json,2.276595388921081,2.883030680108286,,G20_k4,,,,,,,,,,,,,,,,,,,0.0,17.0,curve,success_conditional_descriptive_range,exploratory_stability_no_nominal_coverage_validation,,,,,,,,,
0.0269151581707953,5000,0.6602324429574051,0.0002083333333333,,,MC_PRECISION_INSUFFICIENT,descriptive_empirical_resampling_not_population_coverage,0,,5000,False,R_main,gamm_summary.json,2.23846098616334,2.8986934291207453,,G20_k4,,,,,,,,,,,,,,,,,,,0.0,18.0,curve,success_conditional_descriptive_range,exploratory_stability_no_nominal_coverage_validation,,,,,,,,,
0.030581260160893,5000,0.7523902695811944,0.0002083333333333,,,MC_PRECISION_INSUFFICIENT,descriptive_empirical_resampling_not_population_coverage,0,,5000,False,R_main,gamm_summary.json,2.1976295944558357,2.95001986403703,,G20_k4,,,,,,,,,,,,,,,,,,,0.0,19.0,curve,success_conditional_descriptive_range,exploratory_stability_no_nominal_coverage_validation,,,,,,,,,
0.0410138337969301,5000,0.8635061801193653,0.0002083333333333,,,MC_PRECISION_INSUFFICIENT,descriptive_empirical_resampling_not_population_coverage,0,,5000,False,R_main,gamm_summary.json,2.155956946532709,3.019463126652074,,G20_k4,,,,,,,,,,,,,,,,,,,0.0,20.0,curve,success_conditional_descriptive_range,exploratory_stability_no_nominal_coverage_validation,,,,,,,,,
0.0226937276150183,5000,0.5598274234802094,0.0002083333333333,,,MC_PRECISION_INSUFFICIENT,descriptive_empirical_resampling_not_population_coverage,0,,5000,False,R_main,gamm_summary.json,2.7324767034058652,3.2923041268860747,,G20_k8,,,,,,,,,,,,,,,,,,,0.0,1.0,curve,success_conditional_descriptive_range,exploratory_stability_no_nominal_coverage_validation,,,,,,,,,
0.0207025634857482,5000,0.5163004529275268,0.0002083333333333,,,MC_PRECISION_INSUFFICIENT,descriptive_empirical_resampling_not_population_coverage,0,,5000,False,R_main,gamm_summary.json,3.37207720321306,3.888377656140587,,G20_k8,,,,,,,,,,,,,,,,,,,0.0,2.0,curve,success_conditional_descriptive_range,exploratory_stability_no_nominal_coverage_validation,,,,,,,,,
0.0212022016746704,5000,0.5516648642218338,0.0002083333333333,,,MC_PRECISION_INSUFFICIENT,descriptive_empirical_resampling_not_population_coverage,0,,5000,False,R_main,gamm_summary.json,3.837008996182074,4.388673860403908,,G20_k8,,,,,,,,,,,,,,,,,,,0.0,3.0,curve,success_conditional_descriptive_range,exploratory_stability_no_nominal_coverage_validation,,,,,,,,,
0.0258590116602324,5000,0.5700618671545143,0.0002083333333333,,,MC_PRECISION_INSUFFICIENT,descriptive_empirical_resampling_not_population_coverage,0,,5000,False,R_main,gamm_summary.json,4.037973397314003,4.608035264468517,,G20_k8,,,,,,,,,,,,,,,,,,,0.0,4.0,curve,success_conditional_descriptive_range,exploratory_stability_no_nominal_coverage_validation,,,,,,,,,
0.0258457333558075,5000,0.55001533998978,0.0002083333333333,,,MC_PRECISION_INSUFFICIENT,descriptive_empirical_resampling_not_population_coverage,0,,5000,False,R_main,gamm_summary.json,3.9538842946545896,4.50389963464437,,G20_k8,,,,,,,,,,,,,,,,,,,0.0,5.0,curve,success_conditional_descriptive_range,exploratory_stability_no_nominal_coverage_validation,,,,,,,,,
0.0216141862838568,5000,0.5572955248974685,0.0002083333333333,,,MC_PRECISION_INSUFFICIENT,descriptive_empirical_resampling_not_population_coverage,0,,5000,False,R_main,gamm_summary.json,3.720921814327656,4.278217339225124,,G20_k8,,,,,,,,,,,,,,,,,,,0.0,6.0,curve,success_conditional_descriptive_range,exploratory_stability_no_nominal_coverage_validation,,,,,,,,,
0.0262773929807442,5000,0.5802094805578677,0.0002083333333333,,,MC_PRECISION_INSUFFICIENT,descriptive_empirical_resampling_not_population_coverage,0,,5000,False,R_main,gamm_summary.json,3.512245532275035,4.092455012832903,,G20_k8,,,,,,,,,,,,,,,,,,,0.0,7.0,curve,success_conditional_descriptive_range,exploratory_stability_no_nominal_coverage_validation,,,,,,,,,
0.0244309359965431,5000,0.603809793091107,0.0002083333333333,,,MC_PRECISION_INSUFFICIENT,descriptive_empirical_resampling_not_population_coverage,0,,5000,False,R_main,gamm_summary.json,3.379446230875789,3.983256023966896,,G20_k8,,,,,,,,,,,,,,,,,,,0.0,8.0,curve,success_conditional_descriptive_range,exploratory_stability_no_nominal_coverage_validation,,,,,,,,,
0.0248975500474037,5000,0.6067783753329419,0.0002083333333333,,,MC_PRECISION_INSUFFICIENT,descriptive_empirical_resampling_not_population_coverage,0,,5000,False,R_main,gamm_summary.json,3.280695460584179,3.887473835917121,,G20_k8,,,,,,,,,,,,,,,,,,,0.0,9.0,curve,success_conditional_descriptive_range,exploratory_stability_no_nominal_coverage_validation,,,,,,,,,
0.0222838280162087,5000,0.5934056566281614,0.0002083333333333,,,MC_PRECISION_INSUFFICIENT,descriptive_empirical_resampling_not_population_coverage,0,,5000,False,R_main,gamm_summary.json,3.158818182206148,3.7522238388343094,,G20_k8,,,,,,,,,,,,,,,,,,,0.0,10.0,curve,success_conditional_descriptive_range,exploratory_stability_no_nominal_coverage_validation,,,,,,,,,
0.0229139795343567,5000,0.5867811328859989,0.0002083333333333,,,MC_PRECISION_INSUFFICIENT,descriptive_empirical_resampling_not_population_coverage,0,,5000,False,R_main,gamm_summary.json,3.008440268481556,3.5952214013675547,,G20_k8,,,,,,,,,,,,,,,,,,,0.0,11.0,curve,success_conditional_descriptive_range,exploratory_stability_no_nominal_coverage_validation,,,,,,,,,
0.0271305284753609,5000,0.587567852197437,0.0002083333333333,,,MC_PRECISION_INSUFFICIENT,descriptive_empirical_resampling_not_population_coverage,0,,5000,False,R_main,gamm_summary.json,2.857402058710659,3.4449699109080965,,G20_k8,,,,,,,,,,,,,,,,,,,0.0,12.0,curve,success_conditional_descriptive_range,exploratory_stability_no_nominal_coverage_validation,,,,,,,,,
0.028334599026405,5000,0.5794007807763877,0.0002083333333333,,,MC_PRECISION_INSUFFICIENT,descriptive_empirical_resampling_not_population_coverage,0,,5000,False,R_main,gamm_summary.json,2.7246757612435095,3.304076542019897,,G20_k8,,,,,,,,,,,,,,,,,,,0.0,13.0,curve,success_conditional_descriptive_range,exploratory_stability_no_nominal_coverage_validation,,,,,,,,,
0.0242560119550705,5000,0.5945575713114142,0.0002083333333333,,,MC_PRECISION_INSUFFICIENT,descriptive_empirical_resampling_not_population_coverage,0,,5000,False,R_main,gamm_summary.json,2.598782530922046,3.19334010223346,,G20_k8,,,,,,,,,,,,,,,,,,,0.0,14.0,curve,success_conditional_descriptive_range,exploratory_stability_no_nominal_coverage_validation,,,,,,,,,
0.0257665882327944,5000,0.5991679344428871,0.0002083333333333,,,MC_PRECISION_INSUFFICIENT,descriptive_empirical_resampling_not_population_coverage,0,,5000,False,R_main,gamm_summary.json,2.4983240069139643,3.0974919413568514,,G20_k8,,,,,,,,,,,,,,,,,,,0.0,15.0,curve,success_conditional_descriptive_range,exploratory_stability_no_nominal_coverage_validation,,,,,,,,,
0.0242913137246061,5000,0.5988750791258481,0.0002083333333333,,,MC_PRECISION_INSUFFICIENT,descriptive_empirical_resampling_not_population_coverage,0,,5000,False,R_main,gamm_summary.json,2.4112495149052,3.010124594031048,,G20_k8,,,,,,,,,,,,,,,,,,,0.0,16.0,curve,success_conditional_descriptive_range,exploratory_stability_no_nominal_coverage_validation,,,,,,,,,
0.0235801744970394,5000,0.6295056459080728,0.0002083333333333,,,MC_PRECISION_INSUFFICIENT,descriptive_empirical_resampling_not_population_coverage,0,,5000,False,R_main,gamm_summary.json,2.3250156078710527,2.9545212537791254,,G20_k8,,,,,,,,,,,,,,,,,,,0.0,17.0,curve,success_conditional_descriptive_range,exploratory_stability_no_nominal_coverage_validation,,,,,,,,,
0.0338874747023694,5000,0.6677045831927648,0.0002083333333333,,,MC_PRECISION_INSUFFICIENT,descriptive_empirical_resampling_not_population_coverage,0,,5000,False,R_main,gamm_summary.json,2.233771108138771,2.901475691331536,,G20_k8,,,,,,,,,,,,,,,,,,,0.0,18.0,curve,success_conditional_descriptive_range,exploratory_stability_no_nominal_coverage_validation,,,,,,,,,
0.0317585300287559,5000,0.7649651615042412,0.0002083333333333,,,MC_PRECISION_INSUFFICIENT,descriptive_empirical_resampling_not_population_coverage,0,,5000,False,R_main,gamm_summary.json,2.1229846404937933,2.8879498019980345,,G20_k8,,,,,,,,,,,,,,,,,,,0.0,19.0,curve,success_conditional_descriptive_range,exploratory_stability_no_nominal_coverage_validation,,,,,,,,,
0.0409883217287134,5000,0.922531124718322,0.0002083333333333,,,MC_PRECISION_INSUFFICIENT,descriptive_empirical_resampling_not_population_coverage,0,,5000,False,R_main,gamm_summary.json,1.9813962957890896,2.9039274205074115,,G20_k8,,,,,,,,,,,,,,,,,,,0.0,20.0,curve,success_conditional_descriptive_range,exploratory_stability_no_nominal_coverage_validation,,,,,,,,,
0.0221673258182768,5000,0.5601150603075058,0.0002083333333333,,,MC_PRECISION_INSUFFICIENT,descriptive_empirical_resampling_not_population_coverage,0,,5000,False,R_main,gamm_summary.json,2.747531766833996,3.307646827141502,,G20_primary_k6,,,,,,,,,,,,,,,,,,,0.0,1.0,curve,success_conditional_descriptive_range,exploratory_stability_no_nominal_coverage_validation,,,,,,,,,
0.0234326544464815,5000,0.4878535500821632,0.0002083333333333,,,MC_PRECISION_INSUFFICIENT,descriptive_empirical_resampling_not_population_coverage,0,,5000,False,R_main,gamm_summary.json,3.2467982537606,3.7346518038427634,,G20_primary_k6,,,,,,,,,,,,,,,,,,,0.0,2.0,curve,success_conditional_descriptive_range,exploratory_stability_no_nominal_coverage_validation,,,,,,,,,
0.0229425966847474,5000,0.5084264271882368,0.0002083333333333,,,MC_PRECISION_INSUFFICIENT,descriptive_empirical_resampling_not_population_coverage,0,,5000,False,R_main,gamm_summary.json,3.641621636324252,4.150048063512489,,G20_primary_k6,,,,,,,,,,,,,,,,,,,0.0,3.0,curve,success_conditional_descriptive_range,exploratory_stability_no_nominal_coverage_validation,,,,,,,,,
0.0235329656879326,5000,0.5501888992951667,0.0002083333333333,,,MC_PRECISION_INSUFFICIENT,descriptive_empirical_resampling_not_population_coverage,0,,5000,False,R_main,gamm_summary.json,3.89993953023162,4.450128429526787,,G20_primary_k6,,,,,,,,,,,,,,,,,,,0.0,4.0,curve,success_conditional_descriptive_range,exploratory_stability_no_nominal_coverage_validation,,,,,,,,,
0.0267628117407481,5000,0.5688115162638558,0.0002083333333333,,,MC_PRECISION_INSUFFICIENT,descriptive_empirical_resampling_not_population_coverage,0,,5000,False,R_main,gamm_summary.json,3.998872861641395,4.567684377905251,,G20_primary_k6,,,,,,,,,,,,,,,,,,,0.0,5.0,curve,success_conditional_descriptive_range,exploratory_stability_no_nominal_coverage_validation,,,,,,,,,
0.0249682643064552,5000,0.5607733623446962,0.0002083333333333,,,MC_PRECISION_INSUFFICIENT,descriptive_empirical_resampling_not_population_coverage,0,,5000,False,R_main,gamm_summary.json,3.914892307588478,4.475665669933174,,G20_primary_k6,,,,,,,,,,,,,,,,,,,0.0,6.0,curve,success_conditional_descriptive_range,exploratory_stability_no_nominal_coverage_validation,,,,,,,,,
0.0248394922283115,5000,0.5664373786229153,0.0002083333333333,,,MC_PRECISION_INSUFFICIENT,descriptive_empirical_resampling_not_population_coverage,0,,5000,False,R_main,gamm_summary.json,3.697414291158356,4.263851669781271,,G20_primary_k6,,,,,,,,,,,,,,,,,,,0.0,7.0,curve,success_conditional_descriptive_range,exploratory_stability_no_nominal_coverage_validation,,,,,,,,,
0.0283896820699292,5000,0.5975062025463851,0.0002083333333333,,,MC_PRECISION_INSUFFICIENT,descriptive_empirical_resampling_not_population_coverage,0,,5000,False,R_main,gamm_summary.json,3.425916242198478,4.023422444744863,,G20_primary_k6,,,,,,,,,,,,,,,,,,,0.0,8.0,curve,success_conditional_descriptive_range,exploratory_stability_no_nominal_coverage_validation,,,,,,,,,
0.0274103049243645,5000,0.6121976403840637,0.0002083333333333,,,MC_PRECISION_INSUFFICIENT,descriptive_empirical_resampling_not_population_coverage,0,,5000,False,R_main,gamm_summary.json,3.1993023172553015,3.811499957639365,,G20_primary_k6,,,,,,,,,,,,,,,,,,,0.0,9.0,curve,success_conditional_descriptive_range,exploratory_stability_no_nominal_coverage_validation,,,,,,,,,
0.0248465915261286,5000,0.5971755861709145,0.0002083333333333,,,MC_PRECISION_INSUFFICIENT,descriptive_empirical_resampling_not_population_coverage,0,,5000,False,R_main,gamm_summary.json,3.056869296793563,3.6540448829644774,,G20_primary_k6,,,,,,,,,,,,,,,,,,,0.0,10.0,curve,success_conditional_descriptive_range,exploratory_stability_no_nominal_coverage_validation,,,,,,,,,
0.0291222165998861,5000,0.5798102276481489,0.0002083333333333,,,MC_PRECISION_INSUFFICIENT,descriptive_empirical_resampling_not_population_coverage,0,,5000,False,R_main,gamm_summary.json,2.9664124560949503,3.5462226837430992,,G20_primary_k6,,,,,,,,,,,,,,,,,,,0.0,11.0,curve,success_conditional_descriptive_range,exploratory_stability_no_nominal_coverage_validation,,,,,,,,,
0.0246363894240002,5000,0.5818165847818606,0.0002083333333333,,,MC_PRECISION_INSUFFICIENT,descriptive_empirical_resampling_not_population_coverage,0,,5000,False,R_main,gamm_summary.json,2.8794464322844853,3.461263017066346,,G20_primary_k6,,,,,,,,,,,,,,,,,,,0.0,12.0,curve,success_conditional_descriptive_range,exploratory_stability_no_nominal_coverage_validation,,,,,,,,,
0.0251365126407909,5000,0.5747339814845267,0.0002083333333333,,,MC_PRECISION_INSUFFICIENT,descriptive_empirical_resampling_not_population_coverage,0,,5000,False,R_main,gamm_summary.json,2.780908287390479,3.355642268875006,,G20_primary_k6,,,,,,,,,,,,,,,,,,,0.0,13.0,curve,success_conditional_descriptive_range,exploratory_stability_no_nominal_coverage_validation,,,,,,,,,
0.0258013255896436,5000,0.5722263515825619,0.0002083333333333,,,MC_PRECISION_INSUFFICIENT,descriptive_empirical_resampling_not_population_coverage,0,,5000,False,R_main,gamm_summary.json,2.6607963716076437,3.2330227231902056,,G20_primary_k6,,,,,,,,,,,,,,,,,,,0.0,14.0,curve,success_conditional_descriptive_range,exploratory_stability_no_nominal_coverage_validation,,,,,,,,,
0.0223292144888493,5000,0.5834167452678356,0.0002083333333333,,,MC_PRECISION_INSUFFICIENT,descriptive_empirical_resampling_not_population_coverage,0,,5000,False,R_main,gamm_summary.json,2.526954714433707,3.1103714597015424,,G20_primary_k6,,,,,,,,,,,,,,,,,,,0.0,15.0,curve,success_conditional_descriptive_range,exploratory_stability_no_nominal_coverage_validation,,,,,,,,,
0.0211350990838536,5000,0.5983455570869434,0.0002083333333333,,,MC_PRECISION_INSUFFICIENT,descriptive_empirical_resampling_not_population_coverage,0,,5000,False,R_main,gamm_summary.json,2.4010183480791825,2.999363905166126,,G20_primary_k6,,,,,,,,,,,,,,,,,,,0.0,16.0,curve,success_conditional_descriptive_range,exploratory_stability_no_nominal_coverage_validation,,,,,,,,,
0.0279266011768331,5000,0.6095518228174623,0.0002083333333333,,,MC_PRECISION_INSUFFICIENT,descriptive_empirical_resampling_not_population_coverage,0,,5000,False,R_main,gamm_summary.json,2.304203713469767,2.9137555362872294,,G20_primary_k6,,,,,,,,,,,,,,,,,,,0.0,17.0,curve,success_conditional_descriptive_range,exploratory_stability_no_nominal_coverage_validation,,,,,,,,,
0.0283328984390762,5000,0.6540561982615887,0.0002083333333333,,,MC_PRECISION_INSUFFICIENT,descriptive_empirical_resampling_not_population_coverage,0,,5000,False,R_main,gamm_summary.json,2.2191094276694554,2.873165625931044,,G20_primary_k6,,,,,,,,,,,,,,,,,,,0.0,18.0,curve,success_conditional_descriptive_range,exploratory_stability_no_nominal_coverage_validation,,,,,,,,,
0.0308667762645873,5000,0.7623728874280982,0.0002083333333333,,,MC_PRECISION_INSUFFICIENT,descriptive_empirical_resampling_not_population_coverage,0,,5000,False,R_main,gamm_summary.json,2.1155450701193175,2.8779179575474156,,G20_primary_k6,,,,,,,,,,,,,,,,,,,0.0,19.0,curve,success_conditional_descriptive_range,exploratory_stability_no_nominal_coverage_validation,,,,,,,,,
0.0411300888988339,5000,0.920731885182607,0.0002083333333333,,,MC_PRECISION_INSUFFICIENT,descriptive_empirical_resampling_not_population_coverage,0,,5000,False,R_main,gamm_summary.json,1.999068067322244,2.919799952504851,,G20_primary_k6,,,,,,,,,,,,,,,,,,,0.0,20.0,curve,success_conditional_descriptive_range,exploratory_stability_no_nominal_coverage_validation,,,,,,,,,
0.004690599099602,5000,0.1205814981071459,0.0005208333333333,,,MC_PRECISION_INSUFFICIENT,descriptive_empirical_resampling_not_population_coverage,0,,5000,False,R_main,sparse_summary.json,0.6558205764877177,0.7764020745948637,,S10_bw1.5_2,,,,,,,,,,,,,,,,,,,0.0,1.0,cumulative_fve,success_conditional_descriptive_range,exploratory_stability_no_nominal_coverage_validation,,,,,,,,,
0.0009439348375007,5000,0.0148715765488355,0.0005208333333333,,,MC_PRECISION_INSUFFICIENT,descriptive_empirical_resampling_not_population_coverage,0,,5000,False,R_main,sparse_summary.json,0.9764195623856688,0.9912911389345044,,S10_bw1.5_2,,,,,,,,,,,,,,,,,,,0.0,2.0,cumulative_fve,success_conditional_descriptive_range,exploratory_stability_no_nominal_coverage_validation,,,,,,,,,
7.782533140154868e-06,5000,5.06809014859666e-05,0.0005208333333333,,,MC_PRECISION_INSUFFICIENT,descriptive_empirical_resampling_not_population_coverage,0,,5000,False,R_main,sparse_summary.json,0.9999089985356028,0.9999596794370886,,S10_bw1.5_2,,,,,,,,,,,,,,,,,,,0.0,3.0,cumulative_fve,success_conditional_descriptive_range,exploratory_stability_no_nominal_coverage_validation,,,,,,,,,
9.442572387330372e-07,5000,2.2341261549208017e-05,0.0005208333333333,,,MC_PRECISION_INSUFFICIENT,descriptive_empirical_resampling_not_population_coverage,0,,5000,False,R_main,sparse_summary.json,0.999959233670968,0.9999815749325172,,S10_bw1.5_2,,,,,,,,,,,,,,,,,,,0.0,4.0,cumulative_fve,success_conditional_descriptive_range,exploratory_stability_no_nominal_coverage_validation,,,,,,,,,
0.5878095208844893,5000,8.473994885659593,0.0005208333333333,,,MC_PRECISION_INSUFFICIENT,descriptive_empirical_resampling_not_population_coverage,0,,5000,False,R_main,sparse_summary.json,0.5054356538608848,8.979430539520477,,S10_bw1.5_2,,,,,,,,,,,,,,,,,,,0.0,1.0,angle_deg,success_conditional_descriptive_range,exploratory_stability_no_nominal_coverage_validation,,,,,,,,,
0.1949397283335061,5000,3.537837756171872,0.0005208333333333,,,MC_PRECISION_INSUFFICIENT,descriptive_empirical_resampling_not_population_coverage,0,,5000,False,R_main,sparse_summary.json,0.4707240506765867,4.0085618068484585,,S10_bw1.5_2,,,,,,,,,,,,,,,,,,,0.0,2.0,angle_deg,success_conditional_descriptive_range,exploratory_stability_no_nominal_coverage_validation,,,,,,,,,
0.4209090242311006,5000,6.150996923636659,0.0005208333333333,,,MC_PRECISION_INSUFFICIENT,descriptive_empirical_resampling_not_population_coverage,0,,5000,False,R_main,sparse_summary.json,0.6402021886136773,6.791199112250336,,S10_bw1.5_2,,,,,,,,,,,,,,,,,,,0.0,3.0,angle_deg,success_conditional_descriptive_range,exploratory_stability_no_nominal_coverage_validation,,,,,,,,,
1.6578036079260414,5000,83.53194154499457,0.0005208333333333,,,MC_PRECISION_INSUFFICIENT,descriptive_empirical_resampling_not_population_coverage,0,,5000,False,R_main,sparse_summary.json,2.198018710184604,85.72996025517917,,S10_bw1.5_2,,,,,,,,,,,,,,,,,,,0.0,4.0,angle_deg,success_conditional_descriptive_range,exploratory_stability_no_nominal_coverage_validation,,,,,,,,,
0.0045005866422794,5000,0.1167714691330801,0.0005208333333333,,,MC_PRECISION_INSUFFICIENT,descriptive_empirical_resampling_not_population_coverage,0,,5000,False,R_main,sparse_summary.json,0.6917158305572522,0.8084872996903323,,S10_bw2_3,,,,,,,,,,,,,,,,,,,0.0,1.0,cumulative_fve,success_conditional_descriptive_range,exploratory_stability_no_nominal_coverage_validation,,,,,,,,,
0.0002185452800215,5000,0.004393933360372,0.0005208333333333,,,MC_PRECISION_INSUFFICIENT,descriptive_empirical_resampling_not_population_coverage,0,,5000,False,R_main,sparse_summary.json,0.99559887950036,0.9999928128607322,,S10_bw2_3,,,,,,,,,,,,,,,,,,,0.0,2.0,cumulative_fve,success_conditional_descriptive_range,exploratory_stability_no_nominal_coverage_validation,,,,,,,,,
1.238924407509501e-07,5000,5.813794295983499e-06,0.0005208333333333,,,MC_PRECISION_INSUFFICIENT,descriptive_empirical_resampling_not_population_coverage,0,,5000,False,R_main,sparse_summary.json,0.9999928048828556,0.9999986186771516,,S10_bw2_3,,,,,,,,,,,,,,,,,,,0.0,3.0,cumulative_fve,success_conditional_descriptive_range,exploratory_stability_no_nominal_coverage_validation,,,,,,,,,
1.3490164540996831e-08,5000,1.320819574157639e-06,0.0005208333333333,,,MC_PRECISION_MET,descriptive_empirical_resampling_not_population_coverage,0,,5000,False,R_main,sparse_summary.json,0.9999986790083152,0.9999999998278896,,S10_bw2_3,,,,,,,,,,,,,,,,,,,0.0,4.0,cumulative_fve,success_conditional_descriptive_range,exploratory_stability_no_nominal_coverage_validation,,,,,,,,,
0.5109227247973482,5000,8.347608247534577,0.0005208333333333,,,MC_PRECISION_INSUFFICIENT,descriptive_empirical_resampling_not_population_coverage,0,,5000,False,R_main,sparse_summary.json,0.3678852709154298,8.715493518450007,,S10_bw2_3,,,,,,,,,,,,,,,,,,,0.0,1.0,angle_deg,success_conditional_descriptive_range,exploratory_stability_no_nominal_coverage_validation,,,,,,,,,
0.1359657054288781,5000,2.354478764661702,0.0005208333333333,,,MC_PRECISION_INSUFFICIENT,descriptive_empirical_resampling_not_population_coverage,0,,5000,False,R_main,sparse_summary.json,0.2414581858080957,2.5959369504697976,,S10_bw2_3,,,,,,,,,,,,,,,,,,,0.0,2.0,angle_deg,success_conditional_descriptive_range,exploratory_stability_no_nominal_coverage_validation,,,,,,,,,
1.3108752571939135,5000,86.57036239583559,0.0005208333333333,,,MC_PRECISION_INSUFFICIENT,descriptive_empirical_resampling_not_population_coverage,0,,5000,False,R_main,sparse_summary.json,1.6432422456644955,88.21360464150008,,S10_bw2_3,,,,,,,,,,,,,,,,,,,0.0,3.0,angle_deg,success_conditional_descriptive_range,exploratory_stability_no_nominal_coverage_validation,,,,,,,,,
1.240836134969669,5000,78.6600338795861,0.0005208333333333,,,MC_PRECISION_INSUFFICIENT,descriptive_empirical_resampling_not_population_coverage,0,,5000,False,R_main,sparse_summary.json,1.833248502606033,80.49328238219213,,S10_bw2_3,,,,,,,,,,,,,,,,,,,0.0,4.0,angle_deg,success_conditional_descriptive_range,exploratory_stability_no_nominal_coverage_validation,,,,,,,,,
0.0044662836373647,5000,0.1040404818578176,0.0005208333333333,,,MC_PRECISION_INSUFFICIENT,descriptive_empirical_resampling_not_population_coverage,0,,5000,False,R_main,sparse_summary.json,0.747864822718757,0.8519053045765747,,S10_bw3_4,,,,,,,,,,,,,,,,,,,0.0,1.0,cumulative_fve,success_conditional_descriptive_range,exploratory_stability_no_nominal_coverage_validation,,,,,,,,,
9.582408778241458e-05,5000,0.0003945907720327,0.0005208333333333,,,MC_PRECISION_INSUFFICIENT,descriptive_empirical_resampling_not_population_coverage,0,,5000,False,R_main,sparse_summary.json,0.9996052453356868,0.9999998361077196,,S10_bw3_4,,,,,,,,,,,,,,,,,,,0.0,2.0,cumulative_fve,success_conditional_descriptive_range,exploratory_stability_no_nominal_coverage_validation,,,,,,,,,
3.8181422468142046e-09,5000,1.910538294236375e-07,0.0005208333333333,,,MC_PRECISION_MET,descriptive_empirical_resampling_not_population_coverage,0,,5000,False,R_main,sparse_summary.json,0.9999997975811772,0.9999999886350064,,S10_bw3_4,,,,,,,,,,,,,,,,,,,0.0,3.0,cumulative_fve,success_conditional_descriptive_range,exploratory_stability_no_nominal_coverage_validation,,,,,,,,,
3.8272063296318487e-10,5000,1.2925753467563084e-08,0.0005208333333333,,,MC_PRECISION_INSUFFICIENT,descriptive_empirical_resampling_not_population_coverage,0,,5000,False,R_main,sparse_summary.json,0.9999999870740798,0.9999999999998332,,S10_bw3_4,,,,,,,,,,,,,,,,,,,0.0,4.0,cumulative_fve,success_conditional_descriptive_range,exploratory_stability_no_nominal_coverage_validation,,,,,,,,,
0.5563715128646285,5000,7.46044175062501,0.0005208333333333,,,MC_PRECISION_INSUFFICIENT,descriptive_empirical_resampling_not_population_coverage,0,,5000,False,R_main,sparse_summary.json,0.2686501614015665,7.729091912026576,,S10_bw3_4,,,,,,,,,,,,,,,,,,,0.0,1.0,angle_deg,success_conditional_descriptive_range,exploratory_stability_no_nominal_coverage_validation,,,,,,,,,
0.1466995665594994,5000,1.813151011597828,0.0005208333333333,,,MC_PRECISION_INSUFFICIENT,descriptive_empirical_resampling_not_population_coverage,0,,5000,False,R_main,sparse_summary.json,0.1386041159694167,1.951755127567245,,S10_bw3_4,,,,,,,,,,,,,,,,,,,0.0,2.0,angle_deg,success_conditional_descriptive_range,exploratory_stability_no_nominal_coverage_validation,,,,,,,,,
0.0585532253459888,5000,89.38634923462651,0.0005208333333333,,,MC_PRECISION_MET,descriptive_empirical_resampling_not_population_coverage,0,,5000,False,R_main,sparse_summary.json,0.4203101300144713,89.80665936464098,,S10_bw3_4,,,,,,,,,,,,,,,,,,,0.0,3.0,angle_deg,success_conditional_descriptive_range,exploratory_stability_no_nominal_coverage_validation,,,,,,,,,
0.3438013383158704,5000,81.78791368766879,0.0005208333333333,,,MC_PRECISION_MET,descriptive_empirical_resampling_not_population_coverage,0,,5000,False,R_main,sparse_summary.json,0.5108361131580353,82.29874980082683,,S10_bw3_4,,,,,,,,,,,,,,,,,,,0.0,4.0,angle_deg,success_conditional_descriptive_range,exploratory_stability_no_nominal_coverage_validation,,,,,,,,,
0.0074913258528737,5000,0.1373656544947705,0.0005208333333333,,,MC_PRECISION_INSUFFICIENT,descriptive_empirical_resampling_not_population_coverage,0,,5000,False,R_main,sparse_summary.json,0.4784548363555003,0.6158204908502709,,S20_bw1.5_2,,,,,,,,,,,,,,,,,,,0.0,1.0,cumulative_fve,success_conditional_descriptive_range,exploratory_stability_no_nominal_coverage_validation,,,,,,,,,
0.0041399338180406,5000,0.080134105432436,0.0005208333333333,,,MC_PRECISION_INSUFFICIENT,descriptive_empirical_resampling_not_population_coverage,0,,5000,False,R_main,sparse_summary.json,0.7807487096704949,0.860882815102931,,S20_bw1.5_2,,,,,,,,,,,,,,,,,,,0.0,2.0,cumulative_fve,success_conditional_descriptive_range,exploratory_stability_no_nominal_coverage_validation,,,,,,,,,
0.0013835338391963,5000,0.0315216551995189,0.0005208333333333,,,MC_PRECISION_INSUFFICIENT,descriptive_empirical_resampling_not_population_coverage,0,,5000,False,R_main,sparse_summary.json,0.9461182854971808,0.9776399406966996,,S20_bw1.5_2,,,,,,,,,,,,,,,,,,,0.0,3.0,cumulative_fve,success_conditional_descriptive_range,exploratory_stability_no_nominal_coverage_validation,,,,,,,,,
0.0003193839953118,5000,0.0102595239955769,0.0005208333333333,,,MC_PRECISION_INSUFFICIENT,descriptive_empirical_resampling_not_population_coverage,0,,5000,False,R_main,sparse_summary.json,0.9880824739155744,0.9983419979111512,,S20_bw1.5_2,,,,,,,,,,,,,,,,,,,0.0,4.0,cumulative_fve,success_conditional_descriptive_range,exploratory_stability_no_nominal_coverage_validation,,,,,,,,,
1.2233184405084216,5000,14.530276633117229,0.0005208333333333,,,MC_PRECISION_INSUFFICIENT,descriptive_empirical_resampling_not_population_coverage,0,,5000,False,R_main,sparse_summary.json,1.828164787708673,16.3584414208259,,S20_bw1.5_2,,,,,,,,,,,,,,,,,,,0.0,1.0,angle_deg,success_conditional_descriptive_range,exploratory_stability_no_nominal_coverage_validation,,,,,,,,,
2.012037628641682,5000,18.993418898275593,0.0005208333333333,,,MC_PRECISION_INSUFFICIENT,descriptive_empirical_resampling_not_population_coverage,0,,5000,False,R_main,sparse_summary.json,2.5905618617449253,21.583980760020516,,S20_bw1.5_2,,,,,,,,,,,,,,,,,,,0.0,2.0,angle_deg,success_conditional_descriptive_range,exploratory_stability_no_nominal_coverage_validation,,,,,,,,,
0.6246546336726126,5000,10.673613761604468,0.0005208333333333,,,MC_PRECISION_INSUFFICIENT,descriptive_empirical_resampling_not_population_coverage,0,,5000,False,R_main,sparse_summary.json,2.123135491152655,12.796749252757124,,S20_bw1.5_2,,,,,,,,,,,,,,,,,,,0.0,3.0,angle_deg,success_conditional_descriptive_range,exploratory_stability_no_nominal_coverage_validation,,,,,,,,,
1.776813556123532,5000,19.49752024303822,0.0005208333333333,,,MC_PRECISION_INSUFFICIENT,descriptive_empirical_resampling_not_population_coverage,0,,5000,False,R_main,sparse_summary.json,2.336908633710671,21.83442887674889,,S20_bw1.5_2,,,,,,,,,,,,,,,,,,,0.0,4.0,angle_deg,success_conditional_descriptive_range,exploratory_stability_no_nominal_coverage_validation,,,,,,,,,
0.0056230080246389,5000,0.150777266376777,0.0005208333333333,,,MC_PRECISION_INSUFFICIENT,descriptive_empirical_resampling_not_population_coverage,0,,5000,False,R_main,sparse_summary.json,0.495127211775492,0.6459044781522691,,S20_bw2_3,,,,,,,,,,,,,,,,,,,0.0,1.0,cumulative_fve,success_conditional_descriptive_range,exploratory_stability_no_nominal_coverage_validation,,,,,,,,,
0.0030940297442511,5000,0.0773778403456048,0.0005208333333333,,,MC_PRECISION_INSUFFICIENT,descriptive_empirical_resampling_not_population_coverage,0,,5000,False,R_main,sparse_summary.json,0.8259929909908986,0.9033708313365034,,S20_bw2_3,,,,,,,,,,,,,,,,,,,0.0,2.0,cumulative_fve,success_conditional_descriptive_range,exploratory_stability_no_nominal_coverage_validation,,,,,,,,,
0.0009074035284573,5000,0.0160024209185455,0.0005208333333333,,,MC_PRECISION_INSUFFICIENT,descriptive_empirical_resampling_not_population_coverage,0,,5000,False,R_main,sparse_summary.json,0.9759522460538888,0.9919546669724344,,S20_bw2_3,,,,,,,,,,,,,,,,,,,0.0,3.0,cumulative_fve,success_conditional_descriptive_range,exploratory_stability_no_nominal_coverage_validation,,,,,,,,,
9.211529850605692e-05,5000,0.0013306343311075,0.0005208333333333,,,MC_PRECISION_INSUFFICIENT,descriptive_empirical_resampling_not_population_coverage,0,,5000,False,R_main,sparse_summary.json,0.998655051379362,0.9999856857104696,,S20_bw2_3,,,,,,,,,,,,,,,,,,,0.0,4.0,cumulative_fve,success_conditional_descriptive_range,exploratory_stability_no_nominal_coverage_validation,,,,,,,,,
1.2906421598874689,5000,15.610710076849422,0.0005208333333333,,,MC_PRECISION_INSUFFICIENT,descriptive_empirical_resampling_not_population_coverage,0,,5000,False,R_main,sparse_summary.json,1.5446926929002769,17.1554027697497,,S20_bw2_3,,,,,,,,,,,,,,,,,,,0.0,1.0,angle_deg,success_conditional_descriptive_range,exploratory_stability_no_nominal_coverage_validation,,,,,,,,,
0.902988241702456,5000,14.20800266056903,0.0005208333333333,,,MC_PRECISION_INSUFFICIENT,descriptive_empirical_resampling_not_population_coverage,0,,5000,False,R_main,sparse_summary.json,1.8959130347117743,16.103915695280804,,S20_bw2_3,,,,,,,,,,,,,,,,,,,0.0,2.0,angle_deg,success_conditional_descriptive_range,exploratory_stability_no_nominal_coverage_validation,,,,,,,,,
0.6238567251542637,5000,8.630180962658123,0.0005208333333333,,,MC_PRECISION_INSUFFICIENT,descriptive_empirical_resampling_not_population_coverage,0,,5000,False,R_main,sparse_summary.json,1.3962711709937914,10.026452133651915,,S20_bw2_3,,,,,,,,,,,,,,,,,,,0.0,3.0,angle_deg,success_conditional_descriptive_range,exploratory_stability_no_nominal_coverage_validation,,,,,,,,,
1.1013736260154978,5000,12.369387011141654,0.0005208333333333,,,MC_PRECISION_INSUFFICIENT,descriptive_empirical_resampling_not_population_coverage,0,,5000,False,R_main,sparse_summary.json,1.2964303763125518,13.665817387454206,,S20_bw2_3,,,,,,,,,,,,,,,,,,,0.0,4.0,angle_deg,success_conditional_descriptive_range,exploratory_stability_no_nominal_coverage_validation,,,,,,,,,
0.0064669087374374,5000,0.1551415544733858,0.0005208333333333,,,MC_PRECISION_INSUFFICIENT,descriptive_empirical_resampling_not_population_coverage,0,,5000,False,R_main,sparse_summary.json,0.51946058154065,0.6746021360140358,,S20_bw3_4,,,,,,,,,,,,,,,,,,,0.0,1.0,cumulative_fve,success_conditional_descriptive_range,exploratory_stability_no_nominal_coverage_validation,,,,,,,,,
0.0032941722462831,5000,0.0648380406379376,0.0005208333333333,,,MC_PRECISION_INSUFFICIENT,descriptive_empirical_resampling_not_population_coverage,0,,5000,False,R_main,sparse_summary.json,0.8837810198907299,0.9486190605286676,,S20_bw3_4,,,,,,,,,,,,,,,,,,,0.0,2.0,cumulative_fve,success_conditional_descriptive_range,exploratory_stability_no_nominal_coverage_validation,,,,,,,,,
0.0002613468957265,5000,0.0065067886138258,0.0005208333333333,,,MC_PRECISION_INSUFFICIENT,descriptive_empirical_resampling_not_population_coverage,0,,5000,False,R_main,sparse_summary.json,0.9916621337315638,0.9981689223453896,,S20_bw3_4,,,,,,,,,,,,,,,,,,,0.0,3.0,cumulative_fve,success_conditional_descriptive_range,exploratory_stability_no_nominal_coverage_validation,,,,,,,,,
2.09216995505912e-07,5000,2.313842968226787e-06,0.0005208333333333,,,MC_PRECISION_INSUFFICIENT,descriptive_empirical_resampling_not_population_coverage,0,,5000,False,R_main,sparse_summary.json,0.9999948294497768,0.9999971432927452,,S20_bw3_4,,,,,,,,,,,,,,,,,,,0.0,4.0,cumulative_fve,success_conditional_descriptive_range,exploratory_stability_no_nominal_coverage_validation,,,,,,,,,
1.6475673066396477,5000,17.174936752294855,0.0005208333333333,,,MC_PRECISION_INSUFFICIENT,descriptive_empirical_resampling_not_population_coverage,0,,5000,False,R_main,sparse_summary.json,1.3660319049906902,18.540968657285543,,S20_bw3_4,,,,,,,,,,,,,,,,,,,0.0,1.0,angle_deg,success_conditional_descriptive_range,exploratory_stability_no_nominal_coverage_validation,,,,,,,,,
0.5802922586194939,5000,9.62634039836929,0.0005208333333333,,,MC_PRECISION_INSUFFICIENT,descriptive_empirical_resampling_not_population_coverage,0,,5000,False,R_main,sparse_summary.json,1.2931099838179787,10.91945038218727,,S20_bw3_4,,,,,,,,,,,,,,,,,,,0.0,2.0,angle_deg,success_conditional_descriptive_range,exploratory_stability_no_nominal_coverage_validation,,,,,,,,,
0.699674412602457,5000,7.74135130562166,0.0005208333333333,,,MC_PRECISION_INSUFFICIENT,descriptive_empirical_resampling_not_population_coverage,0,,5000,False,R_main,sparse_summary.json,0.986172832592419,8.72752413821408,,S20_bw3_4,,,,,,,,,,,,,,,,,,,0.0,3.0,angle_deg,success_conditional_descriptive_range,exploratory_stability_no_nominal_coverage_validation,,,,,,,,,
1.2985285348601376,5000,13.023650398245287,0.0005208333333333,,,MC_PRECISION_INSUFFICIENT,descriptive_empirical_resampling_not_population_coverage,0,,5000,False,R_main,sparse_summary.json,1.039859940053678,14.063510338298965,,S20_bw3_4,,,,,,,,,,,,,,,,,,,0.0,4.0,angle_deg,success_conditional_descriptive_range,exploratory_stability_no_nominal_coverage_validation,,,,,,,,,
0.0009458448713672,100000,0.1242265555032666,0.0010416666666666,,,MC_PRECISION_MET,descriptive_empirical_resampling_not_population_coverage,0,,100000,False,FPCA_precision,complete_summary.json,0.5381530886150386,0.6623796441183053,,F10,,,,,,,,,,,,,,,,,,,0.0,1.0,cumulative_fve,success_conditional_descriptive_range,exploratory_stability_no_nominal_coverage_validation,,,,,,,,,
0.0004200450823905,100000,0.0489613523897041,0.0010416666666666,,,MC_PRECISION_MET,descriptive_empirical_resampling_not_population_coverage,0,,100000,False,FPCA_precision,complete_summary.json,0.8437728969880676,0.8927342493777717,,F10,,,,,,,,,,,,,,,,,,,0.0,2.0,cumulative_fve,success_conditional_descriptive_range,exploratory_stability_no_nominal_coverage_validation,,,,,,,,,
0.0002392814135299,100000,0.027079131822805,0.0010416666666666,,,MC_PRECISION_MET,descriptive_empirical_resampling_not_population_coverage,0,,100000,False,FPCA_precision,complete_summary.json,0.9138937901550624,0.9409729219778674,,F10,,,,,,,,,,,,,,,,,,,0.0,3.0,cumulative_fve,success_conditional_descriptive_range,exploratory_stability_no_nominal_coverage_validation,,,,,,,,,
0.0001677040838542,100000,0.0185414833475128,0.0010416666666666,,,MC_PRECISION_MET,descriptive_empirical_resampling_not_population_coverage,0,,100000,False,FPCA_precision,complete_summary.json,0.9408339439287366,0.9593754272762496,,F10,,,,,,,,,,,,,,,,,,,0.0,4.0,cumulative_fve,success_conditional_descriptive_range,exploratory_stability_no_nominal_coverage_validation,,,,,,,,,
0.1407464656942245,100000,9.75400360487811,0.0010416666666666,,,MC_PRECISION_MET,descriptive_empirical_resampling_not_population_coverage,0,,100000,False,FPCA_precision,complete_summary.json,1.177390487669432,10.931394092547542,,F10,,,,,,,,,,,,,,,,,,,0.0,1.0,angle_deg,success_conditional_descriptive_range,exploratory_stability_no_nominal_coverage_validation,,,,,,,,,
0.0653927944671322,100000,5.263042048908658,0.0010416666666666,,,MC_PRECISION_MET,descriptive_empirical_resampling_not_population_coverage,0,,100000,False,FPCA_precision,complete_summary.json,1.7214229246075732,6.984464973516231,,F10,,,,,,,,,,,,,,,,,,,0.0,2.0,angle_deg,success_conditional_descriptive_range,exploratory_stability_no_nominal_coverage_validation,,,,,,,,,
0.1475852203748093,100000,10.641374109829332,0.0010416666666666,,,MC_PRECISION_MET,descriptive_empirical_resampling_not_population_coverage,0,,100000,False,FPCA_precision,complete_summary.json,3.11606962186126,13.757443731690593,,F10,,,,,,,,,,,,,,,,,,,0.0,3.0,angle_deg,success_conditional_descriptive_range,exploratory_stability_no_nominal_coverage_validation,,,,,,,,,
1.2519115141978716,100000,60.95780203972227,0.0010416666666666,,,MC_PRECISION_INSUFFICIENT,descriptive_empirical_resampling_not_population_coverage,0,,100000,False,FPCA_precision,complete_summary.json,6.8639953454280525,67.82179738515032,,F10,,,,,,,,,,,,,,,,,,,0.0,4.0,angle_deg,success_conditional_descriptive_range,exploratory_stability_no_nominal_coverage_validation,,,,,,,,,
0.000464081157724,100000,0.0179350846875739,0.0010416666666666,,,MC_PRECISION_INSUFFICIENT,descriptive_empirical_resampling_not_population_coverage,0,,100000,False,FPCA_precision,complete_summary.json,0.9818537426813976,0.9997888273689716,,F10,,,,,,,,,,,,,,,,,,,0.0,1.0,matched_inner,success_conditional_descriptive_range,exploratory_stability_no_nominal_coverage_validation,,,,,,,,,
0.0004775232394672,100000,0.0194671278893628,0.0010416666666666,,,MC_PRECISION_INSUFFICIENT,descriptive_empirical_resampling_not_population_coverage,0,,100000,False,FPCA_precision,complete_summary.json,0.9798930580021172,0.99936018589148,,F10,,,,,,,,,,,,,,,,,,,0.0,2.0,matched_inner,success_conditional_descriptive_range,exploratory_stability_no_nominal_coverage_validation,,,,,,,,,
0.0006080356880876,100000,0.0283224594300615,0.0010416666666666,,,MC_PRECISION_INSUFFICIENT,descriptive_empirical_resampling_not_population_coverage,0,,100000,False,FPCA_precision,complete_summary.json,0.9698486948258253,0.9981711542558868,,F10,,,,,,,,,,,,,,,,,,,0.0,3.0,matched_inner,success_conditional_descriptive_range,exploratory_stability_no_nominal_coverage_validation,,,,,,,,,
0.0203290914559349,100000,0.6159096565279998,0.0010416666666666,,,MC_PRECISION_INSUFFICIENT,descriptive_empirical_resampling_not_population_coverage,0,,100000,False,FPCA_precision,complete_summary.json,0.3759632637164033,0.9918729202444032,,F10,,,,,,,,,,,,,,,,,,,0.0,4.0,matched_inner,success_conditional_descriptive_range,exploratory_stability_no_nominal_coverage_validation,,,,,,,,,
0.0015187913218799,100000,0.1945950228521177,0.0010416666666666,,,MC_PRECISION_MET,descriptive_empirical_resampling_not_population_coverage,0,,100000,False,FPCA_precision,complete_summary.json,0.3686183532601497,0.5632133761122675,,F20,,,,,,,,,,,,,,,,,,,0.0,1.0,cumulative_fve,success_conditional_descriptive_range,exploratory_stability_no_nominal_coverage_validation,,,,,,,,,
0.0009377169415865,100000,0.125065634473562,0.0010416666666666,,,MC_PRECISION_MET,descriptive_empirical_resampling_not_population_coverage,0,,100000,False,FPCA_precision,complete_summary.json,0.6454060160272146,0.7704716505007766,,F20,,,,,,,,,,,,,,,,,,,0.0,2.0,cumulative_fve,success_conditional_descriptive_range,exploratory_stability_no_nominal_coverage_validation,,,,,,,,,
0.0007209155316917,100000,0.0853625888007683,0.0010416666666666,,,MC_PRECISION_MET,descriptive_empirical_resampling_not_population_coverage,0,,100000,False,FPCA_precision,complete_summary.json,0.7922379972107434,0.8776005860115117,,F20,,,,,,,,,,,,,,,,,,,0.0,3.0,cumulative_fve,success_conditional_descriptive_range,exploratory_stability_no_nominal_coverage_validation,,,,,,,,,
0.000549003720383,100000,0.0582118801891284,0.0010416666666666,,,MC_PRECISION_MET,descriptive_empirical_resampling_not_population_coverage,0,,100000,False,FPCA_precision,complete_summary.json,0.8602227718750998,0.9184346520642284,,F20,,,,,,,,,,,,,,,,,,,0.0,4.0,cumulative_fve,success_conditional_descriptive_range,exploratory_stability_no_nominal_coverage_validation,,,,,,,,,
0.7515639235850244,100000,29.86714326608153,0.0010416666666666,,,MC_PRECISION_INSUFFICIENT,descriptive_empirical_resampling_not_population_coverage,0,,100000,False,FPCA_precision,complete_summary.json,4.178661718621238,34.04580498470277,,F20,,,,,,,,,,,,,,,,,,,0.0,1.0,angle_deg,success_conditional_descriptive_range,exploratory_stability_no_nominal_coverage_validation,,,,,,,,,
0.33277184464756,100000,25.203259121739865,0.0010416666666666,,,MC_PRECISION_MET,descriptive_empirical_resampling_not_population_coverage,0,,100000,False,FPCA_precision,complete_summary.json,6.079866900025923,31.283126021765785,,F20,,,,,,,,,,,,,,,,,,,0.0,2.0,angle_deg,success_conditional_descriptive_range,exploratory_stability_no_nominal_coverage_validation,,,,,,,,,
0.4348373737050863,100000,21.556076903479585,0.0010416666666666,,,MC_PRECISION_INSUFFICIENT,descriptive_empirical_resampling_not_population_coverage,0,,100000,False,FPCA_precision,complete_summary.json,6.4561618584066025,28.012238761886184,,F20,,,,,,,,,,,,,,,,,,,0.0,3.0,angle_deg,success_conditional_descriptive_range,exploratory_stability_no_nominal_coverage_validation,,,,,,,,,
0.708887962626676,100000,71.07144361921117,0.0010416666666666,,,MC_PRECISION_INSUFFICIENT,descriptive_empirical_resampling_not_population_coverage,0,,100000,False,FPCA_precision,complete_summary.json,9.431684708920418,80.50312832813158,,F20,,,,,,,,,,,,,,,,,,,0.0,4.0,angle_deg,success_conditional_descriptive_range,exploratory_stability_no_nominal_coverage_validation,,,,,,,,,
0.0047789903286297,100000,0.1567274899393864,0.0010416666666666,,,MC_PRECISION_INSUFFICIENT,descriptive_empirical_resampling_not_population_coverage,0,,100000,False,FPCA_precision,complete_summary.json,0.8406136406129351,0.9973411305523217,,F20,,,,,,,,,,,,,,,,,,,0.0,1.0,matched_inner,success_conditional_descriptive_range,exploratory_stability_no_nominal_coverage_validation,,,,,,,,,
0.0043673962213609,100000,0.2023855680607988,0.0010416666666666,,,MC_PRECISION_INSUFFICIENT,descriptive_empirical_resampling_not_population_coverage,0,,100000,False,FPCA_precision,complete_summary.json,0.7912173258108645,0.9936028938716632,,F20,,,,,,,,,,,,,,,,,,,0.0,2.0,matched_inner,success_conditional_descriptive_range,exploratory_stability_no_nominal_coverage_validation,,,,,,,,,
0.0037633080949445,100000,0.1827639380768638,0.0010416666666666,,,MC_PRECISION_INSUFFICIENT,descriptive_empirical_resampling_not_population_coverage,0,,100000,False,FPCA_precision,complete_summary.json,0.8077181409718404,0.9904820790487042,,F20,,,,,,,,,,,,,,,,,,,0.0,3.0,matched_inner,success_conditional_descriptive_range,exploratory_stability_no_nominal_coverage_validation,,,,,,,,,
0.0111924315173508,100000,0.8164371048298366,0.0010416666666666,,,MC_PRECISION_INSUFFICIENT,descriptive_empirical_resampling_not_population_coverage,0,,100000,False,FPCA_precision,complete_summary.json,0.167096203496051,0.9835333083258876,,F20,,,,,,,,,,,,,,,,,,,0.0,4.0,matched_inner,success_conditional_descriptive_range,exploratory_stability_no_nominal_coverage_validation,,,,,,,,,
0.0046511627906977,200000,0.3209302325581397,6.868131868131868e-05,0.8411214953271028,mean_change,MC_PRECISION_MET,success_conditional_descriptive_resampling_range_not_population_CI,0,VAS,200000,False,completion,finite_changes_summary.json,0.6837209302325581,1.0046511627906978,,,,,,,,,,,,,,,,,,,,,,,,,,0.01,2.0,1.0,214.0,1.0,,,,
0.0,200000,0.0,6.868131868131868e-05,1.0,median_change,MC_PRECISION_MET,success_conditional_descriptive_resampling_range_not_population_CI,0,VAS,200000,True,completion,finite_changes_summary.json,1.0,1.0,,,,,,,,,,,,,,,,,,,,,,,,,,0.01,2.0,1.0,214.0,1.0,,,,
0.0046511627906977,200000,0.3209302325581397,6.868131868131868e-05,0.8411214953271028,mean_rate,MC_PRECISION_MET,success_conditional_descriptive_resampling_range_not_population_CI,0,VAS/minute,200000,False,completion,finite_changes_summary.json,0.6837209302325581,1.0046511627906978,,,,,,,,,,,,,,,,,,,,,,,,,,0.01,2.0,1.0,214.0,1.0,,,,
0.0,200000,0.0,6.868131868131868e-05,1.0,median_rate,MC_PRECISION_MET,success_conditional_descriptive_resampling_range_not_population_CI,0,VAS/minute,200000,True,completion,finite_changes_summary.json,1.0,1.0,,,,,,,,,,,,,,,,,,,,,,,,,,0.01,2.0,1.0,214.0,1.0,,,,
0.0022816023869071,200000,0.1308411214953271,6.868131868131868e-05,0.5794392523364486,rise_proportion,MC_PRECISION_INSUFFICIENT,success_conditional_descriptive_resampling_range_not_population_CI,0,proportion,200000,False,completion,finite_changes_summary.json,0.514018691588785,0.6448598130841121,,,,,,,,,,,,,,,,,,,,,,,,,,0.002,2.0,1.0,214.0,1.0,,,,
0.0,200000,0.069593566615953,6.868131868131868e-05,0.0700934579439252,fall_proportion,MC_PRECISION_MET,success_conditional_descriptive_resampling_range_not_population_CI,0,proportion,200000,False,completion,finite_changes_summary.json,0.0373831775700934,0.1069767441860465,,,,,,,,,,,,,,,,,,,,,,,,,,0.002,2.0,1.0,214.0,1.0,,,,
0.0019871164974342,200000,0.1267222465993857,6.868131868131868e-05,0.3504672897196261,unchanged_proportion,MC_PRECISION_MET,success_conditional_descriptive_resampling_range_not_population_CI,0,proportion,200000,False,completion,finite_changes_summary.json,0.2883720930232558,0.4150943396226415,,,,,,,,,,,,,,,,,,,,,,,,,,0.002,2.0,1.0,214.0,1.0,,,,
0.0023473158009127,200000,0.3060638991523582,6.868131868131868e-05,0.3504672897196261,mean_change,MC_PRECISION_MET,success_conditional_descriptive_resampling_range_not_population_CI,0,VAS,200000,False,completion,finite_changes_summary.json,0.1962616822429906,0.5023255813953489,,,,,,,,,,,,,,,,,,,,,,,,,,0.01,3.0,1.0,214.0,2.0,,,,
0.0,200000,1.0,6.868131868131868e-05,0.0,median_change,MC_PRECISION_MET,success_conditional_descriptive_resampling_range_not_population_CI,0,VAS,200000,False,completion,finite_changes_summary.json,0.0,1.0,,,,,,,,,,,,,,,,,,,,,,,,,,0.01,3.0,1.0,214.0,2.0,,,,
0.0023473158009127,200000,0.3060638991523582,6.868131868131868e-05,0.3504672897196261,mean_rate,MC_PRECISION_MET,success_conditional_descriptive_resampling_range_not_population_CI,0,VAS/minute,200000,False,completion,finite_changes_summary.json,0.1962616822429906,0.5023255813953489,,,,,,,,,,,,,,,,,,,,,,,,,,0.01,3.0,1.0,214.0,2.0,,,,
0.0,200000,1.0,6.868131868131868e-05,0.0,median_rate,MC_PRECISION_MET,success_conditional_descriptive_resampling_range_not_population_CI,0,VAS/minute,200000,False,completion,finite_changes_summary.json,0.0,1.0,,,,,,,,,,,,,,,,,,,,,,,,,,0.01,3.0,1.0,214.0,2.0,,,,
0.0021281263712153,200000,0.1342035980693286,6.868131868131868e-05,0.4485981308411215,rise_proportion,MC_PRECISION_INSUFFICIENT,success_conditional_descriptive_resampling_range_not_population_CI,0,proportion,200000,False,completion,finite_changes_summary.json,0.3820754716981132,0.5162790697674419,,,,,,,,,,,,,,,,,,,,,,,,,,0.002,3.0,1.0,214.0,2.0,,,,
0.0030057042562527,200000,0.0986959356661595,6.868131868131868e-05,0.1682242990654205,fall_proportion,MC_PRECISION_INSUFFICIENT,success_conditional_descriptive_resampling_range_not_population_CI,0,proportion,200000,False,completion,finite_changes_summary.json,0.1209302325581395,0.219626168224299,,,,,,,,,,,,,,,,,,,,,,,,,,0.002,3.0,1.0,214.0,2.0,,,,
0.0021060945109911,200000,0.1308411214953271,6.868131868131868e-05,0.3831775700934579,unchanged_proportion,MC_PRECISION_INSUFFICIENT,success_conditional_descriptive_resampling_range_not_population_CI,0,proportion,200000,False,completion,finite_changes_summary.json,0.3177570093457944,0.4485981308411215,,,,,,,,,,,,,,,,,,,,,,,,,,0.002,3.0,1.0,214.0,2.0,,,,
0.003967554223241,200000,0.3102134821507662,6.868131868131868e-05,0.0798122065727699,mean_change,MC_PRECISION_MET,success_conditional_descriptive_resampling_range_not_population_CI,0,VAS,200000,False,completion,finite_changes_summary.json,-0.0754716981132075,0.2347417840375587,,,,,,,,,,,,,,,,,,,,,,,,,,0.01,4.0,1.0,213.0,3.0,,,,
0.0,200000,0.0,6.868131868131868e-05,0.0,median_change,MC_PRECISION_MET,success_conditional_descriptive_resampling_range_not_population_CI,0,VAS,200000,True,completion,finite_changes_summary.json,0.0,0.0,,,,,,,,,,,,,,,,,,,,,,,,,,0.01,4.0,1.0,213.0,3.0,,,,
0.003967554223241,200000,0.3102134821507662,6.868131868131868e-05,0.0798122065727699,mean_rate,MC_PRECISION_MET,success_conditional_descriptive_resampling_range_not_population_CI,0,VAS/minute,200000,False,completion,finite_changes_summary.json,-0.0754716981132075,0.2347417840375587,,,,,,,,,,,,,,,,,,,,,,,,,,0.01,4.0,1.0,213.0,3.0,,,,
0.0,200000,0.0,6.868131868131868e-05,0.0,median_rate,MC_PRECISION_MET,success_conditional_descriptive_resampling_range_not_population_CI,0,VAS/minute,200000,True,completion,finite_changes_summary.json,0.0,0.0,,,,,,,,,,,,,,,,,,,,,,,,,,0.01,4.0,1.0,213.0,3.0,,,,
0.0019086481505857,200000,0.1269212029941976,6.868131868131868e-05,0.3427230046948357,rise_proportion,MC_PRECISION_MET,success_conditional_descriptive_resampling_range_not_population_CI,0,proportion,200000,False,completion,finite_changes_summary.json,0.2796208530805687,0.4065420560747663,,,,,,,,,,,,,,,,,,,,,,,,,,0.002,4.0,1.0,213.0,3.0,,,,
0.0015356939142644,200000,0.1178004781569223,6.868131868131868e-05,0.2676056338028169,fall_proportion,MC_PRECISION_MET,success_conditional_descriptive_resampling_range_not_population_CI,0,proportion,200000,False,completion,finite_changes_summary.json,0.2093023255813953,0.3271028037383177,,,,,,,,,,,,,,,,,,,,,,,,,,0.002,4.0,1.0,213.0,3.0,,,,
0.0015280361413765,200000,0.1299273629196563,6.868131868131868e-05,0.3896713615023474,unchanged_proportion,MC_PRECISION_MET,success_conditional_descriptive_resampling_range_not_population_CI,0,proportion,200000,False,completion,finite_changes_summary.json,0.3254716981132075,0.4553990610328638,,,,,,,,,,,,,,,,,,,,,,,,,,0.002,4.0,1.0,213.0,3.0,,,,
0.0045587534871062,200000,0.248850056630377,6.868131868131868e-05,-0.1179245283018868,mean_change,MC_PRECISION_MET,success_conditional_descriptive_resampling_range_not_population_CI,0,VAS,200000,False,completion,finite_changes_summary.json,-0.2440191387559808,0.0048309178743961,,,,,,,,,,,,,,,,,,,,,,,,,,0.01,5.0,1.0,212.0,4.0,,,,
0.0,200000,0.0,6.868131868131868e-05,0.0,median_change,MC_PRECISION_MET,success_conditional_descriptive_resampling_range_not_population_CI,0,VAS,200000,True,completion,finite_changes_summary.json,0.0,0.0,,,,,,,,,,,,,,,,,,,,,,,,,,0.01,5.0,1.0,212.0,4.0,,,,
0.0045587534871062,200000,0.248850056630377,6.868131868131868e-05,-0.1179245283018868,mean_rate,MC_PRECISION_MET,success_conditional_descriptive_resampling_range_not_population_CI,0,VAS/minute,200000,False,completion,finite_changes_summary.json,-0.2440191387559808,0.0048309178743961,,,,,,,,,,,,,,,,,,,,,,,,,,0.01,5.0,1.0,212.0,4.0,,,,
0.0,200000,0.0,6.868131868131868e-05,0.0,median_rate,MC_PRECISION_MET,success_conditional_descriptive_resampling_range_not_population_CI,0,VAS/minute,200000,True,completion,finite_changes_summary.json,0.0,0.0,,,,,,,,,,,,,,,,,,,,,,,,,,0.01,5.0,1.0,212.0,4.0,,,,
0.0008858180529719,200000,0.1156685808039376,6.868131868131868e-05,0.2452830188679245,rise_proportion,MC_PRECISION_MET,success_conditional_descriptive_resampling_range_not_population_CI,0,proportion,200000,False,completion,finite_changes_summary.json,0.1886792452830188,0.3043478260869565,,,,,,,,,,,,,,,,,,,,,,,,,,0.002,5.0,1.0,212.0,4.0,,,,
0.0012471938139186,200000,0.124385227577573,6.868131868131868e-05,0.3066037735849056,fall_proportion,MC_PRECISION_MET,success_conditional_descriptive_resampling_range_not_population_CI,0,proportion,200000,False,completion,finite_changes_summary.json,0.2452830188679245,0.3696682464454976,,,,,,,,,,,,,,,,,,,,,,,,,,0.002,5.0,1.0,212.0,4.0,,,,
0.0021281263712153,200000,0.1348837209302325,6.868131868131868e-05,0.4481132075471698,unchanged_proportion,MC_PRECISION_INSUFFICIENT,success_conditional_descriptive_resampling_range_not_population_CI,0,proportion,200000,False,completion,finite_changes_summary.json,0.3813953488372093,0.5162790697674419,,,,,,,,,,,,,,,,,,,,,,,,,,0.002,5.0,1.0,212.0,4.0,,,,
0.0044265593561368,200000,0.2866532528504359,6.868131868131868e-05,-0.1226415094339622,mean_change,MC_PRECISION_MET,success_conditional_descriptive_resampling_range_not_population_CI,0,VAS,200000,False,completion,finite_changes_summary.json,-0.2676056338028169,0.019047619047619,,,,,,,,,,,,,,,,,,,,,,,,,,0.01,6.0,1.0,212.0,5.0,,,,
0.0,200000,0.0,6.868131868131868e-05,0.0,median_change,MC_PRECISION_MET,success_conditional_descriptive_resampling_range_not_population_CI,0,VAS,200000,True,completion,finite_changes_summary.json,0.0,0.0,,,,,,,,,,,,,,,,,,,,,,,,,,0.01,6.0,1.0,212.0,5.0,,,,
0.0044265593561368,200000,0.2866532528504359,6.868131868131868e-05,-0.1226415094339622,mean_rate,MC_PRECISION_MET,success_conditional_descriptive_resampling_range_not_population_CI,0,VAS/minute,200000,False,completion,finite_changes_summary.json,-0.2676056338028169,0.019047619047619,,,,,,,,,,,,,,,,,,,,,,,,,,0.01,6.0,1.0,212.0,5.0,,,,
0.0,200000,0.0,6.868131868131868e-05,0.0,median_rate,MC_PRECISION_MET,success_conditional_descriptive_resampling_range_not_population_CI,0,VAS/minute,200000,True,completion,finite_changes_summary.json,0.0,0.0,,,,,,,,,,,,,,,,,,,,,,,,,,0.01,6.0,1.0,212.0,5.0,,,,
0.0014769095117381,200000,0.1131048164884822,6.868131868131868e-05,0.2264150943396226,rise_proportion,MC_PRECISION_MET,success_conditional_descriptive_resampling_range_not_population_CI,0,proportion,200000,False,completion,finite_changes_summary.json,0.1706161137440758,0.2837209302325581,,,,,,,,,,,,,,,,,,,,,,,,,,0.002,6.0,1.0,212.0,5.0,,,,
0.0013666020102274,200000,0.122912698764229,6.868131868131868e-05,0.2924528301886792,fall_proportion,MC_PRECISION_MET,success_conditional_descriptive_resampling_range_not_population_CI,0,proportion,200000,False,completion,finite_changes_summary.json,0.2322274881516587,0.3551401869158878,,,,,,,,,,,,,,,,,,,,,,,,,,0.002,6.0,1.0,212.0,5.0,,,,
0.0012181616832779,200000,0.1345514950166113,6.868131868131868e-05,0.4811320754716981,unchanged_proportion,MC_PRECISION_MET,success_conditional_descriptive_resampling_range_not_population_CI,0,proportion,200000,False,completion,finite_changes_summary.json,0.4142857142857143,0.5488372093023256,,,,,,,,,,,,,,,,,,,,,,,,,,0.002,6.0,1.0,212.0,5.0,,,,
0.001638763397998,200000,0.2668491199964399,6.868131868131868e-05,-0.2132701421800948,mean_change,MC_PRECISION_MET,success_conditional_descriptive_resampling_range_not_population_CI,0,VAS,200000,False,completion,finite_changes_summary.json,-0.3474178403755869,-0.0805687203791469,,,,,,,,,,,,,,,,,,,,,,,,,,0.01,7.0,1.0,211.0,6.0,,,,
0.0,200000,0.0,6.868131868131868e-05,0.0,median_change,MC_PRECISION_MET,success_conditional_descriptive_resampling_range_not_population_CI,0,VAS,200000,True,completion,finite_changes_summary.json,0.0,0.0,,,,,,,,,,,,,,,,,,,,,,,,,,0.01,7.0,1.0,211.0,6.0,,,,
0.001638763397998,200000,0.2668491199964399,6.868131868131868e-05,-0.2132701421800948,mean_rate,MC_PRECISION_MET,success_conditional_descriptive_resampling_range_not_population_CI,0,VAS/minute,200000,False,completion,finite_changes_summary.json,-0.3474178403755869,-0.0805687203791469,,,,,,,,,,,,,,,,,,,,,,,,,,0.01,7.0,1.0,211.0,6.0,,,,
0.0,200000,0.0,6.868131868131868e-05,0.0,median_rate,MC_PRECISION_MET,success_conditional_descriptive_resampling_range_not_population_CI,0,VAS/minute,200000,True,completion,finite_changes_summary.json,0.0,0.0,,,,,,,,,,,,,,,,,,,,,,,,,,0.01,7.0,1.0,211.0,6.0,,,,
0.0012295448448538,200000,0.1084905660377358,6.868131868131868e-05,0.2037914691943128,rise_proportion,MC_PRECISION_MET,success_conditional_descriptive_resampling_range_not_population_CI,0,proportion,200000,False,completion,finite_changes_summary.json,0.1509433962264151,0.2594339622641509,,,,,,,,,,,,,,,,,,,,,,,,,,0.002,7.0,1.0,211.0,6.0,,,,
0.0012742555664848,200000,0.1273584905660377,6.868131868131868e-05,0.3317535545023696,fall_proportion,MC_PRECISION_MET,success_conditional_descriptive_resampling_range_not_population_CI,0,proportion,200000,False,completion,finite_changes_summary.json,0.2688679245283019,0.3962264150943396,,,,,,,,,,,,,,,,,,,,,,,,,,0.002,7.0,1.0,211.0,6.0,,,,
0.0016179017409534,200000,0.1342047045013319,6.868131868131868e-05,0.4644549763033175,unchanged_proportion,MC_PRECISION_MET,success_conditional_descriptive_resampling_range_not_population_CI,0,proportion,200000,False,completion,finite_changes_summary.json,0.397196261682243,0.5314009661835749,,,,,,,,,,,,,,,,,,,,,,,,,,0.002,7.0,1.0,211.0,6.0,,,,
0.0035377358490566,200000,0.2568127962085308,6.868131868131868e-05,-0.0666666666666666,mean_change,MC_PRECISION_MET,success_conditional_descriptive_resampling_range_not_population_CI,0,VAS,200000,False,completion,finite_changes_summary.json,-0.1943127962085308,0.0625,,,,,,,,,,,,,,,,,,,,,,,,,,0.01,8.0,1.0,210.0,7.0,,,,
0.0,200000,0.0,6.868131868131868e-05,0.0,median_change,MC_PRECISION_MET,success_conditional_descriptive_resampling_range_not_population_CI,0,VAS,200000,True,completion,finite_changes_summary.json,0.0,0.0,,,,,,,,,,,,,,,,,,,,,,,,,,0.01,8.0,1.0,210.0,7.0,,,,
0.0035377358490566,200000,0.2568127962085308,6.868131868131868e-05,-0.0666666666666666,mean_rate,MC_PRECISION_MET,success_conditional_descriptive_resampling_range_not_population_CI,0,VAS/minute,200000,False,completion,finite_changes_summary.json,-0.1943127962085308,0.0625,,,,,,,,,,,,,,,,,,,,,,,,,,0.01,8.0,1.0,210.0,7.0,,,,
0.0,200000,0.0,6.868131868131868e-05,0.0,median_rate,MC_PRECISION_MET,success_conditional_descriptive_resampling_range_not_population_CI,0,VAS/minute,200000,True,completion,finite_changes_summary.json,0.0,0.0,,,,,,,,,,,,,,,,,,,,,,,,,,0.01,8.0,1.0,210.0,7.0,,,,
0.0011164783084214,200000,0.1083051229970661,6.868131868131868e-05,0.2,rise_proportion,MC_PRECISION_MET,success_conditional_descriptive_resampling_range_not_population_CI,0,proportion,200000,False,completion,finite_changes_summary.json,0.1476190476190476,0.2559241706161137,,,,,,,,,,,,,,,,,,,,,,,,,,0.002,8.0,1.0,210.0,7.0,,,,
0.0011164274322169,200000,0.1230381619397637,6.868131868131868e-05,0.2952380952380952,fall_proportion,MC_PRECISION_MET,success_conditional_descriptive_resampling_range_not_population_CI,0,proportion,200000,False,completion,finite_changes_summary.json,0.2344497607655502,0.357487922705314,,,,,,,,,,,,,,,,,,,,,,,,,,0.002,8.0,1.0,210.0,7.0,,,,
0.0014810426540284,200000,0.1346153846153845,6.868131868131868e-05,0.5047619047619047,unchanged_proportion,MC_PRECISION_MET,success_conditional_descriptive_resampling_range_not_population_CI,0,proportion,200000,False,completion,finite_changes_summary.json,0.4375,0.5721153846153846,,,,,,,,,,,,,,,,,,,,,,,,,,0.002,8.0,1.0,210.0,7.0,,,,
0.0018110271430488,200000,0.2230693556320708,6.868131868131868e-05,-0.1634615384615384,mean_change,MC_PRECISION_MET,success_conditional_descriptive_resampling_range_not_population_CI,0,VAS,200000,False,completion,finite_changes_summary.json,-0.2757009345794392,-0.0526315789473684,,,,,,,,,,,,,,,,,,,,,,,,,,0.01,9.0,1.0,208.0,8.0,,,,
0.0,200000,0.0,6.868131868131868e-05,0.0,median_change,MC_PRECISION_MET,success_conditional_descriptive_resampling_range_not_population_CI,0,VAS,200000,True,completion,finite_changes_summary.json,0.0,0.0,,,,,,,,,,,,,,,,,,,,,,,,,,0.01,9.0,1.0,208.0,8.0,,,,
0.0018110271430488,200000,0.2230693556320708,6.868131868131868e-05,-0.1634615384615384,mean_rate,MC_PRECISION_MET,success_conditional_descriptive_resampling_range_not_population_CI,0,VAS/minute,200000,False,completion,finite_changes_summary.json,-0.2757009345794392,-0.0526315789473684,,,,,,,,,,,,,,,,,,,,,,,,,,0.01,9.0,1.0,208.0,8.0,,,,
0.0,200000,0.0,6.868131868131868e-05,0.0,median_rate,MC_PRECISION_MET,success_conditional_descriptive_resampling_range_not_population_CI,0,VAS/minute,200000,True,completion,finite_changes_summary.json,0.0,0.0,,,,,,,,,,,,,,,,,,,,,,,,,,0.01,9.0,1.0,208.0,8.0,,,,
0.0006768584432255,200000,0.1004784688995215,6.868131868131868e-05,0.1634615384615384,rise_proportion,MC_PRECISION_MET,success_conditional_descriptive_resampling_range_not_population_CI,0,proportion,200000,False,completion,finite_changes_summary.json,0.1148325358851674,0.215311004784689,,,,,,,,,,,,,,,,,,,,,,,,,,0.002,9.0,1.0,208.0,8.0,,,,
0.0014264022454332,200000,0.1221846084405326,6.868131868131868e-05,0.2788461538461538,fall_proportion,MC_PRECISION_MET,success_conditional_descriptive_resampling_range_not_population_CI,0,proportion,200000,False,completion,finite_changes_summary.json,0.219047619047619,0.3412322274881517,,,,,,,,,,,,,,,,,,,,,,,,,,0.002,9.0,1.0,208.0,8.0,,,,
0.0021396033681498,200000,0.1347087378640776,6.868131868131868e-05,0.5576923076923077,unchanged_proportion,MC_PRECISION_INSUFFICIENT,success_conditional_descriptive_resampling_range_not_population_CI,0,proportion,200000,False,completion,finite_changes_summary.json,0.4902912621359223,0.625,,,,,,,,,,,,,,,,,,,,,,,,,,0.002,9.0,1.0,208.0,8.0,,,,
0.0015710919088766,200000,0.2057186234817813,6.868131868131868e-05,-0.1067961165048543,mean_change,MC_PRECISION_MET,success_conditional_descriptive_resampling_range_not_population_CI,0,VAS,200000,False,completion,finite_changes_summary.json,-0.2105263157894736,-0.0048076923076923,,,,,,,,,,,,,,,,,,,,,,,,,,0.01,10.0,1.0,206.0,9.0,,,,
0.0,200000,0.0,6.868131868131868e-05,0.0,median_change,MC_PRECISION_MET,success_conditional_descriptive_resampling_range_not_population_CI,0,VAS,200000,True,completion,finite_changes_summary.json,0.0,0.0,,,,,,,,,,,,,,,,,,,,,,,,,,0.01,10.0,1.0,206.0,9.0,,,,
0.0015710919088766,200000,0.2057186234817813,6.868131868131868e-05,-0.1067961165048543,mean_rate,MC_PRECISION_MET,success_conditional_descriptive_resampling_range_not_population_CI,0,VAS/minute,200000,False,completion,finite_changes_summary.json,-0.2105263157894736,-0.0048076923076923,,,,,,,,,,,,,,,,,,,,,,,,,,0.01,10.0,1.0,206.0,9.0,,,,
0.0,200000,0.0,6.868131868131868e-05,0.0,median_rate,MC_PRECISION_MET,success_conditional_descriptive_resampling_range_not_population_CI,0,VAS/minute,200000,True,completion,finite_changes_summary.json,0.0,0.0,,,,,,,,,,,,,,,,,,,,,,,,,,0.01,10.0,1.0,206.0,9.0,,,,
0.0010192195690157,200000,0.0980157613284548,6.868131868131868e-05,0.1504854368932038,rise_proportion,MC_PRECISION_MET,success_conditional_descriptive_resampling_range_not_population_CI,0,proportion,200000,False,completion,finite_changes_summary.json,0.1029411764705882,0.200956937799043,,,,,,,,,,,,,,,,,,,,,,,,,,0.002,10.0,1.0,206.0,9.0,,,,
0.001131221719457,200000,0.1174484052532833,6.868131868131868e-05,0.2475728155339805,fall_proportion,MC_PRECISION_MET,success_conditional_descriptive_resampling_range_not_population_CI,0,proportion,200000,False,completion,finite_changes_summary.json,0.1902439024390244,0.3076923076923077,,,,,,,,,,,,,,,,,,,,,,,,,,0.002,10.0,1.0,206.0,9.0,,,,
0.001602564102564,200000,0.1339555052790346,6.868131868131868e-05,0.6019417475728155,unchanged_proportion,MC_PRECISION_MET,success_conditional_descriptive_resampling_range_not_population_CI,0,proportion,200000,False,completion,finite_changes_summary.json,0.5343137254901961,0.6682692307692307,,,,,,,,,,,,,,,,,,,,,,,,,,0.002,10.0,1.0,206.0,9.0,,,,
0.0019230769230769,200000,0.2769230769230769,6.868131868131868e-05,-0.1391752577319587,mean_change,MC_PRECISION_MET,success_conditional_descriptive_resampling_range_not_population_CI,0,VAS,200000,False,completion,finite_changes_summary.json,-0.2769230769230769,0.0,,,,,,,,,,,,,,,,,,,,,,,,,,0.01,11.0,1.0,194.0,10.0,,,,
0.0,200000,0.0,6.868131868131868e-05,0.0,median_change,MC_PRECISION_MET,success_conditional_descriptive_resampling_range_not_population_CI,0,VAS,200000,True,completion,finite_changes_summary.json,0.0,0.0,,,,,,,,,,,,,,,,,,,,,,,,,,0.01,11.0,1.0,194.0,10.0,,,,
0.0019230769230769,200000,0.2769230769230769,6.868131868131868e-05,-0.1391752577319587,mean_rate,MC_PRECISION_MET,success_conditional_descriptive_resampling_range_not_population_CI,0,VAS/minute,200000,False,completion,finite_changes_summary.json,-0.2769230769230769,0.0,,,,,,,,,,,,,,,,,,,,,,,,,,0.01,11.0,1.0,194.0,10.0,,,,
0.0,200000,0.0,6.868131868131868e-05,0.0,median_rate,MC_PRECISION_MET,success_conditional_descriptive_resampling_range_not_population_CI,0,VAS/minute,200000,True,completion,finite_changes_summary.json,0.0,0.0,,,,,,,,,,,,,,,,,,,,,,,,,,0.01,11.0,1.0,194.0,10.0,,,,
0.0012545682648775,200000,0.1103668428489193,6.868131868131868e-05,0.190721649484536,rise_proportion,MC_PRECISION_MET,success_conditional_descriptive_resampling_range_not_population_CI,0,proportion,200000,False,completion,finite_changes_summary.json,0.1370558375634517,0.2474226804123711,,,,,,,,,,,,,,,,,,,,,,,,,,0.002,11.0,1.0,194.0,10.0,,,,
0.0012886597938144,200000,0.1301020408163265,6.868131868131868e-05,0.3092783505154639,fall_proportion,MC_PRECISION_MET,success_conditional_descriptive_resampling_range_not_population_CI,0,proportion,200000,False,completion,finite_changes_summary.json,0.2448979591836734,0.375,,,,,,,,,,,,,,,,,,,,,,,,,,0.002,11.0,1.0,194.0,10.0,,,,
0.0007588841785732,200000,0.1406288148007487,6.868131868131868e-05,0.5,unchanged_proportion,MC_PRECISION_MET,success_conditional_descriptive_resampling_range_not_population_CI,0,proportion,200000,False,completion,finite_changes_summary.json,0.4300518134715025,0.5706806282722513,,,,,,,,,,,,,,,,,,,,,,,,,,0.002,11.0,1.0,194.0,10.0,,,,
0.0045695045695045,200000,0.2528897219618869,6.868131868131868e-05,-0.1398963730569948,mean_change,MC_PRECISION_MET,success_conditional_descriptive_resampling_range_not_population_CI,0,VAS,200000,False,completion,finite_changes_summary.json,-0.268041237113402,-0.0151515151515151,,,,,,,,,,,,,,,,,,,,,,,,,,0.01,12.0,1.0,193.0,11.0,,,,
0.0,200000,0.0,6.868131868131868e-05,0.0,median_change,MC_PRECISION_MET,success_conditional_descriptive_resampling_range_not_population_CI,0,VAS,200000,True,completion,finite_changes_summary.json,0.0,0.0,,,,,,,,,,,,,,,,,,,,,,,,,,0.01,12.0,1.0,193.0,11.0,,,,
0.0045695045695045,200000,0.2528897219618869,6.868131868131868e-05,-0.1398963730569948,mean_rate,MC_PRECISION_MET,success_conditional_descriptive_resampling_range_not_population_CI,0,VAS/minute,200000,False,completion,finite_changes_summary.json,-0.268041237113402,-0.0151515151515151,,,,,,,,,,,,,,,,,,,,,,,,,,0.01,12.0,1.0,193.0,11.0,,,,
0.0,200000,0.0,6.868131868131868e-05,0.0,median_rate,MC_PRECISION_MET,success_conditional_descriptive_resampling_range_not_population_CI,0,VAS/minute,200000,True,completion,finite_changes_summary.json,0.0,0.0,,,,,,,,,,,,,,,,,,,,,,,,,,0.01,12.0,1.0,193.0,11.0,,,,
0.0009818360333824,200000,0.1087711560725508,6.868131868131868e-05,0.1813471502590673,rise_proportion,MC_PRECISION_MET,success_conditional_descriptive_resampling_range_not_population_CI,0,proportion,200000,False,completion,finite_changes_summary.json,0.1283422459893048,0.2371134020618556,,,,,,,,,,,,,,,,,,,,,,,,,,0.002,12.0,1.0,193.0,11.0,,,,
0.0012623210592753,200000,0.126298763604463,6.868131868131868e-05,0.2797927461139896,fall_proportion,MC_PRECISION_MET,success_conditional_descriptive_resampling_range_not_population_CI,0,proportion,200000,False,completion,finite_changes_summary.json,0.2176165803108808,0.3439153439153439,,,,,,,,,,,,,,,,,,,,,,,,,,0.002,12.0,1.0,193.0,11.0,,,,
0.0010843692144935,200000,0.140953947368421,6.868131868131868e-05,0.538860103626943,unchanged_proportion,MC_PRECISION_MET,success_conditional_descriptive_resampling_range_not_population_CI,0,proportion,200000,False,completion,finite_changes_summary.json,0.4684210526315789,0.609375,,,,,,,,,,,,,,,,,,,,,,,,,,0.002,12.0,1.0,193.0,11.0,,,,
0.001280737704918,200000,0.2266458495966692,6.868131868131868e-05,-0.1925133689839572,mean_change,MC_PRECISION_MET,success_conditional_descriptive_resampling_range_not_population_CI,0,VAS,200000,False,completion,finite_changes_summary.json,-0.3060109289617486,-0.0793650793650793,,,,,,,,,,,,,,,,,,,,,,,,,,0.01,13.0,1.0,187.0,12.0,,,,
0.0,200000,0.0,6.868131868131868e-05,0.0,median_change,MC_PRECISION_MET,success_conditional_descriptive_resampling_range_not_population_CI,0,VAS,200000,True,completion,finite_changes_summary.json,0.0,0.0,,,,,,,,,,,,,,,,,,,,,,,,,,0.01,13.0,1.0,187.0,12.0,,,,
0.001280737704918,200000,0.2266458495966692,6.868131868131868e-05,-0.1925133689839572,mean_rate,MC_PRECISION_MET,success_conditional_descriptive_resampling_range_not_population_CI,0,VAS/minute,200000,False,completion,finite_changes_summary.json,-0.3060109289617486,-0.0793650793650793,,,,,,,,,,,,,,,,,,,,,,,,,,0.01,13.0,1.0,187.0,12.0,,,,
0.0,200000,0.0,6.868131868131868e-05,0.0,median_rate,MC_PRECISION_MET,success_conditional_descriptive_resampling_range_not_population_CI,0,VAS/minute,200000,True,completion,finite_changes_summary.json,0.0,0.0,,,,,,,,,,,,,,,,,,,,,,,,,,0.01,13.0,1.0,187.0,12.0,,,,
0.0008912655971479,200000,0.0920911905432029,6.868131868131868e-05,0.1176470588235294,rise_proportion,MC_PRECISION_MET,success_conditional_descriptive_resampling_range_not_population_CI,0,proportion,200000,False,completion,finite_changes_summary.json,0.0736842105263157,0.1657754010695187,,,,,,,,,,,,,,,,,,,,,,,,,,0.002,13.0,1.0,187.0,12.0,,,,
0.0009574468085106,200000,0.131120218579235,6.868131868131868e-05,0.2994652406417112,fall_proportion,MC_PRECISION_MET,success_conditional_descriptive_resampling_range_not_population_CI,0,proportion,200000,False,completion,finite_changes_summary.json,0.235,0.366120218579235,,,,,,,,,,,,,,,,,,,,,,,,,,0.002,13.0,1.0,187.0,12.0,,,,
0.0019915581713334,200000,0.1416137858764626,6.868131868131868e-05,0.5828877005347594,unchanged_proportion,MC_PRECISION_MET,success_conditional_descriptive_resampling_range_not_population_CI,0,proportion,200000,False,completion,finite_changes_summary.json,0.5112359550561798,0.6528497409326425,,,,,,,,,,,,,,,,,,,,,,,,,,0.002,13.0,1.0,187.0,12.0,,,,
0.005021612001017,200000,0.2478637848705704,6.868131868131868e-05,-0.1129943502824858,mean_change,MC_PRECISION_INSUFFICIENT,success_conditional_descriptive_resampling_range_not_population_CI,0,VAS,200000,False,completion,finite_changes_summary.json,-0.2369942196531791,0.0108695652173913,,,,,,,,,,,,,,,,,,,,,,,,,,0.01,14.0,1.0,177.0,13.0,,,,
0.0,200000,0.0,6.868131868131868e-05,0.0,median_change,MC_PRECISION_MET,success_conditional_descriptive_resampling_range_not_population_CI,0,VAS,200000,True,completion,finite_changes_summary.json,0.0,0.0,,,,,,,,,,,,,,,,,,,,,,,,,,0.01,14.0,1.0,177.0,13.0,,,,
0.005021612001017,200000,0.2478637848705704,6.868131868131868e-05,-0.1129943502824858,mean_rate,MC_PRECISION_INSUFFICIENT,success_conditional_descriptive_resampling_range_not_population_CI,0,VAS/minute,200000,False,completion,finite_changes_summary.json,-0.2369942196531791,0.0108695652173913,,,,,,,,,,,,,,,,,,,,,,,,,,0.01,14.0,1.0,177.0,13.0,,,,
0.0,200000,0.0,6.868131868131868e-05,0.0,median_rate,MC_PRECISION_MET,success_conditional_descriptive_resampling_range_not_population_CI,0,VAS/minute,200000,True,completion,finite_changes_summary.json,0.0,0.0,,,,,,,,,,,,,,,,,,,,,,,,,,0.01,14.0,1.0,177.0,13.0,,,,
0.0007533902561526,200000,0.1104972375690607,6.868131868131868e-05,0.1694915254237288,rise_proportion,MC_PRECISION_MET,success_conditional_descriptive_resampling_range_not_population_CI,0,proportion,200000,False,completion,finite_changes_summary.json,0.1160220994475138,0.2265193370165746,,,,,,,,,,,,,,,,,,,,,,,,,,0.002,14.0,1.0,177.0,13.0,,,,
0.0010908730289908,200000,0.1285153912638787,6.868131868131868e-05,0.2542372881355932,fall_proportion,MC_PRECISION_MET,success_conditional_descriptive_resampling_range_not_population_CI,0,proportion,200000,False,completion,finite_changes_summary.json,0.1910112359550561,0.3195266272189349,,,,,,,,,,,,,,,,,,,,,,,,,,0.002,14.0,1.0,177.0,13.0,,,,
0.0010736390046734,200000,0.1455267895945862,6.868131868131868e-05,0.576271186440678,unchanged_proportion,MC_PRECISION_MET,success_conditional_descriptive_resampling_range_not_population_CI,0,proportion,200000,False,completion,finite_changes_summary.json,0.5028248587570622,0.6483516483516484,,,,,,,,,,,,,,,,,,,,,,,,,,0.002,14.0,1.0,177.0,13.0,,,,
0.0014114800376394,200000,0.2258933635847986,6.868131868131868e-05,-0.1309523809523809,mean_change,MC_PRECISION_MET,success_conditional_descriptive_resampling_range_not_population_CI,0,VAS,200000,False,completion,finite_changes_summary.json,-0.2441860465116279,-0.0182926829268292,,,,,,,,,,,,,,,,,,,,,,,,,,0.01,15.0,1.0,168.0,14.0,,,,
0.0,200000,0.0,6.868131868131868e-05,0.0,median_change,MC_PRECISION_MET,success_conditional_descriptive_resampling_range_not_population_CI,0,VAS,200000,True,completion,finite_changes_summary.json,0.0,0.0,,,,,,,,,,,,,,,,,,,,,,,,,,0.01,15.0,1.0,168.0,14.0,,,,
0.0014114800376394,200000,0.2258933635847986,6.868131868131868e-05,-0.1309523809523809,mean_rate,MC_PRECISION_MET,success_conditional_descriptive_resampling_range_not_population_CI,0,VAS/minute,200000,False,completion,finite_changes_summary.json,-0.2441860465116279,-0.0182926829268292,,,,,,,,,,,,,,,,,,,,,,,,,,0.01,15.0,1.0,168.0,14.0,,,,
0.0,200000,0.0,6.868131868131868e-05,0.0,median_rate,MC_PRECISION_MET,success_conditional_descriptive_resampling_range_not_population_CI,0,VAS/minute,200000,True,completion,finite_changes_summary.json,0.0,0.0,,,,,,,,,,,,,,,,,,,,,,,,,,0.01,15.0,1.0,168.0,14.0,,,,
0.0008774780630484,200000,0.0997947908445145,6.868131868131868e-05,0.125,rise_proportion,MC_PRECISION_MET,success_conditional_descriptive_resampling_range_not_population_CI,0,proportion,200000,False,completion,finite_changes_summary.json,0.0773480662983425,0.1771428571428571,,,,,,,,,,,,,,,,,,,,,,,,,,0.002,15.0,1.0,168.0,14.0,,,,
0.0009397841977027,200000,0.1259865971705138,6.868131868131868e-05,0.2202380952380952,fall_proportion,MC_PRECISION_MET,success_conditional_descriptive_resampling_range_not_population_CI,0,proportion,200000,False,completion,finite_changes_summary.json,0.1588235294117647,0.2848101265822785,,,,,,,,,,,,,,,,,,,,,,,,,,0.002,15.0,1.0,168.0,14.0,,,,
0.0009684508511192,200000,0.1438361686688704,6.868131868131868e-05,0.6547619047619048,unchanged_proportion,MC_PRECISION_MET,success_conditional_descriptive_resampling_range_not_population_CI,0,proportion,200000,False,completion,finite_changes_summary.json,0.5822784810126582,0.7261146496815286,,,,,,,,,,,,,,,,,,,,,,,,,,0.002,15.0,1.0,168.0,14.0,,,,
0.0024398358655872,200000,0.3321882514599794,6.868131868131868e-05,-0.0564516129032258,mean_change,MC_PRECISION_MET,success_conditional_descriptive_resampling_range_not_population_CI,0,VAS,200000,False,completion,finite_changes_summary.json,-0.2195121951219512,0.1126760563380281,,,,,,,,,,,,,,,,,,,,,,,,,,0.01,16.0,1.0,124.0,15.0,,,,
0.0,200000,0.0,6.868131868131868e-05,0.0,median_change,MC_PRECISION_MET,success_conditional_descriptive_resampling_range_not_population_CI,0,VAS,200000,True,completion,finite_changes_summary.json,0.0,0.0,,,,,,,,,,,,,,,,,,,,,,,,,,0.01,16.0,1.0,124.0,15.0,,,,
0.0024398358655872,200000,0.3321882514599794,6.868131868131868e-05,-0.0564516129032258,mean_rate,MC_PRECISION_MET,success_conditional_descriptive_resampling_range_not_population_CI,0,VAS/minute,200000,False,completion,finite_changes_summary.json,-0.2195121951219512,0.1126760563380281,,,,,,,,,,,,,,,,,,,,,,,,,,0.01,16.0,1.0,124.0,15.0,,,,
0.0,200000,0.0,6.868131868131868e-05,0.0,median_rate,MC_PRECISION_MET,success_conditional_descriptive_resampling_range_not_population_CI,0,VAS/minute,200000,True,completion,finite_changes_summary.json,0.0,0.0,,,,,,,,,,,,,,,,,,,,,,,,,,0.01,16.0,1.0,124.0,15.0,,,,
0.0016746759866026,200000,0.1349244671311306,6.868131868131868e-05,0.1774193548387097,rise_proportion,MC_PRECISION_MET,success_conditional_descriptive_resampling_range_not_population_CI,0,proportion,200000,False,completion,finite_changes_summary.json,0.112781954887218,0.2477064220183486,,,,,,,,,,,,,,,,,,,,,,,,,,0.002,16.0,1.0,124.0,15.0,,,,
0.0013782097780356,200000,0.1587183308494784,6.868131868131868e-05,0.282258064516129,fall_proportion,MC_PRECISION_MET,success_conditional_descriptive_resampling_range_not_population_CI,0,proportion,200000,False,completion,finite_changes_summary.json,0.2049180327868852,0.3636363636363636,,,,,,,,,,,,,,,,,,,,,,,,,,0.002,16.0,1.0,124.0,15.0,,,,
0.0013542409123307,200000,0.1757330637007078,6.868131868131868e-05,0.5403225806451613,unchanged_proportion,MC_PRECISION_MET,success_conditional_descriptive_resampling_range_not_population_CI,0,proportion,200000,False,completion,finite_changes_summary.json,0.4521739130434782,0.627906976744186,,,,,,,,,,,,,,,,,,,,,,,,,,0.002,16.0,1.0,124.0,15.0,,,,
0.0031746031746031,200000,0.4629629629629629,6.868131868131868e-05,-0.1585365853658536,mean_change,MC_PRECISION_MET,success_conditional_descriptive_resampling_range_not_population_CI,0,VAS,200000,False,completion,finite_changes_summary.json,-0.3888888888888889,0.074074074074074,,,,,,,,,,,,,,,,,,,,,,,,,,0.01,17.0,1.0,82.0,16.0,,,,
0.0,200000,0.0,6.868131868131868e-05,0.0,median_change,MC_PRECISION_MET,success_conditional_descriptive_resampling_range_not_population_CI,0,VAS,200000,True,completion,finite_changes_summary.json,0.0,0.0,,,,,,,,,,,,,,,,,,,,,,,,,,0.01,17.0,1.0,82.0,16.0,,,,
0.0031746031746031,200000,0.4629629629629629,6.868131868131868e-05,-0.1585365853658536,mean_rate,MC_PRECISION_MET,success_conditional_descriptive_resampling_range_not_population_CI,0,VAS/minute,200000,False,completion,finite_changes_summary.json,-0.3888888888888889,0.074074074074074,,,,,,,,,,,,,,,,,,,,,,,,,,0.01,17.0,1.0,82.0,16.0,,,,
0.0,200000,0.0,6.868131868131868e-05,0.0,median_rate,MC_PRECISION_MET,success_conditional_descriptive_resampling_range_not_population_CI,0,VAS/minute,200000,True,completion,finite_changes_summary.json,0.0,0.0,,,,,,,,,,,,,,,,,,,,,,,,,,0.01,17.0,1.0,82.0,16.0,,,,
0.0018939393939393,200000,0.1682692307692307,6.868131868131868e-05,0.1829268292682926,rise_proportion,MC_PRECISION_MET,success_conditional_descriptive_resampling_range_not_population_CI,0,proportion,200000,False,completion,finite_changes_summary.json,0.1025641025641025,0.2708333333333333,,,,,,,,,,,,,,,,,,,,,,,,,,0.002,17.0,1.0,82.0,16.0,,,,
0.0018376211159371,200000,0.1996596710153148,6.868131868131868e-05,0.3048780487804878,fall_proportion,MC_PRECISION_MET,success_conditional_descriptive_resampling_range_not_population_CI,0,proportion,200000,False,completion,finite_changes_summary.json,0.2073170731707317,0.4069767441860465,,,,,,,,,,,,,,,,,,,,,,,,,,0.002,17.0,1.0,82.0,16.0,,,,
0.0021645021645021,200000,0.2176557619595593,6.868131868131868e-05,0.5121951219512195,unchanged_proportion,MC_PRECISION_INSUFFICIENT,success_conditional_descriptive_resampling_range_not_population_CI,0,proportion,200000,False,completion,finite_changes_summary.json,0.4025974025974026,0.620253164556962,,,,,,,,,,,,,,,,,,,,,,,,,,0.002,17.0,1.0,82.0,16.0,,,,
0.0033167495854063,200000,0.486697965571205,6.868131868131868e-05,-0.1884057971014492,mean_change,MC_PRECISION_MET,success_conditional_descriptive_resampling_range_not_population_CI,0,VAS,200000,False,completion,finite_changes_summary.json,-0.4444444444444444,0.0422535211267605,,,,,,,,,,,,,,,,,,,,,,,,,,0.01,18.0,1.0,69.0,17.0,,,,
0.0,200000,0.0,6.868131868131868e-05,0.0,median_change,MC_PRECISION_MET,success_conditional_descriptive_resampling_range_not_population_CI,0,VAS,200000,True,completion,finite_changes_summary.json,0.0,0.0,,,,,,,,,,,,,,,,,,,,,,,,,,0.01,18.0,1.0,69.0,17.0,,,,
0.0033167495854063,200000,0.486697965571205,6.868131868131868e-05,-0.1884057971014492,mean_rate,MC_PRECISION_MET,success_conditional_descriptive_resampling_range_not_population_CI,0,VAS/minute,200000,False,completion,finite_changes_summary.json,-0.4444444444444444,0.0422535211267605,,,,,,,,,,,,,,,,,,,,,,,,,,0.01,18.0,1.0,69.0,17.0,,,,
0.0,200000,0.0,6.868131868131868e-05,0.0,median_rate,MC_PRECISION_MET,success_conditional_descriptive_resampling_range_not_population_CI,0,VAS/minute,200000,True,completion,finite_changes_summary.json,0.0,0.0,,,,,,,,,,,,,,,,,,,,,,,,,,0.01,18.0,1.0,69.0,17.0,,,,
0.0019841269841269,200000,0.1796218487394957,6.868131868131868e-05,0.1739130434782608,rise_proportion,MC_PRECISION_MET,success_conditional_descriptive_resampling_range_not_population_CI,0,proportion,200000,False,completion,finite_changes_summary.json,0.088235294117647,0.2678571428571428,,,,,,,,,,,,,,,,,,,,,,,,,,0.002,18.0,1.0,69.0,17.0,,,,
0.0046948356807511,200000,0.1981981981981981,6.868131868131868e-05,0.2318840579710145,fall_proportion,MC_PRECISION_INSUFFICIENT,success_conditional_descriptive_resampling_range_not_population_CI,0,proportion,200000,False,completion,finite_changes_summary.json,0.1351351351351351,0.3333333333333333,,,,,,,,,,,,,,,,,,,,,,,,,,0.002,18.0,1.0,69.0,17.0,,,,
0.0016142050040354,200000,0.2334869431643625,6.868131868131868e-05,0.5942028985507246,unchanged_proportion,MC_PRECISION_MET,success_conditional_descriptive_resampling_range_not_population_CI,0,proportion,200000,False,completion,finite_changes_summary.json,0.4761904761904761,0.7096774193548387,,,,,,,,,,,,,,,,,,,,,,,,,,0.002,18.0,1.0,69.0,17.0,,,,
0.0033068783068783,200000,0.4752304147465437,6.868131868131868e-05,-0.1694915254237288,mean_change,MC_PRECISION_MET,success_conditional_descriptive_resampling_range_not_population_CI,0,VAS,200000,False,completion,finite_changes_summary.json,-0.4107142857142857,0.064516129032258,,,,,,,,,,,,,,,,,,,,,,,,,,0.01,19.0,1.0,59.0,18.0,,,,
0.0,200000,0.0,6.868131868131868e-05,0.0,median_change,MC_PRECISION_MET,success_conditional_descriptive_resampling_range_not_population_CI,0,VAS,200000,True,completion,finite_changes_summary.json,0.0,0.0,,,,,,,,,,,,,,,,,,,,,,,,,,0.01,19.0,1.0,59.0,18.0,,,,
0.0033068783068783,200000,0.4752304147465437,6.868131868131868e-05,-0.1694915254237288,mean_rate,MC_PRECISION_MET,success_conditional_descriptive_resampling_range_not_population_CI,0,VAS/minute,200000,False,completion,finite_changes_summary.json,-0.4107142857142857,0.064516129032258,,,,,,,,,,,,,,,,,,,,,,,,,,0.01,19.0,1.0,59.0,18.0,,,,
0.0,200000,0.0,6.868131868131868e-05,0.0,median_rate,MC_PRECISION_MET,success_conditional_descriptive_resampling_range_not_population_CI,0,VAS/minute,200000,True,completion,finite_changes_summary.json,0.0,0.0,,,,,,,,,,,,,,,,,,,,,,,,,,0.01,19.0,1.0,59.0,18.0,,,,
0.0011305822498586,200000,0.2062122519413287,6.868131868131868e-05,0.2033898305084746,rise_proportion,MC_PRECISION_MET,success_conditional_descriptive_resampling_range_not_population_CI,0,proportion,200000,False,completion,finite_changes_summary.json,0.1052631578947368,0.3114754098360656,,,,,,,,,,,,,,,,,,,,,,,,,,0.002,19.0,1.0,59.0,18.0,,,,
0.0016835016835017,200000,0.2319688109161793,6.868131868131868e-05,0.288135593220339,fall_proportion,MC_PRECISION_MET,success_conditional_descriptive_resampling_range_not_population_CI,0,proportion,200000,False,completion,finite_changes_summary.json,0.175438596491228,0.4074074074074074,,,,,,,,,,,,,,,,,,,,,,,,,,0.002,19.0,1.0,59.0,18.0,,,,
0.0018181818181818,200000,0.2563636363636363,6.868131868131868e-05,0.5084745762711864,unchanged_proportion,MC_PRECISION_MET,success_conditional_descriptive_resampling_range_not_population_CI,0,proportion,200000,False,completion,finite_changes_summary.json,0.38,0.6363636363636364,,,,,,,,,,,,,,,,,,,,,,,,,,0.002,19.0,1.0,59.0,18.0,,,,
0.0044699872286079,200000,0.5517241379310345,6.868131868131868e-05,-0.0178571428571428,mean_change,MC_PRECISION_MET,success_conditional_descriptive_resampling_range_not_population_CI,0,VAS,200000,False,completion,finite_changes_summary.json,-0.3103448275862069,0.2413793103448276,,,,,,,,,,,,,,,,,,,,,,,,,,0.01,20.0,1.0,56.0,19.0,,,,
0.0,200000,0.0,6.868131868131868e-05,0.0,median_change,MC_PRECISION_MET,success_conditional_descriptive_resampling_range_not_population_CI,0,VAS,200000,True,completion,finite_changes_summary.json,0.0,0.0,,,,,,,,,,,,,,,,,,,,,,,,,,0.01,20.0,1.0,56.0,19.0,,,,
0.0044699872286079,200000,0.5517241379310345,6.868131868131868e-05,-0.0178571428571428,mean_rate,MC_PRECISION_MET,success_conditional_descriptive_resampling_range_not_population_CI,0,VAS/minute,200000,False,completion,finite_changes_summary.json,-0.3103448275862069,0.2413793103448276,,,,,,,,,,,,,,,,,,,,,,,,,,0.01,20.0,1.0,56.0,19.0,,,,
0.0,200000,0.0,6.868131868131868e-05,0.0,median_rate,MC_PRECISION_MET,success_conditional_descriptive_resampling_range_not_population_CI,0,VAS/minute,200000,True,completion,finite_changes_summary.json,0.0,0.0,,,,,,,,,,,,,,,,,,,,,,,,,,0.01,20.0,1.0,56.0,19.0,,,,
0.0019493177387914,200000,0.2280701754385964,6.868131868131868e-05,0.25,rise_proportion,MC_PRECISION_MET,success_conditional_descriptive_resampling_range_not_population_CI,0,proportion,200000,False,completion,finite_changes_summary.json,0.1403508771929824,0.3684210526315789,,,,,,,,,,,,,,,,,,,,,,,,,,0.002,20.0,1.0,56.0,19.0,,,,
0.0018853695324283,200000,0.2099686028257457,6.868131868131868e-05,0.1964285714285714,fall_proportion,MC_PRECISION_MET,success_conditional_descriptive_resampling_range_not_population_CI,0,proportion,200000,False,completion,finite_changes_summary.json,0.0961538461538461,0.3061224489795918,,,,,,,,,,,,,,,,,,,,,,,,,,0.002,20.0,1.0,56.0,19.0,,,,
0.0020242914979757,200000,0.2631578947368421,6.868131868131868e-05,0.5535714285714286,unchanged_proportion,MC_PRECISION_INSUFFICIENT,success_conditional_descriptive_resampling_range_not_population_CI,0,proportion,200000,False,completion,finite_changes_summary.json,0.4210526315789473,0.6842105263157895,,,,,,,,,,,,,,,,,,,,,,,,,,0.002,20.0,1.0,56.0,19.0,,,,
0.0043903499239296,200000,0.4979352314714191,6.868131868131868e-05,1.191588785046729,mean_change,MC_PRECISION_MET,success_conditional_descriptive_resampling_range_not_population_CI,0,VAS,200000,False,completion,finite_changes_summary.json,0.9439252336448598,1.441860465116279,,,,,,,,,,,,,,,,,,,,,,,,,,0.01,3.0,2.0,214.0,1.0,,,,
0.0,200000,0.0,6.868131868131868e-05,1.0,median_change,MC_PRECISION_MET,success_conditional_descriptive_resampling_range_not_population_CI,0,VAS,200000,True,completion,finite_changes_summary.json,1.0,1.0,,,,,,,,,,,,,,,,,,,,,,,,,,0.01,3.0,2.0,214.0,1.0,,,,
0.0021951749619648,200000,0.2489676157357095,6.868131868131868e-05,0.5957943925233645,mean_rate,MC_PRECISION_MET,success_conditional_descriptive_resampling_range_not_population_CI,0,VAS/minute,200000,False,completion,finite_changes_summary.json,0.4719626168224299,0.7209302325581395,,,,,,,,,,,,,,,,,,,,,,,,,,0.01,3.0,2.0,214.0,1.0,,,,
0.0,200000,0.0,6.868131868131868e-05,0.5,median_rate,MC_PRECISION_MET,success_conditional_descriptive_resampling_range_not_population_CI,0,VAS/minute,200000,True,completion,finite_changes_summary.json,0.5,0.5,,,,,,,,,,,,,,,,,,,,,,,,,,0.01,3.0,2.0,214.0,1.0,,,,
0.0012388611171484,200000,0.1255813953488372,6.868131868131868e-05,0.6728971962616822,rise_proportion,MC_PRECISION_MET,success_conditional_descriptive_resampling_range_not_population_CI,0,proportion,200000,False,completion,finite_changes_summary.json,0.6093023255813953,0.7348837209302326,,,,,,,,,,,,,,,,,,,,,,,,,,0.002,3.0,2.0,214.0,1.0,,,,
0.0028605742985041,200000,0.0938967136150234,6.868131868131868e-05,0.1448598130841121,fall_proportion,MC_PRECISION_INSUFFICIENT,success_conditional_descriptive_resampling_range_not_population_CI,0,proportion,200000,False,completion,finite_changes_summary.json,0.0985915492957746,0.1924882629107981,,,,,,,,,,,,,,,,,,,,,,,,,,0.002,3.0,2.0,214.0,1.0,,,,
0.0024675182880227,200000,0.1032863849765258,6.868131868131868e-05,0.1822429906542056,unchanged_proportion,MC_PRECISION_INSUFFICIENT,success_conditional_descriptive_resampling_range_not_population_CI,0,proportion,200000,False,completion,finite_changes_summary.json,0.1314553990610328,0.2347417840375587,,,,,,,,,,,,,,,,,,,,,,,,,,0.002,3.0,2.0,214.0,1.0,,,,
0.0030782177340774,200000,0.460093896713615,6.868131868131868e-05,0.4225352112676056,mean_change,MC_PRECISION_MET,success_conditional_descriptive_resampling_range_not_population_CI,0,VAS,200000,False,completion,finite_changes_summary.json,0.1924882629107981,0.6525821596244131,,,,,,,,,,,,,,,,,,,,,,,,,,0.01,4.0,2.0,213.0,2.0,,,,
0.0,200000,1.0,6.868131868131868e-05,1.0,median_change,MC_PRECISION_MET,success_conditional_descriptive_resampling_range_not_population_CI,0,VAS,200000,False,completion,finite_changes_summary.json,0.0,1.0,,,,,,,,,,,,,,,,,,,,,,,,,,0.01,4.0,2.0,213.0,2.0,,,,
0.0015391088670387,200000,0.2300469483568075,6.868131868131868e-05,0.2112676056338028,mean_rate,MC_PRECISION_MET,success_conditional_descriptive_resampling_range_not_population_CI,0,VAS/minute,200000,False,completion,finite_changes_summary.json,0.096244131455399,0.3262910798122065,,,,,,,,,,,,,,,,,,,,,,,,,,0.01,4.0,2.0,213.0,2.0,,,,
0.0,200000,0.5,6.868131868131868e-05,0.5,median_rate,MC_PRECISION_MET,success_conditional_descriptive_resampling_range_not_population_CI,0,VAS/minute,200000,False,completion,finite_changes_summary.json,0.0,0.5,,,,,,,,,,,,,,,,,,,,,,,,,,0.01,4.0,2.0,213.0,2.0,,,,
0.001638835983523,200000,0.1338751827080657,6.868131868131868e-05,0.5164319248826291,rise_proportion,MC_PRECISION_MET,success_conditional_descriptive_resampling_range_not_population_CI,0,proportion,200000,False,completion,finite_changes_summary.json,0.4502369668246445,0.5841121495327103,,,,,,,,,,,,,,,,,,,,,,,,,,0.002,4.0,2.0,213.0,2.0,,,,
0.0009128450336883,200000,0.116822429906542,6.868131868131868e-05,0.2535211267605634,fall_proportion,MC_PRECISION_MET,success_conditional_descriptive_resampling_range_not_population_CI,0,proportion,200000,False,completion,finite_changes_summary.json,0.1962616822429906,0.3130841121495327,,,,,,,,,,,,,,,,,,,,,,,,,,0.002,4.0,2.0,213.0,2.0,,,,
0.0013508725307821,200000,0.1132075471698113,6.868131868131868e-05,0.2300469483568075,unchanged_proportion,MC_PRECISION_MET,success_conditional_descriptive_resampling_range_not_population_CI,0,proportion,200000,False,completion,finite_changes_summary.json,0.1745283018867924,0.2877358490566037,,,,,,,,,,,,,,,,,,,,,,,,,,0.002,4.0,2.0,213.0,2.0,,,,
0.003099730458221,200000,0.4390342052313883,6.868131868131868e-05,-0.0471698113207547,mean_change,MC_PRECISION_MET,success_conditional_descriptive_resampling_range_not_population_CI,0,VAS,200000,False,completion,finite_changes_summary.json,-0.2676056338028169,0.1714285714285714,,,,,,,,,,,,,,,,,,,,,,,,,,0.01,5.0,2.0,212.0,3.0,,,,
0.0,200000,0.0,6.868131868131868e-05,0.0,median_change,MC_PRECISION_MET,success_conditional_descriptive_resampling_range_not_population_CI,0,VAS,200000,True,completion,finite_changes_summary.json,0.0,0.0,,,,,,,,,,,,,,,,,,,,,,,,,,0.01,5.0,2.0,212.0,3.0,,,,
0.0015498652291105,200000,0.2195171026156941,6.868131868131868e-05,-0.0235849056603773,mean_rate,MC_PRECISION_MET,success_conditional_descriptive_resampling_range_not_population_CI,0,VAS/minute,200000,False,completion,finite_changes_summary.json,-0.1338028169014084,0.0857142857142857,,,,,,,,,,,,,,,,,,,,,,,,,,0.01,5.0,2.0,212.0,3.0,,,,
0.0,200000,0.0,6.868131868131868e-05,0.0,median_rate,MC_PRECISION_MET,success_conditional_descriptive_resampling_range_not_population_CI,0,VAS/minute,200000,True,completion,finite_changes_summary.json,0.0,0.0,,,,,,,,,,,,,,,,,,,,,,,,,,0.01,5.0,2.0,212.0,3.0,,,,
0.0010801278518681,200000,0.1306223732451041,6.868131868131868e-05,0.3726415094339622,rise_proportion,MC_PRECISION_MET,success_conditional_descriptive_resampling_range_not_population_CI,0,proportion,200000,False,completion,finite_changes_summary.json,0.3080568720379147,0.4386792452830189,,,,,,,,,,,,,,,,,,,,,,,,,,0.002,5.0,2.0,212.0,3.0,,,,
0.001444369216881,200000,0.1300157977883096,6.868131868131868e-05,0.3679245283018867,fall_proportion,MC_PRECISION_MET,success_conditional_descriptive_resampling_range_not_population_CI,0,proportion,200000,False,completion,finite_changes_summary.json,0.3033175355450237,0.4333333333333333,,,,,,,,,,,,,,,,,,,,,,,,,,0.002,5.0,2.0,212.0,3.0,,,,
0.0015058906900522,200000,0.1173708920187793,6.868131868131868e-05,0.2594339622641509,unchanged_proportion,MC_PRECISION_MET,success_conditional_descriptive_resampling_range_not_population_CI,0,proportion,200000,False,completion,finite_changes_summary.json,0.2018779342723004,0.3192488262910798,,,,,,,,,,,,,,,,,,,,,,,,,,0.002,5.0,2.0,212.0,3.0,,,,
0.0041413828232271,200000,0.3987022190725074,6.868131868131868e-05,-0.240566037735849,mean_change,MC_PRECISION_MET,success_conditional_descriptive_resampling_range_not_population_CI,0,VAS,200000,False,completion,finite_changes_summary.json,-0.4407582938388625,-0.0420560747663551,,,,,,,,,,,,,,,,,,,,,,,,,,0.01,6.0,2.0,212.0,4.0,,,,
0.0,200000,0.0,6.868131868131868e-05,0.0,median_change,MC_PRECISION_MET,success_conditional_descriptive_resampling_range_not_population_CI,0,VAS,200000,True,completion,finite_changes_summary.json,0.0,0.0,,,,,,,,,,,,,,,,,,,,,,,,,,0.01,6.0,2.0,212.0,4.0,,,,
0.0020706914116135,200000,0.1993511095362537,6.868131868131868e-05,-0.1202830188679245,mean_rate,MC_PRECISION_MET,success_conditional_descriptive_resampling_range_not_population_CI,0,VAS/minute,200000,False,completion,finite_changes_summary.json,-0.2203791469194312,-0.0210280373831775,,,,,,,,,,,,,,,,,,,,,,,,,,0.01,6.0,2.0,212.0,4.0,,,,
0.0,200000,0.0,6.868131868131868e-05,0.0,median_rate,MC_PRECISION_MET,success_conditional_descriptive_resampling_range_not_population_CI,0,VAS/minute,200000,True,completion,finite_changes_summary.json,0.0,0.0,,,,,,,,,,,,,,,,,,,,,,,,,,0.01,6.0,2.0,212.0,4.0,,,,
0.0013225180744136,200000,0.1230981082667388,6.868131868131868e-05,0.2971698113207547,rise_proportion,MC_PRECISION_MET,success_conditional_descriptive_resampling_range_not_population_CI,0,proportion,200000,False,completion,finite_changes_summary.json,0.2367149758454106,0.3598130841121495,,,,,,,,,,,,,,,,,,,,,,,,,,0.002,6.0,2.0,212.0,4.0,,,,
0.0015209963628347,200000,0.1320315928038613,6.868131868131868e-05,0.3962264150943396,fall_proportion,MC_PRECISION_MET,success_conditional_descriptive_resampling_range_not_population_CI,0,proportion,200000,False,completion,finite_changes_summary.json,0.3302325581395349,0.4622641509433962,,,,,,,,,,,,,,,,,,,,,,,,,,0.002,6.0,2.0,212.0,4.0,,,,
0.0012237723338451,200000,0.124385227577573,6.868131868131868e-05,0.3066037735849056,unchanged_proportion,MC_PRECISION_MET,success_conditional_descriptive_resampling_range_not_population_CI,0,proportion,200000,False,completion,finite_changes_summary.json,0.2452830188679245,0.3696682464454976,,,,,,,,,,,,,,,,,,,,,,,,,,0.002,6.0,2.0,212.0,4.0,,,,
0.0033359407352873,200000,0.4006544798013992,6.868131868131868e-05,-0.3364928909952606,mean_change,MC_PRECISION_MET,success_conditional_descriptive_resampling_range_not_population_CI,0,VAS,200000,False,completion,finite_changes_summary.json,-0.5380952380952381,-0.1374407582938388,,,,,,,,,,,,,,,,,,,,,,,,,,0.01,7.0,2.0,211.0,5.0,,,,
0.0,200000,0.0,6.868131868131868e-05,0.0,median_change,MC_PRECISION_MET,success_conditional_descriptive_resampling_range_not_population_CI,0,VAS,200000,True,completion,finite_changes_summary.json,0.0,0.0,,,,,,,,,,,,,,,,,,,,,,,,,,0.01,7.0,2.0,211.0,5.0,,,,
0.0016679703676436,200000,0.2003272399006996,6.868131868131868e-05,-0.1682464454976303,mean_rate,MC_PRECISION_MET,success_conditional_descriptive_resampling_range_not_population_CI,0,VAS/minute,200000,False,completion,finite_changes_summary.json,-0.269047619047619,-0.0687203791469194,,,,,,,,,,,,,,,,,,,,,,,,,,0.01,7.0,2.0,211.0,5.0,,,,
0.0,200000,0.0,6.868131868131868e-05,0.0,median_rate,MC_PRECISION_MET,success_conditional_descriptive_resampling_range_not_population_CI,0,VAS/minute,200000,True,completion,finite_changes_summary.json,0.0,0.0,,,,,,,,,,,,,,,,,,,,,,,,,,0.01,7.0,2.0,211.0,5.0,,,,
0.0012699564586357,200000,0.1179245283018867,6.868131868131868e-05,0.2559241706161137,rise_proportion,MC_PRECISION_MET,success_conditional_descriptive_resampling_range_not_population_CI,0,proportion,200000,False,completion,finite_changes_summary.json,0.1981132075471698,0.3160377358490566,,,,,,,,,,,,,,,,,,,,,,,,,,0.002,7.0,2.0,211.0,5.0,,,,
0.0015644411724106,200000,0.1326792753687381,6.868131868131868e-05,0.3981042654028436,fall_proportion,MC_PRECISION_MET,success_conditional_descriptive_resampling_range_not_population_CI,0,proportion,200000,False,completion,finite_changes_summary.json,0.3317757009345794,0.4644549763033175,,,,,,,,,,,,,,,,,,,,,,,,,,0.002,7.0,2.0,211.0,5.0,,,,
0.0011058950979506,200000,0.1280807077728627,6.868131868131868e-05,0.3459715639810427,unchanged_proportion,MC_PRECISION_MET,success_conditional_descriptive_resampling_range_not_population_CI,0,proportion,200000,False,completion,finite_changes_summary.json,0.2822966507177033,0.410377358490566,,,,,,,,,,,,,,,,,,,,,,,,,,0.002,7.0,2.0,211.0,5.0,,,,
0.0031671527524608,200000,0.3412322274881516,6.868131868131868e-05,-0.2857142857142857,mean_change,MC_PRECISION_MET,success_conditional_descriptive_resampling_range_not_population_CI,0,VAS,200000,False,completion,finite_changes_summary.json,-0.4549763033175355,-0.1137440758293838,,,,,,,,,,,,,,,,,,,,,,,,,,0.01,8.0,2.0,210.0,6.0,,,,
0.0,200000,1.0,6.868131868131868e-05,0.0,median_change,MC_PRECISION_MET,success_conditional_descriptive_resampling_range_not_population_CI,0,VAS,200000,False,completion,finite_changes_summary.json,-1.0,0.0,,,,,,,,,,,,,,,,,,,,,,,,,,0.01,8.0,2.0,210.0,6.0,,,,
0.0015835763762304,200000,0.1706161137440758,6.868131868131868e-05,-0.1428571428571428,mean_rate,MC_PRECISION_MET,success_conditional_descriptive_resampling_range_not_population_CI,0,VAS/minute,200000,False,completion,finite_changes_summary.json,-0.2274881516587677,-0.0568720379146919,,,,,,,,,,,,,,,,,,,,,,,,,,0.01,8.0,2.0,210.0,6.0,,,,
0.0,200000,0.5,6.868131868131868e-05,0.0,median_rate,MC_PRECISION_MET,success_conditional_descriptive_resampling_range_not_population_CI,0,VAS/minute,200000,False,completion,finite_changes_summary.json,-0.5,0.0,,,,,,,,,,,,,,,,,,,,,,,,,,0.01,8.0,2.0,210.0,6.0,,,,
0.0013796172674677,200000,0.1186384373477432,6.868131868131868e-05,0.2619047619047619,rise_proportion,MC_PRECISION_MET,success_conditional_descriptive_resampling_range_not_population_CI,0,proportion,200000,False,completion,finite_changes_summary.json,0.2037914691943128,0.322429906542056,,,,,,,,,,,,,,,,,,,,,,,,,,0.002,8.0,2.0,210.0,6.0,,,,
0.0006097560975609,200000,0.1339140534262485,6.868131868131868e-05,0.4428571428571428,fall_proportion,MC_PRECISION_MET,success_conditional_descriptive_resampling_range_not_population_CI,0,proportion,200000,False,completion,finite_changes_summary.json,0.375609756097561,0.5095238095238095,,,,,,,,,,,,,,,,,,,,,,,,,,0.002,8.0,2.0,210.0,6.0,,,,
0.0013637519358343,200000,0.1230381619397637,6.868131868131868e-05,0.2952380952380952,unchanged_proportion,MC_PRECISION_MET,success_conditional_descriptive_resampling_range_not_population_CI,0,proportion,200000,False,completion,finite_changes_summary.json,0.2344497607655502,0.357487922705314,,,,,,,,,,,,,,,,,,,,,,,,,,0.002,8.0,2.0,210.0,6.0,,,,
0.0031824530073036,200000,0.3159326485624502,6.868131868131868e-05,-0.2403846153846154,mean_change,MC_PRECISION_MET,success_conditional_descriptive_resampling_range_not_population_CI,0,VAS,200000,False,completion,finite_changes_summary.json,-0.3980582524271844,-0.0821256038647343,,,,,,,,,,,,,,,,,,,,,,,,,,0.01,9.0,2.0,208.0,7.0,,,,
0.0,200000,0.0,6.868131868131868e-05,0.0,median_change,MC_PRECISION_MET,success_conditional_descriptive_resampling_range_not_population_CI,0,VAS,200000,True,completion,finite_changes_summary.json,0.0,0.0,,,,,,,,,,,,,,,,,,,,,,,,,,0.01,9.0,2.0,208.0,7.0,,,,
0.0015912265036518,200000,0.1579663242812251,6.868131868131868e-05,-0.1201923076923077,mean_rate,MC_PRECISION_MET,success_conditional_descriptive_resampling_range_not_population_CI,0,VAS/minute,200000,False,completion,finite_changes_summary.json,-0.1990291262135922,-0.0410628019323671,,,,,,,,,,,,,,,,,,,,,,,,,,0.01,9.0,2.0,208.0,7.0,,,,
0.0,200000,0.0,6.868131868131868e-05,0.0,median_rate,MC_PRECISION_MET,success_conditional_descriptive_resampling_range_not_population_CI,0,VAS/minute,200000,True,completion,finite_changes_summary.json,0.0,0.0,,,,,,,,,,,,,,,,,,,,,,,,,,0.01,9.0,2.0,208.0,7.0,,,,
0.0009380863039399,200000,0.110397946084724,6.868131868131868e-05,0.2115384615384615,rise_proportion,MC_PRECISION_MET,success_conditional_descriptive_resampling_range_not_population_CI,0,proportion,200000,False,completion,finite_changes_summary.json,0.1578947368421052,0.2682926829268293,,,,,,,,,,,,,,,,,,,,,,,,,,0.002,9.0,2.0,208.0,7.0,,,,
0.0012134533049431,200000,0.1320687695368002,6.868131868131868e-05,0.3798076923076923,fall_proportion,MC_PRECISION_MET,success_conditional_descriptive_resampling_range_not_population_CI,0,proportion,200000,False,completion,finite_changes_summary.json,0.3140096618357488,0.446078431372549,,,,,,,,,,,,,,,,,,,,,,,,,,0.002,9.0,2.0,208.0,7.0,,,,
0.0013937282229964,200000,0.1331043956043955,6.868131868131868e-05,0.4086538461538461,unchanged_proportion,MC_PRECISION_MET,success_conditional_descriptive_resampling_range_not_population_CI,0,proportion,200000,False,completion,finite_changes_summary.json,0.3428571428571428,0.4759615384615384,,,,,,,,,,,,,,,,,,,,,,,,,,0.002,9.0,2.0,208.0,7.0,,,,
0.00206024438761,200000,0.2628160030017353,6.868131868131868e-05,-0.2718446601941747,mean_change,MC_PRECISION_MET,success_conditional_descriptive_resampling_range_not_population_CI,0,VAS,200000,False,completion,finite_changes_summary.json,-0.4029126213592233,-0.1400966183574879,,,,,,,,,,,,,,,,,,,,,,,,,,0.01,10.0,2.0,206.0,8.0,,,,
0.0,200000,0.0,6.868131868131868e-05,0.0,median_change,MC_PRECISION_MET,success_conditional_descriptive_resampling_range_not_population_CI,0,VAS,200000,True,completion,finite_changes_summary.json,0.0,0.0,,,,,,,,,,,,,,,,,,,,,,,,,,0.01,10.0,2.0,206.0,8.0,,,,
0.001030122193805,200000,0.1314080015008676,6.868131868131868e-05,-0.1359223300970873,mean_rate,MC_PRECISION_MET,success_conditional_descriptive_resampling_range_not_population_CI,0,VAS/minute,200000,False,completion,finite_changes_summary.json,-0.2014563106796116,-0.0700483091787439,,,,,,,,,,,,,,,,,,,,,,,,,,0.01,10.0,2.0,206.0,8.0,,,,
0.0,200000,0.0,6.868131868131868e-05,0.0,median_rate,MC_PRECISION_MET,success_conditional_descriptive_resampling_range_not_population_CI,0,VAS/minute,200000,True,completion,finite_changes_summary.json,0.0,0.0,,,,,,,,,,,,,,,,,,,,,,,,,,0.01,10.0,2.0,206.0,8.0,,,,
0.0008826125330979,200000,0.1037534259302271,6.868131868131868e-05,0.174757281553398,rise_proportion,MC_PRECISION_MET,success_conditional_descriptive_resampling_range_not_population_CI,0,proportion,200000,False,completion,finite_changes_summary.json,0.124401913875598,0.2281553398058252,,,,,,,,,,,,,,,,,,,,,,,,,,0.002,10.0,2.0,206.0,8.0,,,,
0.0012254901960784,200000,0.1330445544554455,6.868131868131868e-05,0.3786407766990291,fall_proportion,MC_PRECISION_MET,success_conditional_descriptive_resampling_range_not_population_CI,0,proportion,200000,False,completion,finite_changes_summary.json,0.3125,0.4455445544554455,,,,,,,,,,,,,,,,,,,,,,,,,,0.002,10.0,2.0,206.0,8.0,,,,
0.0011669156086631,200000,0.1359223300970873,6.868131868131868e-05,0.4466019417475728,unchanged_proportion,MC_PRECISION_MET,success_conditional_descriptive_resampling_range_not_population_CI,0,proportion,200000,False,completion,finite_changes_summary.json,0.3786407766990291,0.5145631067961165,,,,,,,,,,,,,,,,,,,,,,,,,,0.002,10.0,2.0,206.0,8.0,,,,
0.0022391401701746,200000,0.3254714634024979,6.868131868131868e-05,-0.2525773195876288,mean_change,MC_PRECISION_MET,success_conditional_descriptive_resampling_range_not_population_CI,0,VAS,200000,False,completion,finite_changes_summary.json,-0.4141414141414141,-0.0886699507389162,,,,,,,,,,,,,,,,,,,,,,,,,,0.01,11.0,2.0,194.0,9.0,,,,
0.0,200000,0.0,6.868131868131868e-05,0.0,median_change,MC_PRECISION_MET,success_conditional_descriptive_resampling_range_not_population_CI,0,VAS,200000,True,completion,finite_changes_summary.json,0.0,0.0,,,,,,,,,,,,,,,,,,,,,,,,,,0.01,11.0,2.0,194.0,9.0,,,,
0.0011195700850873,200000,0.1627357317012489,6.868131868131868e-05,-0.1262886597938144,mean_rate,MC_PRECISION_MET,success_conditional_descriptive_resampling_range_not_population_CI,0,VAS/minute,200000,False,completion,finite_changes_summary.json,-0.207070707070707,-0.0443349753694581,,,,,,,,,,,,,,,,,,,,,,,,,,0.01,11.0,2.0,194.0,9.0,,,,
0.0,200000,0.0,6.868131868131868e-05,0.0,median_rate,MC_PRECISION_MET,success_conditional_descriptive_resampling_range_not_population_CI,0,VAS/minute,200000,True,completion,finite_changes_summary.json,0.0,0.0,,,,,,,,,,,,,,,,,,,,,,,,,,0.01,11.0,2.0,194.0,9.0,,,,
0.0007825993091536,200000,0.1135085978835978,6.868131868131868e-05,0.2061855670103092,rise_proportion,MC_PRECISION_MET,success_conditional_descriptive_resampling_range_not_population_CI,0,proportion,200000,False,completion,finite_changes_summary.json,0.1510416666666666,0.2645502645502645,,,,,,,,,,,,,,,,,,,,,,,,,,0.002,11.0,2.0,194.0,9.0,,,,
0.001349527665317,200000,0.1384615384615384,6.868131868131868e-05,0.4175257731958763,fall_proportion,MC_PRECISION_MET,success_conditional_descriptive_resampling_range_not_population_CI,0,proportion,200000,False,completion,finite_changes_summary.json,0.3487179487179487,0.4871794871794871,,,,,,,,,,,,,,,,,,,,,,,,,,0.002,11.0,2.0,194.0,9.0,,,,
0.0008197154794013,200000,0.1361256544502618,6.868131868131868e-05,0.3762886597938144,unchanged_proportion,MC_PRECISION_MET,success_conditional_descriptive_resampling_range_not_population_CI,0,proportion,200000,False,completion,finite_changes_summary.json,0.3089005235602094,0.4450261780104712,,,,,,,,,,,,,,,,,,,,,,,,,,0.002,11.0,2.0,194.0,9.0,,,,
0.0025376642803718,200000,0.3668448037327401,6.868131868131868e-05,-0.2797927461139896,mean_change,MC_PRECISION_MET,success_conditional_descriptive_resampling_range_not_population_CI,0,VAS,200000,False,completion,finite_changes_summary.json,-0.466321243523316,-0.0994764397905759,,,,,,,,,,,,,,,,,,,,,,,,,,0.01,12.0,2.0,193.0,10.0,,,,
0.0,200000,0.0,6.868131868131868e-05,0.0,median_change,MC_PRECISION_MET,success_conditional_descriptive_resampling_range_not_population_CI,0,VAS,200000,True,completion,finite_changes_summary.json,0.0,0.0,,,,,,,,,,,,,,,,,,,,,,,,,,0.01,12.0,2.0,193.0,10.0,,,,
0.0012688321401859,200000,0.18342240186637,6.868131868131868e-05,-0.1398963730569948,mean_rate,MC_PRECISION_MET,success_conditional_descriptive_resampling_range_not_population_CI,0,VAS/minute,200000,False,completion,finite_changes_summary.json,-0.233160621761658,-0.0497382198952879,,,,,,,,,,,,,,,,,,,,,,,,,,0.01,12.0,2.0,193.0,10.0,,,,
0.0,200000,0.0,6.868131868131868e-05,0.0,median_rate,MC_PRECISION_MET,success_conditional_descriptive_resampling_range_not_population_CI,0,VAS/minute,200000,True,completion,finite_changes_summary.json,0.0,0.0,,,,,,,,,,,,,,,,,,,,,,,,,,0.01,12.0,2.0,193.0,10.0,,,,
0.0011367241196997,200000,0.1129959598052419,6.868131868131868e-05,0.2020725388601036,rise_proportion,MC_PRECISION_MET,success_conditional_descriptive_resampling_range_not_population_CI,0,proportion,200000,False,completion,finite_changes_summary.json,0.1472081218274111,0.2602040816326531,,,,,,,,,,,,,,,,,,,,,,,,,,0.002,12.0,2.0,193.0,10.0,,,,
0.0012679861072826,200000,0.1370391218688432,6.868131868131868e-05,0.38860103626943,fall_proportion,MC_PRECISION_MET,success_conditional_descriptive_resampling_range_not_population_CI,0,proportion,200000,False,completion,finite_changes_summary.json,0.320855614973262,0.4578947368421052,,,,,,,,,,,,,,,,,,,,,,,,,,0.002,12.0,2.0,193.0,10.0,,,,
0.001522598568223,200000,0.1390673071733146,6.868131868131868e-05,0.4093264248704663,unchanged_proportion,MC_PRECISION_MET,success_conditional_descriptive_resampling_range_not_population_CI,0,proportion,200000,False,completion,finite_changes_summary.json,0.3403141361256545,0.4793814432989691,,,,,,,,,,,,,,,,,,,,,,,,,,0.002,12.0,2.0,193.0,10.0,,,,
0.0029686403627138,200000,0.3860568434242752,6.868131868131868e-05,-0.3368983957219251,mean_change,MC_PRECISION_MET,success_conditional_descriptive_resampling_range_not_population_CI,0,VAS,200000,False,completion,finite_changes_summary.json,-0.5303867403314917,-0.1443298969072164,,,,,,,,,,,,,,,,,,,,,,,,,,0.01,13.0,2.0,187.0,11.0,,,,
0.0,200000,0.0,6.868131868131868e-05,0.0,median_change,MC_PRECISION_MET,success_conditional_descriptive_resampling_range_not_population_CI,0,VAS,200000,True,completion,finite_changes_summary.json,0.0,0.0,,,,,,,,,,,,,,,,,,,,,,,,,,0.01,13.0,2.0,187.0,11.0,,,,
0.0014843201813569,200000,0.1930284217121376,6.868131868131868e-05,-0.1684491978609625,mean_rate,MC_PRECISION_MET,success_conditional_descriptive_resampling_range_not_population_CI,0,VAS/minute,200000,False,completion,finite_changes_summary.json,-0.2651933701657458,-0.0721649484536082,,,,,,,,,,,,,,,,,,,,,,,,,,0.01,13.0,2.0,187.0,11.0,,,,
0.0,200000,0.0,6.868131868131868e-05,0.0,median_rate,MC_PRECISION_MET,success_conditional_descriptive_resampling_range_not_population_CI,0,VAS/minute,200000,True,completion,finite_changes_summary.json,0.0,0.0,,,,,,,,,,,,,,,,,,,,,,,,,,0.01,13.0,2.0,187.0,11.0,,,,
0.0011575350016536,200000,0.1117021276595744,6.868131868131868e-05,0.1871657754010695,rise_proportion,MC_PRECISION_MET,success_conditional_descriptive_resampling_range_not_population_CI,0,proportion,200000,False,completion,finite_changes_summary.json,0.1329787234042553,0.2446808510638297,,,,,,,,,,,,,,,,,,,,,,,,,,0.002,13.0,2.0,187.0,11.0,,,,
0.001574569221628,200000,0.1400889262753109,6.868131868131868e-05,0.3957219251336898,fall_proportion,MC_PRECISION_MET,success_conditional_descriptive_resampling_range_not_population_CI,0,proportion,200000,False,completion,finite_changes_summary.json,0.3262032085561497,0.4662921348314606,,,,,,,,,,,,,,,,,,,,,,,,,,0.002,13.0,2.0,187.0,11.0,,,,
0.002099994246591,200000,0.1418607299436314,6.868131868131868e-05,0.4171122994652406,unchanged_proportion,MC_PRECISION_INSUFFICIENT,success_conditional_descriptive_resampling_range_not_population_CI,0,proportion,200000,False,completion,finite_changes_summary.json,0.3471502590673575,0.489010989010989,,,,,,,,,,,,,,,,,,,,,,,,,,0.002,13.0,2.0,187.0,11.0,,,,
0.0028248587570621,200000,0.3361581920903955,6.868131868131868e-05,-0.3333333333333333,mean_change,MC_PRECISION_MET,success_conditional_descriptive_resampling_range_not_population_CI,0,VAS,200000,False,completion,finite_changes_summary.json,-0.5028248587570622,-0.1666666666666666,,,,,,,,,,,,,,,,,,,,,,,,,,0.01,14.0,2.0,177.0,12.0,,,,
0.0,200000,0.0,6.868131868131868e-05,0.0,median_change,MC_PRECISION_MET,success_conditional_descriptive_resampling_range_not_population_CI,0,VAS,200000,True,completion,finite_changes_summary.json,0.0,0.0,,,,,,,,,,,,,,,,,,,,,,,,,,0.01,14.0,2.0,177.0,12.0,,,,
0.001412429378531,200000,0.1680790960451977,6.868131868131868e-05,-0.1666666666666666,mean_rate,MC_PRECISION_MET,success_conditional_descriptive_resampling_range_not_population_CI,0,VAS/minute,200000,False,completion,finite_changes_summary.json,-0.2514124293785311,-0.0833333333333333,,,,,,,,,,,,,,,,,,,,,,,,,,0.01,14.0,2.0,177.0,12.0,,,,
0.0,200000,0.0,6.868131868131868e-05,0.0,median_rate,MC_PRECISION_MET,success_conditional_descriptive_resampling_range_not_population_CI,0,VAS/minute,200000,True,completion,finite_changes_summary.json,0.0,0.0,,,,,,,,,,,,,,,,,,,,,,,,,,0.01,14.0,2.0,177.0,12.0,,,,
0.0008695652173912,200000,0.1134161490683229,6.868131868131868e-05,0.1807909604519774,rise_proportion,MC_PRECISION_MET,success_conditional_descriptive_resampling_range_not_population_CI,0,proportion,200000,False,completion,finite_changes_summary.json,0.1257142857142857,0.2391304347826087,,,,,,,,,,,,,,,,,,,,,,,,,,0.002,14.0,2.0,177.0,12.0,,,,
0.0013448090371167,200000,0.1443181818181818,6.868131868131868e-05,0.3898305084745763,fall_proportion,MC_PRECISION_MET,success_conditional_descriptive_resampling_range_not_population_CI,0,proportion,200000,False,completion,finite_changes_summary.json,0.3181818181818182,0.4625,,,,,,,,,,,,,,,,,,,,,,,,,,0.002,14.0,2.0,177.0,12.0,,,,
0.0008167532425104,200000,0.1460997125582318,6.868131868131868e-05,0.4293785310734463,unchanged_proportion,MC_PRECISION_MET,success_conditional_descriptive_resampling_range_not_population_CI,0,proportion,200000,False,completion,finite_changes_summary.json,0.3567251461988304,0.5028248587570622,,,,,,,,,,,,,,,,,,,,,,,,,,0.002,14.0,2.0,177.0,12.0,,,,
0.0022678951098511,200000,0.3339869281045752,6.868131868131868e-05,-0.238095238095238,mean_change,MC_PRECISION_MET,success_conditional_descriptive_resampling_range_not_population_CI,0,VAS,200000,False,completion,finite_changes_summary.json,-0.4058823529411764,-0.0718954248366013,,,,,,,,,,,,,,,,,,,,,,,,,,0.01,15.0,2.0,168.0,13.0,,,,
0.0,200000,0.0,6.868131868131868e-05,0.0,median_change,MC_PRECISION_MET,success_conditional_descriptive_resampling_range_not_population_CI,0,VAS,200000,True,completion,finite_changes_summary.json,0.0,0.0,,,,,,,,,,,,,,,,,,,,,,,,,,0.01,15.0,2.0,168.0,13.0,,,,
0.0011339475549255,200000,0.1669934640522876,6.868131868131868e-05,-0.119047619047619,mean_rate,MC_PRECISION_MET,success_conditional_descriptive_resampling_range_not_population_CI,0,VAS/minute,200000,False,completion,finite_changes_summary.json,-0.2029411764705882,-0.0359477124183006,,,,,,,,,,,,,,,,,,,,,,,,,,0.01,15.0,2.0,168.0,13.0,,,,
0.0,200000,0.0,6.868131868131868e-05,0.0,median_rate,MC_PRECISION_MET,success_conditional_descriptive_resampling_range_not_population_CI,0,VAS/minute,200000,True,completion,finite_changes_summary.json,0.0,0.0,,,,,,,,,,,,,,,,,,,,,,,,,,0.01,15.0,2.0,168.0,13.0,,,,
0.0008357127933699,200000,0.1214138321240764,6.868131868131868e-05,0.2023809523809523,rise_proportion,MC_PRECISION_MET,success_conditional_descriptive_resampling_range_not_population_CI,0,proportion,200000,False,completion,finite_changes_summary.json,0.143646408839779,0.2650602409638554,,,,,,,,,,,,,,,,,,,,,,,,,,0.002,15.0,2.0,168.0,13.0,,,,
0.001212380544858,200000,0.1415339891153703,6.868131868131868e-05,0.3273809523809524,fall_proportion,MC_PRECISION_MET,success_conditional_descriptive_resampling_range_not_population_CI,0,proportion,200000,False,completion,finite_changes_summary.json,0.2573099415204678,0.3988439306358382,,,,,,,,,,,,,,,,,,,,,,,,,,0.002,15.0,2.0,168.0,13.0,,,,
0.0011293054771316,200000,0.1503928170594837,6.868131868131868e-05,0.4702380952380952,unchanged_proportion,MC_PRECISION_MET,success_conditional_descriptive_resampling_range_not_population_CI,0,proportion,200000,False,completion,finite_changes_summary.json,0.3950617283950617,0.5454545454545454,,,,,,,,,,,,,,,,,,,,,,,,,,0.002,15.0,2.0,168.0,13.0,,,,
0.0037733514784114,200000,0.3658806190125276,6.868131868131868e-05,-0.2096774193548387,mean_change,MC_PRECISION_MET,success_conditional_descriptive_resampling_range_not_population_CI,0,VAS,200000,False,completion,finite_changes_summary.json,-0.391304347826087,-0.0254237288135593,,,,,,,,,,,,,,,,,,,,,,,,,,0.01,16.0,2.0,124.0,14.0,,,,
0.0,200000,0.0,6.868131868131868e-05,0.0,median_change,MC_PRECISION_MET,success_conditional_descriptive_resampling_range_not_population_CI,0,VAS,200000,True,completion,finite_changes_summary.json,0.0,0.0,,,,,,,,,,,,,,,,,,,,,,,,,,0.01,16.0,2.0,124.0,14.0,,,,
0.0018866757392057,200000,0.1829403095062638,6.868131868131868e-05,-0.1048387096774193,mean_rate,MC_PRECISION_MET,success_conditional_descriptive_resampling_range_not_population_CI,0,VAS/minute,200000,False,completion,finite_changes_summary.json,-0.1956521739130435,-0.0127118644067796,,,,,,,,,,,,,,,,,,,,,,,,,,0.01,16.0,2.0,124.0,14.0,,,,
0.0,200000,0.0,6.868131868131868e-05,0.0,median_rate,MC_PRECISION_MET,success_conditional_descriptive_resampling_range_not_population_CI,0,VAS/minute,200000,True,completion,finite_changes_summary.json,0.0,0.0,,,,,,,,,,,,,,,,,,,,,,,,,,0.01,16.0,2.0,124.0,14.0,,,,
0.0009803921568627,200000,0.1408602150537634,6.868131868131868e-05,0.2016129032258064,rise_proportion,MC_PRECISION_MET,success_conditional_descriptive_resampling_range_not_population_CI,0,proportion,200000,False,completion,finite_changes_summary.json,0.1333333333333333,0.2741935483870967,,,,,,,,,,,,,,,,,,,,,,,,,,0.002,16.0,2.0,124.0,14.0,,,,
0.0013365410318096,200000,0.169206094627105,6.868131868131868e-05,0.3629032258064516,fall_proportion,MC_PRECISION_MET,success_conditional_descriptive_resampling_range_not_population_CI,0,proportion,200000,False,completion,finite_changes_summary.json,0.2790697674418604,0.4482758620689655,,,,,,,,,,,,,,,,,,,,,,,,,,0.002,16.0,2.0,124.0,14.0,,,,
0.0013795821836815,200000,0.1746002906976744,6.868131868131868e-05,0.4354838709677419,unchanged_proportion,MC_PRECISION_MET,success_conditional_descriptive_resampling_range_not_population_CI,0,proportion,200000,False,completion,finite_changes_summary.json,0.3488372093023256,0.5234375,,,,,,,,,,,,,,,,,,,,,,,,,,0.002,16.0,2.0,124.0,14.0,,,,
0.0040916530278232,200000,0.5987025023169601,6.868131868131868e-05,-0.2439024390243902,mean_change,MC_PRECISION_MET,success_conditional_descriptive_resampling_range_not_population_CI,0,VAS,200000,False,completion,finite_changes_summary.json,-0.5384615384615384,0.0602409638554216,,,,,,,,,,,,,,,,,,,,,,,,,,0.01,17.0,2.0,82.0,15.0,,,,
0.0,200000,1.0,6.868131868131868e-05,0.0,median_change,MC_PRECISION_MET,success_conditional_descriptive_resampling_range_not_population_CI,0,VAS,200000,False,completion,finite_changes_summary.json,-1.0,0.0,,,,,,,,,,,,,,,,,,,,,,,,,,0.01,17.0,2.0,82.0,15.0,,,,
0.0020458265139116,200000,0.29935125115848,6.868131868131868e-05,-0.1219512195121951,mean_rate,MC_PRECISION_MET,success_conditional_descriptive_resampling_range_not_population_CI,0,VAS/minute,200000,False,completion,finite_changes_summary.json,-0.2692307692307692,0.0301204819277108,,,,,,,,,,,,,,,,,,,,,,,,,,0.01,17.0,2.0,82.0,15.0,,,,
0.0,200000,0.5,6.868131868131868e-05,0.0,median_rate,MC_PRECISION_MET,success_conditional_descriptive_resampling_range_not_population_CI,0,VAS/minute,200000,False,completion,finite_changes_summary.json,-0.5,0.0,,,,,,,,,,,,,,,,,,,,,,,,,,0.01,17.0,2.0,82.0,15.0,,,,
0.0014652014652014,200000,0.1791666666666666,6.868131868131868e-05,0.2195121951219512,rise_proportion,MC_PRECISION_MET,success_conditional_descriptive_resampling_range_not_population_CI,0,proportion,200000,False,completion,finite_changes_summary.json,0.1333333333333333,0.3125,,,,,,,,,,,,,,,,,,,,,,,,,,0.002,17.0,2.0,82.0,15.0,,,,
0.0043213828425096,200000,0.214066339066339,6.868131868131868e-05,0.4024390243902439,fall_proportion,MC_PRECISION_INSUFFICIENT,success_conditional_descriptive_resampling_range_not_population_CI,0,proportion,200000,False,completion,finite_changes_summary.json,0.2972972972972973,0.5113636363636364,,,,,,,,,,,,,,,,,,,,,,,,,,0.002,17.0,2.0,82.0,15.0,,,,
0.0020898641588296,200000,0.2098484848484848,6.868131868131868e-05,0.3780487804878049,unchanged_proportion,MC_PRECISION_INSUFFICIENT,success_conditional_descriptive_resampling_range_not_population_CI,0,proportion,200000,False,completion,finite_changes_summary.json,0.275,0.4848484848484848,,,,,,,,,,,,,,,,,,,,,,,,,,0.002,17.0,2.0,82.0,15.0,,,,
0.00765639589169,200000,0.6825396825396826,6.868131868131868e-05,-0.3188405797101449,mean_change,MC_PRECISION_MET,success_conditional_descriptive_resampling_range_not_population_CI,0,VAS,200000,False,completion,finite_changes_summary.json,-0.6666666666666666,0.0158730158730158,,,,,,,,,,,,,,,,,,,,,,,,,,0.01,18.0,2.0,69.0,16.0,,,,
0.0,200000,0.0,6.868131868131868e-05,0.0,median_change,MC_PRECISION_MET,success_conditional_descriptive_resampling_range_not_population_CI,0,VAS,200000,True,completion,finite_changes_summary.json,0.0,0.0,,,,,,,,,,,,,,,,,,,,,,,,,,0.01,18.0,2.0,69.0,16.0,,,,
0.003828197945845,200000,0.3412698412698413,6.868131868131868e-05,-0.1594202898550724,mean_rate,MC_PRECISION_MET,success_conditional_descriptive_resampling_range_not_population_CI,0,VAS/minute,200000,False,completion,finite_changes_summary.json,-0.3333333333333333,0.0079365079365079,,,,,,,,,,,,,,,,,,,,,,,,,,0.01,18.0,2.0,69.0,16.0,,,,
0.0,200000,0.0,6.868131868131868e-05,0.0,median_rate,MC_PRECISION_MET,success_conditional_descriptive_resampling_range_not_population_CI,0,VAS/minute,200000,True,completion,finite_changes_summary.json,0.0,0.0,,,,,,,,,,,,,,,,,,,,,,,,,,0.01,18.0,2.0,69.0,16.0,,,,
0.0017162471395881,200000,0.1915204678362573,6.868131868131868e-05,0.2028985507246377,rise_proportion,MC_PRECISION_MET,success_conditional_descriptive_resampling_range_not_population_CI,0,proportion,200000,False,completion,finite_changes_summary.json,0.1111111111111111,0.3026315789473684,,,,,,,,,,,,,,,,,,,,,,,,,,0.002,18.0,2.0,69.0,16.0,,,,
0.0014214641080312,200000,0.2276119402985074,6.868131868131868e-05,0.3623188405797101,fall_proportion,MC_PRECISION_MET,success_conditional_descriptive_resampling_range_not_population_CI,0,proportion,200000,False,completion,finite_changes_summary.json,0.25,0.4776119402985074,,,,,,,,,,,,,,,,,,,,,,,,,,0.002,18.0,2.0,69.0,16.0,,,,
0.0017094017094017,200000,0.2356643356643357,6.868131868131868e-05,0.4347826086956521,unchanged_proportion,MC_PRECISION_MET,success_conditional_descriptive_resampling_range_not_population_CI,0,proportion,200000,False,completion,finite_changes_summary.json,0.3181818181818182,0.5538461538461539,,,,,,,,,,,,,,,,,,,,,,,,,,0.002,18.0,2.0,69.0,16.0,,,,
0.0046178711613945,200000,0.721311475409836,6.868131868131868e-05,-0.3898305084745763,mean_change,MC_PRECISION_MET,success_conditional_descriptive_resampling_range_not_population_CI,0,VAS,200000,False,completion,finite_changes_summary.json,-0.7540983606557377,-0.0327868852459016,,,,,,,,,,,,,,,,,,,,,,,,,,0.01,19.0,2.0,59.0,17.0,,,,
0.0,200000,1.0,6.868131868131868e-05,0.0,median_change,MC_PRECISION_MET,success_conditional_descriptive_resampling_range_not_population_CI,0,VAS,200000,False,completion,finite_changes_summary.json,-1.0,0.0,,,,,,,,,,,,,,,,,,,,,,,,,,0.01,19.0,2.0,59.0,17.0,,,,
0.0023089355806972,200000,0.360655737704918,6.868131868131868e-05,-0.1949152542372881,mean_rate,MC_PRECISION_MET,success_conditional_descriptive_resampling_range_not_population_CI,0,VAS/minute,200000,False,completion,finite_changes_summary.json,-0.3770491803278688,-0.0163934426229508,,,,,,,,,,,,,,,,,,,,,,,,,,0.01,19.0,2.0,59.0,17.0,,,,
0.0,200000,0.5,6.868131868131868e-05,0.0,median_rate,MC_PRECISION_MET,success_conditional_descriptive_resampling_range_not_population_CI,0,VAS/minute,200000,False,completion,finite_changes_summary.json,-0.5,0.0,,,,,,,,,,,,,,,,,,,,,,,,,,0.01,19.0,2.0,59.0,17.0,,,,
0.0021943573667711,200000,0.1986013986013985,6.868131868131868e-05,0.1864406779661017,rise_proportion,MC_PRECISION_INSUFFICIENT,success_conditional_descriptive_resampling_range_not_population_CI,0,proportion,200000,False,completion,finite_changes_summary.json,0.0923076923076923,0.2909090909090909,,,,,,,,,,,,,,,,,,,,,,,,,,0.002,19.0,2.0,59.0,17.0,,,,
0.0022246941045606,200000,0.2524314765694075,6.868131868131868e-05,0.4067796610169492,fall_proportion,MC_PRECISION_INSUFFICIENT,success_conditional_descriptive_resampling_range_not_population_CI,0,proportion,200000,False,completion,finite_changes_summary.json,0.282051282051282,0.5344827586206896,,,,,,,,,,,,,,,,,,,,,,,,,,0.002,19.0,2.0,59.0,17.0,,,,
0.0016431924882628,200000,0.2527926177756192,6.868131868131868e-05,0.4067796610169492,unchanged_proportion,MC_PRECISION_MET,success_conditional_descriptive_resampling_range_not_population_CI,0,proportion,200000,False,completion,finite_changes_summary.json,0.2816901408450704,0.5344827586206896,,,,,,,,,,,,,,,,,,,,,,,,,,0.002,19.0,2.0,59.0,17.0,,,,
0.0070372976776917,200000,0.6372413793103449,6.868131868131868e-05,-0.1964285714285714,mean_change,MC_PRECISION_MET,success_conditional_descriptive_resampling_range_not_population_CI,0,VAS,200000,False,completion,finite_changes_summary.json,-0.5172413793103449,0.12,,,,,,,,,,,,,,,,,,,,,,,,,,0.01,20.0,2.0,56.0,18.0,,,,
0.0,200000,1.0,6.868131868131868e-05,0.0,median_change,MC_PRECISION_MET,success_conditional_descriptive_resampling_range_not_population_CI,0,VAS,200000,False,completion,finite_changes_summary.json,-1.0,0.0,,,,,,,,,,,,,,,,,,,,,,,,,,0.01,20.0,2.0,56.0,18.0,,,,
0.0035186488388458,200000,0.3186206896551724,6.868131868131868e-05,-0.0982142857142857,mean_rate,MC_PRECISION_MET,success_conditional_descriptive_resampling_range_not_population_CI,0,VAS/minute,200000,False,completion,finite_changes_summary.json,-0.2586206896551724,0.06,,,,,,,,,,,,,,,,,,,,,,,,,,0.01,20.0,2.0,56.0,18.0,,,,
0.0,200000,0.5,6.868131868131868e-05,0.0,median_rate,MC_PRECISION_MET,success_conditional_descriptive_resampling_range_not_population_CI,0,VAS/minute,200000,False,completion,finite_changes_summary.json,-0.5,0.0,,,,,,,,,,,,,,,,,,,,,,,,,,0.01,20.0,2.0,56.0,18.0,,,,
0.0017921146953405,200000,0.2337164750957854,6.868131868131868e-05,0.2678571428571428,rise_proportion,MC_PRECISION_MET,success_conditional_descriptive_resampling_range_not_population_CI,0,proportion,200000,False,completion,finite_changes_summary.json,0.1551724137931034,0.3888888888888889,,,,,,,,,,,,,,,,,,,,,,,,,,0.002,20.0,2.0,56.0,18.0,,,,
0.0074626865671642,200000,0.2574626865671642,6.868131868131868e-05,0.375,fall_proportion,MC_PRECISION_INSUFFICIENT,success_conditional_descriptive_resampling_range_not_population_CI,0,proportion,200000,False,completion,finite_changes_summary.json,0.25,0.5074626865671642,,,,,,,,,,,,,,,,,,,,,,,,,,0.002,20.0,2.0,56.0,18.0,,,,
0.0045011252813202,200000,0.2550387596899224,6.868131868131868e-05,0.3571428571428571,unchanged_proportion,MC_PRECISION_INSUFFICIENT,success_conditional_descriptive_resampling_range_not_population_CI,0,proportion,200000,False,completion,finite_changes_summary.json,0.2333333333333333,0.4883720930232558,,,,,,,,,,,,,,,,,,,,,,,,,,0.002,20.0,2.0,56.0,18.0,,,,
0.0046948356807512,200000,0.7417840375586855,6.868131868131868e-05,1.0047169811320755,mean_change,MC_PRECISION_MET,success_conditional_descriptive_resampling_range_not_population_CI,0,VAS,200000,False,completion,finite_changes_summary.json,0.6338028169014085,1.375586854460094,,,,,,,,,,,,,,,,,,,,,,,,,,0.01,6.0,5.0,212.0,1.0,,,,
0.0,200000,0.0,6.868131868131868e-05,1.0,median_change,MC_PRECISION_MET,success_conditional_descriptive_resampling_range_not_population_CI,0,VAS,200000,True,completion,finite_changes_summary.json,1.0,1.0,,,,,,,,,,,,,,,,,,,,,,,,,,0.01,6.0,5.0,212.0,1.0,,,,
0.0009389671361502,200000,0.1483568075117371,6.868131868131868e-05,0.2009433962264151,mean_rate,MC_PRECISION_MET,success_conditional_descriptive_resampling_range_not_population_CI,0,VAS/minute,200000,False,completion,finite_changes_summary.json,0.1267605633802817,0.2751173708920188,,,,,,,,,,,,,,,,,,,,,,,,,,0.01,6.0,5.0,212.0,1.0,,,,
0.0,200000,0.0,6.868131868131868e-05,0.2,median_rate,MC_PRECISION_MET,success_conditional_descriptive_resampling_range_not_population_CI,0,VAS/minute,200000,True,completion,finite_changes_summary.json,0.2,0.2,,,,,,,,,,,,,,,,,,,,,,,,,,0.01,6.0,5.0,212.0,1.0,,,,
0.0015429377534826,200000,0.1320754716981131,6.868131868131868e-05,0.5990566037735849,rise_proportion,MC_PRECISION_MET,success_conditional_descriptive_resampling_range_not_population_CI,0,proportion,200000,False,completion,finite_changes_summary.json,0.5330188679245284,0.6650943396226415,,,,,,,,,,,,,,,,,,,,,,,,,,0.002,6.0,5.0,212.0,1.0,,,,
0.0011125945705385,200000,0.1170355466130114,6.868131868131868e-05,0.25,fall_proportion,MC_PRECISION_MET,success_conditional_descriptive_resampling_range_not_population_CI,0,proportion,200000,False,completion,finite_changes_summary.json,0.1924882629107981,0.3095238095238095,,,,,,,,,,,,,,,,,,,,,,,,,,0.002,6.0,5.0,212.0,1.0,,,,
0.0009345794392523,200000,0.0971609945335919,6.868131868131868e-05,0.1509433962264151,unchanged_proportion,MC_PRECISION_MET,success_conditional_descriptive_resampling_range_not_population_CI,0,proportion,200000,False,completion,finite_changes_summary.json,0.1037735849056603,0.2009345794392523,,,,,,,,,,,,,,,,,,,,,,,,,,0.002,6.0,5.0,212.0,1.0,,,,
0.0047619047619047,200000,0.7050301810865192,6.868131868131868e-05,-0.0379146919431279,mean_change,MC_PRECISION_MET,success_conditional_descriptive_resampling_range_not_population_CI,0,VAS,200000,False,completion,finite_changes_summary.json,-0.3904761904761905,0.3145539906103286,,,,,,,,,,,,,,,,,,,,,,,,,,0.01,7.0,5.0,211.0,2.0,,,,
0.0,200000,0.0,6.868131868131868e-05,0.0,median_change,MC_PRECISION_MET,success_conditional_descriptive_resampling_range_not_population_CI,0,VAS,200000,True,completion,finite_changes_summary.json,0.0,0.0,,,,,,,,,,,,,,,,,,,,,,,,,,0.01,7.0,5.0,211.0,2.0,,,,
0.0009523809523809,200000,0.1410060362173038,6.868131868131868e-05,-0.0075829383886255,mean_rate,MC_PRECISION_MET,success_conditional_descriptive_resampling_range_not_population_CI,0,VAS/minute,200000,False,completion,finite_changes_summary.json,-0.078095238095238,0.0629107981220657,,,,,,,,,,,,,,,,,,,,,,,,,,0.01,7.0,5.0,211.0,2.0,,,,
0.0,200000,0.0,6.868131868131868e-05,0.0,median_rate,MC_PRECISION_MET,success_conditional_descriptive_resampling_range_not_population_CI,0,VAS/minute,200000,True,completion,finite_changes_summary.json,0.0,0.0,,,,,,,,,,,,,,,,,,,,,,,,,,0.01,7.0,5.0,211.0,2.0,,,,
0.0021217045864933,200000,0.1328126738312974,6.868131868131868e-05,0.4218009478672986,rise_proportion,MC_PRECISION_INSUFFICIENT,success_conditional_descriptive_resampling_range_not_population_CI,0,proportion,200000,False,completion,finite_changes_summary.json,0.3554502369668246,0.488262910798122,,,,,,,,,,,,,,,,,,,,,,,,,,0.002,7.0,5.0,211.0,2.0,,,,
0.0015352780188238,200000,0.1327014218009479,6.868131868131868e-05,0.4028436018957346,fall_proportion,MC_PRECISION_MET,success_conditional_descriptive_resampling_range_not_population_CI,0,proportion,200000,False,completion,finite_changes_summary.json,0.3364928909952606,0.4691943127962085,,,,,,,,,,,,,,,,,,,,,,,,,,0.002,7.0,5.0,211.0,2.0,,,,
0.0011682242990654,200000,0.1017387524451206,6.868131868131868e-05,0.1753554502369668,unchanged_proportion,MC_PRECISION_MET,success_conditional_descriptive_resampling_range_not_population_CI,0,proportion,200000,False,completion,finite_changes_summary.json,0.1261682242990654,0.227906976744186,,,,,,,,,,,,,,,,,,,,,,,,,,0.002,7.0,5.0,211.0,2.0,,,,
0.0048076923076922,200000,0.7039187227866474,6.868131868131868e-05,-0.4571428571428571,mean_change,MC_PRECISION_MET,success_conditional_descriptive_resampling_range_not_population_CI,0,VAS,200000,False,completion,finite_changes_summary.json,-0.8076923076923077,-0.1037735849056603,,,,,,,,,,,,,,,,,,,,,,,,,,0.01,8.0,5.0,210.0,3.0,,,,
0.0,200000,1.0,6.868131868131868e-05,0.0,median_change,MC_PRECISION_MET,success_conditional_descriptive_resampling_range_not_population_CI,0,VAS,200000,False,completion,finite_changes_summary.json,-1.0,0.0,,,,,,,,,,,,,,,,,,,,,,,,,,0.01,8.0,5.0,210.0,3.0,,,,
0.0009615384615384,200000,0.1407837445573294,6.868131868131868e-05,-0.0914285714285714,mean_rate,MC_PRECISION_MET,success_conditional_descriptive_resampling_range_not_population_CI,0,VAS/minute,200000,False,completion,finite_changes_summary.json,-0.1615384615384615,-0.020754716981132,,,,,,,,,,,,,,,,,,,,,,,,,,0.01,8.0,5.0,210.0,3.0,,,,
0.0,200000,0.2,6.868131868131868e-05,0.0,median_rate,MC_PRECISION_MET,success_conditional_descriptive_resampling_range_not_population_CI,0,VAS/minute,200000,False,completion,finite_changes_summary.json,-0.2,0.0,,,,,,,,,,,,,,,,,,,,,,,,,,0.01,8.0,5.0,210.0,3.0,,,,
0.0013089596027984,200000,0.1279620853080568,6.868131868131868e-05,0.3380952380952381,rise_proportion,MC_PRECISION_MET,success_conditional_descriptive_resampling_range_not_population_CI,0,proportion,200000,False,completion,finite_changes_summary.json,0.2748815165876777,0.4028436018957346,,,,,,,,,,,,,,,,,,,,,,,,,,0.002,8.0,5.0,210.0,3.0,,,,
0.0018108651911469,200000,0.136150234741784,6.868131868131868e-05,0.4714285714285714,fall_proportion,MC_PRECISION_MET,success_conditional_descriptive_resampling_range_not_population_CI,0,proportion,200000,False,completion,finite_changes_summary.json,0.4037558685446009,0.539906103286385,,,,,,,,,,,,,,,,,,,,,,,,,,0.002,8.0,5.0,210.0,3.0,,,,
0.0011515634688634,200000,0.1071877807726864,6.868131868131868e-05,0.1904761904761904,unchanged_proportion,MC_PRECISION_MET,success_conditional_descriptive_resampling_range_not_population_CI,0,proportion,200000,False,completion,finite_changes_summary.json,0.1380952380952381,0.2452830188679245,,,,,,,,,,,,,,,,,,,,,,,,,,0.002,8.0,5.0,210.0,3.0,,,,
0.004553544599311,200000,0.6229110325220164,6.868131868131868e-05,-0.7163461538461539,mean_change,MC_PRECISION_MET,success_conditional_descriptive_resampling_range_not_population_CI,0,VAS,200000,False,completion,finite_changes_summary.json,-1.0287081339712918,-0.4057971014492754,,,,,,,,,,,,,,,,,,,,,,,,,,0.01,9.0,5.0,208.0,4.0,,,,
0.0,200000,1.0,6.868131868131868e-05,-1.0,median_change,MC_PRECISION_MET,success_conditional_descriptive_resampling_range_not_population_CI,0,VAS,200000,False,completion,finite_changes_summary.json,-1.0,0.0,,,,,,,,,,,,,,,,,,,,,,,,,,0.01,9.0,5.0,208.0,4.0,,,,
0.0009107089198621,200000,0.1245822065044032,6.868131868131868e-05,-0.1432692307692307,mean_rate,MC_PRECISION_MET,success_conditional_descriptive_resampling_range_not_population_CI,0,VAS/minute,200000,False,completion,finite_changes_summary.json,-0.2057416267942583,-0.081159420289855,,,,,,,,,,,,,,,,,,,,,,,,,,0.01,9.0,5.0,208.0,4.0,,,,
0.0,200000,0.2,6.868131868131868e-05,-0.2,median_rate,MC_PRECISION_MET,success_conditional_descriptive_resampling_range_not_population_CI,0,VAS/minute,200000,False,completion,finite_changes_summary.json,-0.2,0.0,,,,,,,,,,,,,,,,,,,,,,,,,,0.01,9.0,5.0,208.0,4.0,,,,
0.0012362637362637,200000,0.1250517598343685,6.868131868131868e-05,0.3076923076923077,rise_proportion,MC_PRECISION_MET,success_conditional_descriptive_resampling_range_not_population_CI,0,proportion,200000,False,completion,finite_changes_summary.json,0.2463768115942029,0.3714285714285714,,,,,,,,,,,,,,,,,,,,,,,,,,0.002,9.0,5.0,208.0,4.0,,,,
0.0013343762941149,200000,0.1350354742345033,6.868131868131868e-05,0.5240384615384616,fall_proportion,MC_PRECISION_MET,success_conditional_descriptive_resampling_range_not_population_CI,0,proportion,200000,False,completion,finite_changes_summary.json,0.4563106796116505,0.5913461538461539,,,,,,,,,,,,,,,,,,,,,,,,,,0.002,9.0,5.0,208.0,4.0,,,,
0.0010581523739418,200000,0.1010480747322852,6.868131868131868e-05,0.1682692307692307,unchanged_proportion,MC_PRECISION_MET,success_conditional_descriptive_resampling_range_not_population_CI,0,proportion,200000,False,completion,finite_changes_summary.json,0.119047619047619,0.2200956937799043,,,,,,,,,,,,,,,,,,,,,,,,,,0.002,9.0,5.0,208.0,4.0,,,,
0.0046928916494133,200000,0.5701863354037268,6.868131868131868e-05,-0.7038834951456311,mean_change,MC_PRECISION_MET,success_conditional_descriptive_resampling_range_not_population_CI,0,VAS,200000,False,completion,finite_changes_summary.json,-0.9904761904761904,-0.4202898550724637,,,,,,,,,,,,,,,,,,,,,,,,,,0.01,10.0,5.0,206.0,5.0,,,,
0.0,200000,1.0,6.868131868131868e-05,0.0,median_change,MC_PRECISION_MET,success_conditional_descriptive_resampling_range_not_population_CI,0,VAS,200000,False,completion,finite_changes_summary.json,-1.0,0.0,,,,,,,,,,,,,,,,,,,,,,,,,,0.01,10.0,5.0,206.0,5.0,,,,
0.0009385783298826,200000,0.1140372670807453,6.868131868131868e-05,-0.1407766990291262,mean_rate,MC_PRECISION_MET,success_conditional_descriptive_resampling_range_not_population_CI,0,VAS/minute,200000,False,completion,finite_changes_summary.json,-0.1980952380952381,-0.0840579710144927,,,,,,,,,,,,,,,,,,,,,,,,,,0.01,10.0,5.0,206.0,5.0,,,,
0.0,200000,0.2,6.868131868131868e-05,0.0,median_rate,MC_PRECISION_MET,success_conditional_descriptive_resampling_range_not_population_CI,0,VAS/minute,200000,False,completion,finite_changes_summary.json,-0.2,0.0,,,,,,,,,,,,,,,,,,,,,,,,,,0.01,10.0,5.0,206.0,5.0,,,,
0.0009710117468738,200000,0.125156150564499,6.868131868131868e-05,0.2961165048543689,rise_proportion,MC_PRECISION_MET,success_conditional_descriptive_resampling_range_not_population_CI,0,proportion,200000,False,completion,finite_changes_summary.json,0.2344497607655502,0.3596059113300492,,,,,,,,,,,,,,,,,,,,,,,,,,0.002,10.0,5.0,206.0,5.0,,,,
0.0010573872921273,200000,0.1363364468780196,6.868131868131868e-05,0.4854368932038835,fall_proportion,MC_PRECISION_MET,success_conditional_descriptive_resampling_range_not_population_CI,0,proportion,200000,False,completion,finite_changes_summary.json,0.4170616113744075,0.5533980582524272,,,,,,,,,,,,,,,,,,,,,,,,,,0.002,10.0,5.0,206.0,5.0,,,,
0.0008281573498964,200000,0.1127289377289377,6.868131868131868e-05,0.2184466019417475,unchanged_proportion,MC_PRECISION_MET,success_conditional_descriptive_resampling_range_not_population_CI,0,proportion,200000,False,completion,finite_changes_summary.json,0.1634615384615384,0.2761904761904762,,,,,,,,,,,,,,,,,,,,,,,,,,0.002,10.0,5.0,206.0,5.0,,,,
0.0045351473922902,200000,0.5075106184605822,6.868131868131868e-05,-0.7268041237113402,mean_change,MC_PRECISION_MET,success_conditional_descriptive_resampling_range_not_population_CI,0,VAS,200000,False,completion,finite_changes_summary.json,-0.979591836734694,-0.4720812182741117,,,,,,,,,,,,,,,,,,,,,,,,,,0.01,11.0,5.0,194.0,6.0,,,,
0.0,200000,1.0,6.868131868131868e-05,-1.0,median_change,MC_PRECISION_MET,success_conditional_descriptive_resampling_range_not_population_CI,0,VAS,200000,False,completion,finite_changes_summary.json,-1.0,0.0,,,,,,,,,,,,,,,,,,,,,,,,,,0.01,11.0,5.0,194.0,6.0,,,,
0.000907029478458,200000,0.1015021236921164,6.868131868131868e-05,-0.145360824742268,mean_rate,MC_PRECISION_MET,success_conditional_descriptive_resampling_range_not_population_CI,0,VAS/minute,200000,False,completion,finite_changes_summary.json,-0.1959183673469387,-0.0944162436548223,,,,,,,,,,,,,,,,,,,,,,,,,,0.01,11.0,5.0,194.0,6.0,,,,
0.0,200000,0.2,6.868131868131868e-05,-0.2,median_rate,MC_PRECISION_MET,success_conditional_descriptive_resampling_range_not_population_CI,0,VAS/minute,200000,False,completion,finite_changes_summary.json,-0.2,0.0,,,,,,,,,,,,,,,,,,,,,,,,,,0.01,11.0,5.0,194.0,6.0,,,,
0.0014248704663212,200000,0.1243523316062176,6.868131868131868e-05,0.2628865979381443,rise_proportion,MC_PRECISION_MET,success_conditional_descriptive_resampling_range_not_population_CI,0,proportion,200000,False,completion,finite_changes_summary.json,0.2020725388601036,0.3264248704663212,,,,,,,,,,,,,,,,,,,,,,,,,,0.002,11.0,5.0,194.0,6.0,,,,
0.0011337868480725,200000,0.1406926406926407,6.868131868131868e-05,0.5309278350515464,fall_proportion,MC_PRECISION_MET,success_conditional_descriptive_resampling_range_not_population_CI,0,proportion,200000,False,completion,finite_changes_summary.json,0.4603174603174603,0.601010101010101,,,,,,,,,,,,,,,,,,,,,,,,,,0.002,11.0,5.0,194.0,6.0,,,,
0.0010574177857671,200000,0.1132070379965457,6.868131868131868e-05,0.2061855670103092,unchanged_proportion,MC_PRECISION_MET,success_conditional_descriptive_resampling_range_not_population_CI,0,proportion,200000,False,completion,finite_changes_summary.json,0.1510416666666666,0.2642487046632124,,,,,,,,,,,,,,,,,,,,,,,,,,0.002,11.0,5.0,194.0,6.0,,,,
0.003302456705598,200000,0.5119703825586178,6.868131868131868e-05,-0.6528497409326425,mean_change,MC_PRECISION_MET,success_conditional_descriptive_resampling_range_not_population_CI,0,VAS,200000,False,completion,finite_changes_summary.json,-0.9076923076923076,-0.3957219251336898,,,,,,,,,,,,,,,,,,,,,,,,,,0.01,12.0,5.0,193.0,7.0,,,,
0.0,200000,1.0,6.868131868131868e-05,-1.0,median_change,MC_PRECISION_MET,success_conditional_descriptive_resampling_range_not_population_CI,0,VAS,200000,False,completion,finite_changes_summary.json,-1.0,0.0,,,,,,,,,,,,,,,,,,,,,,,,,,0.01,12.0,5.0,193.0,7.0,,,,
0.0006604913411196,200000,0.1023940765117235,6.868131868131868e-05,-0.1305699481865285,mean_rate,MC_PRECISION_MET,success_conditional_descriptive_resampling_range_not_population_CI,0,VAS/minute,200000,False,completion,finite_changes_summary.json,-0.1815384615384615,-0.0791443850267379,,,,,,,,,,,,,,,,,,,,,,,,,,0.01,12.0,5.0,193.0,7.0,,,,
0.0,200000,0.2,6.868131868131868e-05,-0.2,median_rate,MC_PRECISION_MET,success_conditional_descriptive_resampling_range_not_population_CI,0,VAS/minute,200000,False,completion,finite_changes_summary.json,-0.2,0.0,,,,,,,,,,,,,,,,,,,,,,,,,,0.01,12.0,5.0,193.0,7.0,,,,
0.0010257489282238,200000,0.1201445596998455,6.868131868131868e-05,0.238341968911917,rise_proportion,MC_PRECISION_MET,success_conditional_descriptive_resampling_range_not_population_CI,0,proportion,200000,False,completion,finite_changes_summary.json,0.1793478260869565,0.299492385786802,,,,,,,,,,,,,,,,,,,,,,,,,,0.002,12.0,5.0,193.0,7.0,,,,
0.0015604337476857,200000,0.1403419716804702,6.868131868131868e-05,0.5492227979274611,fall_proportion,MC_PRECISION_MET,success_conditional_descriptive_resampling_range_not_population_CI,0,proportion,200000,False,completion,finite_changes_summary.json,0.4789473684210526,0.6192893401015228,,,,,,,,,,,,,,,,,,,,,,,,,,0.002,12.0,5.0,193.0,7.0,,,,
0.0009057971014492,200000,0.1154891304347826,6.868131868131868e-05,0.2124352331606217,unchanged_proportion,MC_PRECISION_MET,success_conditional_descriptive_resampling_range_not_population_CI,0,proportion,200000,False,completion,finite_changes_summary.json,0.15625,0.2717391304347826,,,,,,,,,,,,,,,,,,,,,,,,,,0.002,12.0,5.0,193.0,7.0,,,,
0.0043682795698924,200000,0.53125,6.868131868131868e-05,-0.7647058823529411,mean_change,MC_PRECISION_MET,success_conditional_descriptive_resampling_range_not_population_CI,0,VAS,200000,False,completion,finite_changes_summary.json,-1.03125,-0.5,,,,,,,,,,,,,,,,,,,,,,,,,,0.01,13.0,5.0,187.0,8.0,,,,
0.0,200000,1.0,6.868131868131868e-05,-1.0,median_change,MC_PRECISION_MET,success_conditional_descriptive_resampling_range_not_population_CI,0,VAS,200000,False,completion,finite_changes_summary.json,-1.0,0.0,,,,,,,,,,,,,,,,,,,,,,,,,,0.01,13.0,5.0,187.0,8.0,,,,
0.0008736559139784,200000,0.1062499999999999,6.868131868131868e-05,-0.1529411764705882,mean_rate,MC_PRECISION_MET,success_conditional_descriptive_resampling_range_not_population_CI,0,VAS/minute,200000,False,completion,finite_changes_summary.json,-0.20625,-0.1,,,,,,,,,,,,,,,,,,,,,,,,,,0.01,13.0,5.0,187.0,8.0,,,,
0.0,200000,0.2,6.868131868131868e-05,-0.2,median_rate,MC_PRECISION_MET,success_conditional_descriptive_resampling_range_not_population_CI,0,VAS/minute,200000,False,completion,finite_changes_summary.json,-0.2,0.0,,,,,,,,,,,,,,,,,,,,,,,,,,0.01,13.0,5.0,187.0,8.0,,,,
0.0011575350016536,200000,0.1117021276595744,6.868131868131868e-05,0.1871657754010695,rise_proportion,MC_PRECISION_MET,success_conditional_descriptive_resampling_range_not_population_CI,0,proportion,200000,False,completion,finite_changes_summary.json,0.1329787234042553,0.2446808510638297,,,,,,,,,,,,,,,,,,,,,,,,,,0.002,13.0,5.0,187.0,8.0,,,,
0.0020517395182872,200000,0.142958748221906,6.868131868131868e-05,0.5614973262032086,fall_proportion,MC_PRECISION_INSUFFICIENT,success_conditional_descriptive_resampling_range_not_population_CI,0,proportion,200000,False,completion,finite_changes_summary.json,0.4894736842105263,0.6324324324324324,,,,,,,,,,,,,,,,,,,,,,,,,,0.002,13.0,5.0,187.0,8.0,,,,
0.0010873398377806,200000,0.1244409365956327,6.868131868131868e-05,0.2513368983957219,unchanged_proportion,MC_PRECISION_MET,success_conditional_descriptive_resampling_range_not_population_CI,0,proportion,200000,False,completion,finite_changes_summary.json,0.1904761904761904,0.3149171270718232,,,,,,,,,,,,,,,,,,,,,,,,,,0.002,13.0,5.0,187.0,8.0,,,,
0.0051013818933229,200000,0.5913082784450471,6.868131868131868e-05,-0.7288135593220338,mean_change,MC_PRECISION_MET,success_conditional_descriptive_resampling_range_not_population_CI,0,VAS,200000,False,completion,finite_changes_summary.json,-1.0280898876404494,-0.4367816091954023,,,,,,,,,,,,,,,,,,,,,,,,,,0.01,14.0,5.0,177.0,9.0,,,,
0.0,200000,1.0,6.868131868131868e-05,-1.0,median_change,MC_PRECISION_MET,success_conditional_descriptive_resampling_range_not_population_CI,0,VAS,200000,False,completion,finite_changes_summary.json,-1.0,0.0,,,,,,,,,,,,,,,,,,,,,,,,,,0.01,14.0,5.0,177.0,9.0,,,,
0.0010202763786646,200000,0.1182616556890094,6.868131868131868e-05,-0.1457627118644067,mean_rate,MC_PRECISION_MET,success_conditional_descriptive_resampling_range_not_population_CI,0,VAS/minute,200000,False,completion,finite_changes_summary.json,-0.2056179775280898,-0.0873563218390804,,,,,,,,,,,,,,,,,,,,,,,,,,0.01,14.0,5.0,177.0,9.0,,,,
0.0,200000,0.2,6.868131868131868e-05,-0.2,median_rate,MC_PRECISION_MET,success_conditional_descriptive_resampling_range_not_population_CI,0,VAS/minute,200000,False,completion,finite_changes_summary.json,-0.2,0.0,,,,,,,,,,,,,,,,,,,,,,,,,,0.01,14.0,5.0,177.0,9.0,,,,
0.0009740259740259,200000,0.1247261774370208,6.868131868131868e-05,0.231638418079096,rise_proportion,MC_PRECISION_MET,success_conditional_descriptive_resampling_range_not_population_CI,0,proportion,200000,False,completion,finite_changes_summary.json,0.1704545454545454,0.2951807228915662,,,,,,,,,,,,,,,,,,,,,,,,,,0.002,14.0,5.0,177.0,9.0,,,,
0.0012590799031476,200000,0.1473123486682809,6.868131868131868e-05,0.536723163841808,fall_proportion,MC_PRECISION_MET,success_conditional_descriptive_resampling_range_not_population_CI,0,proportion,200000,False,completion,finite_changes_summary.json,0.4628571428571428,0.6101694915254238,,,,,,,,,,,,,,,,,,,,,,,,,,0.002,14.0,5.0,177.0,9.0,,,,
0.0008403361344537,200000,0.1248663101604278,6.868131868131868e-05,0.231638418079096,unchanged_proportion,MC_PRECISION_MET,success_conditional_descriptive_resampling_range_not_population_CI,0,proportion,200000,False,completion,finite_changes_summary.json,0.1705882352941176,0.2954545454545454,,,,,,,,,,,,,,,,,,,,,,,,,,0.002,14.0,5.0,177.0,9.0,,,,
0.0038767598449294,200000,0.6020015090743022,6.868131868131868e-05,-0.7619047619047619,mean_change,MC_PRECISION_MET,success_conditional_descriptive_resampling_range_not_population_CI,0,VAS,200000,False,completion,finite_changes_summary.json,-1.0650887573964498,-0.4630872483221476,,,,,,,,,,,,,,,,,,,,,,,,,,0.01,15.0,5.0,168.0,10.0,,,,
0.0,200000,1.0,6.868131868131868e-05,-1.0,median_change,MC_PRECISION_MET,success_conditional_descriptive_resampling_range_not_population_CI,0,VAS,200000,False,completion,finite_changes_summary.json,-1.0,0.0,,,,,,,,,,,,,,,,,,,,,,,,,,0.01,15.0,5.0,168.0,10.0,,,,
0.0007753519689858,200000,0.1204003018148604,6.868131868131868e-05,-0.1523809523809523,mean_rate,MC_PRECISION_MET,success_conditional_descriptive_resampling_range_not_population_CI,0,VAS/minute,200000,False,completion,finite_changes_summary.json,-0.2130177514792899,-0.0926174496644295,,,,,,,,,,,,,,,,,,,,,,,,,,0.01,15.0,5.0,168.0,10.0,,,,
0.0,200000,0.2,6.868131868131868e-05,-0.2,median_rate,MC_PRECISION_MET,success_conditional_descriptive_resampling_range_not_population_CI,0,VAS/minute,200000,False,completion,finite_changes_summary.json,-0.2,0.0,,,,,,,,,,,,,,,,,,,,,,,,,,0.01,15.0,5.0,168.0,10.0,,,,
0.0009709491999378,200000,0.1262749445676274,6.868131868131868e-05,0.2261904761904762,rise_proportion,MC_PRECISION_MET,success_conditional_descriptive_resampling_range_not_population_CI,0,proportion,200000,False,completion,finite_changes_summary.json,0.1646341463414634,0.2909090909090909,,,,,,,,,,,,,,,,,,,,,,,,,,0.002,15.0,5.0,168.0,10.0,,,,
0.0011413896418889,200000,0.1505087983542118,6.868131868131868e-05,0.5416666666666666,fall_proportion,MC_PRECISION_MET,success_conditional_descriptive_resampling_range_not_population_CI,0,proportion,200000,False,completion,finite_changes_summary.json,0.4662576687116564,0.6167664670658682,,,,,,,,,,,,,,,,,,,,,,,,,,0.002,15.0,5.0,168.0,10.0,,,,
0.0011074197120708,200000,0.1280284043441938,6.868131868131868e-05,0.2321428571428571,unchanged_proportion,MC_PRECISION_MET,success_conditional_descriptive_resampling_range_not_population_CI,0,proportion,200000,False,completion,finite_changes_summary.json,0.1695906432748538,0.2976190476190476,,,,,,,,,,,,,,,,,,,,,,,,,,0.002,15.0,5.0,168.0,10.0,,,,
0.0046487603305784,200000,0.7378512396694215,6.868131868131868e-05,-0.6854838709677419,mean_change,MC_PRECISION_MET,success_conditional_descriptive_resampling_range_not_population_CI,0,VAS,200000,False,completion,finite_changes_summary.json,-1.0578512396694215,-0.32,,,,,,,,,,,,,,,,,,,,,,,,,,0.01,16.0,5.0,124.0,11.0,,,,
0.0,200000,1.0,6.868131868131868e-05,0.0,median_change,MC_PRECISION_MET,success_conditional_descriptive_resampling_range_not_population_CI,0,VAS,200000,False,completion,finite_changes_summary.json,-1.0,0.0,,,,,,,,,,,,,,,,,,,,,,,,,,0.01,16.0,5.0,124.0,11.0,,,,
0.0009297520661157,200000,0.1475702479338843,6.868131868131868e-05,-0.1370967741935483,mean_rate,MC_PRECISION_MET,success_conditional_descriptive_resampling_range_not_population_CI,0,VAS/minute,200000,False,completion,finite_changes_summary.json,-0.2115702479338843,-0.064,,,,,,,,,,,,,,,,,,,,,,,,,,0.01,16.0,5.0,124.0,11.0,,,,
0.0,200000,0.2,6.868131868131868e-05,0.0,median_rate,MC_PRECISION_MET,success_conditional_descriptive_resampling_range_not_population_CI,0,VAS/minute,200000,False,completion,finite_changes_summary.json,-0.2,0.0,,,,,,,,,,,,,,,,,,,,,,,,,,0.01,16.0,5.0,124.0,11.0,,,,
0.0012132457893234,200000,0.151530538227187,6.868131868131868e-05,0.2419354838709677,rise_proportion,MC_PRECISION_MET,success_conditional_descriptive_resampling_range_not_population_CI,0,proportion,200000,False,completion,finite_changes_summary.json,0.168141592920354,0.319672131147541,,,,,,,,,,,,,,,,,,,,,,,,,,0.002,16.0,5.0,124.0,11.0,,,,
0.0013329778725673,200000,0.1756728120364484,6.868131868131868e-05,0.4758064516129032,fall_proportion,MC_PRECISION_MET,success_conditional_descriptive_resampling_range_not_population_CI,0,proportion,200000,False,completion,finite_changes_summary.json,0.3884297520661157,0.5641025641025641,,,,,,,,,,,,,,,,,,,,,,,,,,0.002,16.0,5.0,124.0,11.0,,,,
0.0014378594648661,200000,0.1581788163576327,6.868131868131868e-05,0.282258064516129,unchanged_proportion,MC_PRECISION_MET,success_conditional_descriptive_resampling_range_not_population_CI,0,proportion,200000,False,completion,finite_changes_summary.json,0.2047244094488189,0.3629032258064516,,,,,,,,,,,,,,,,,,,,,,,,,,0.002,16.0,5.0,124.0,11.0,,,,
0.0098106712564544,200000,0.8072289156626506,6.868131868131868e-05,-0.573170731707317,mean_change,MC_PRECISION_MET,success_conditional_descriptive_resampling_range_not_population_CI,0,VAS,200000,False,completion,finite_changes_summary.json,-0.9759036144578314,-0.1686746987951807,,,,,,,,,,,,,,,,,,,,,,,,,,0.01,17.0,5.0,82.0,12.0,,,,
0.0,200000,1.0,6.868131868131868e-05,-1.0,median_change,MC_PRECISION_MET,success_conditional_descriptive_resampling_range_not_population_CI,0,VAS,200000,False,completion,finite_changes_summary.json,-1.0,0.0,,,,,,,,,,,,,,,,,,,,,,,,,,0.01,17.0,5.0,82.0,12.0,,,,
0.0019621342512908,200000,0.1614457831325301,6.868131868131868e-05,-0.1146341463414634,mean_rate,MC_PRECISION_MET,success_conditional_descriptive_resampling_range_not_population_CI,0,VAS/minute,200000,False,completion,finite_changes_summary.json,-0.1951807228915662,-0.0337349397590361,,,,,,,,,,,,,,,,,,,,,,,,,,0.01,17.0,5.0,82.0,12.0,,,,
0.0,200000,0.2,6.868131868131868e-05,-0.2,median_rate,MC_PRECISION_MET,success_conditional_descriptive_resampling_range_not_population_CI,0,VAS/minute,200000,False,completion,finite_changes_summary.json,-0.2,0.0,,,,,,,,,,,,,,,,,,,,,,,,,,0.01,17.0,5.0,82.0,12.0,,,,
0.0031857279388339,200000,0.1827242524916943,6.868131868131868e-05,0.2317073170731707,rise_proportion,MC_PRECISION_INSUFFICIENT,success_conditional_descriptive_resampling_range_not_population_CI,0,proportion,200000,False,completion,finite_changes_summary.json,0.1428571428571428,0.3255813953488372,,,,,,,,,,,,,,,,,,,,,,,,,,0.002,17.0,5.0,82.0,12.0,,,,
0.0011497556769186,200000,0.2170686456400742,6.868131868131868e-05,0.524390243902439,fall_proportion,MC_PRECISION_MET,success_conditional_descriptive_resampling_range_not_population_CI,0,proportion,200000,False,completion,finite_changes_summary.json,0.4155844155844156,0.6326530612244898,,,,,,,,,,,,,,,,,,,,,,,,,,0.002,17.0,5.0,82.0,12.0,,,,
0.0028215028215028,200000,0.1877181641887524,6.868131868131868e-05,0.2439024390243902,unchanged_proportion,MC_PRECISION_INSUFFICIENT,success_conditional_descriptive_resampling_range_not_population_CI,0,proportion,200000,False,completion,finite_changes_summary.json,0.1529411764705882,0.3406593406593406,,,,,,,,,,,,,,,,,,,,,,,,,,0.002,17.0,5.0,82.0,12.0,,,,
0.0054905705418954,200000,0.8848384424192212,6.868131868131868e-05,-0.5072463768115942,mean_change,MC_PRECISION_MET,success_conditional_descriptive_resampling_range_not_population_CI,0,VAS,200000,False,completion,finite_changes_summary.json,-0.9411764705882352,-0.056338028169014,,,,,,,,,,,,,,,,,,,,,,,,,,0.01,18.0,5.0,69.0,13.0,,,,
0.0,200000,1.0,6.868131868131868e-05,-1.0,median_change,MC_PRECISION_MET,success_conditional_descriptive_resampling_range_not_population_CI,0,VAS,200000,False,completion,finite_changes_summary.json,-1.0,0.0,,,,,,,,,,,,,,,,,,,,,,,,,,0.01,18.0,5.0,69.0,13.0,,,,
0.001098114108379,200000,0.1769676884838442,6.868131868131868e-05,-0.1014492753623188,mean_rate,MC_PRECISION_MET,success_conditional_descriptive_resampling_range_not_population_CI,0,VAS/minute,200000,False,completion,finite_changes_summary.json,-0.188235294117647,-0.0112676056338028,,,,,,,,,,,,,,,,,,,,,,,,,,0.01,18.0,5.0,69.0,13.0,,,,
0.0,200000,0.2,6.868131868131868e-05,-0.2,median_rate,MC_PRECISION_MET,success_conditional_descriptive_resampling_range_not_population_CI,0,VAS/minute,200000,False,completion,finite_changes_summary.json,-0.2,0.0,,,,,,,,,,,,,,,,,,,,,,,,,,0.01,18.0,5.0,69.0,13.0,,,,
0.0017334777898158,200000,0.2045716924497806,6.868131868131868e-05,0.2463768115942029,rise_proportion,MC_PRECISION_MET,success_conditional_descriptive_resampling_range_not_population_CI,0,proportion,200000,False,completion,finite_changes_summary.json,0.1475409836065573,0.352112676056338,,,,,,,,,,,,,,,,,,,,,,,,,,0.002,18.0,5.0,69.0,13.0,,,,
0.0043859649122807,200000,0.2356321839080459,6.868131868131868e-05,0.5507246376811594,fall_proportion,MC_PRECISION_INSUFFICIENT,success_conditional_descriptive_resampling_range_not_population_CI,0,proportion,200000,False,completion,finite_changes_summary.json,0.4310344827586206,0.6666666666666666,,,,,,,,,,,,,,,,,,,,,,,,,,0.002,18.0,5.0,69.0,13.0,,,,
0.0014839940640237,200000,0.1893867924528302,6.868131868131868e-05,0.2028985507246377,unchanged_proportion,MC_PRECISION_MET,success_conditional_descriptive_resampling_range_not_population_CI,0,proportion,200000,False,completion,finite_changes_summary.json,0.1125,0.3018867924528302,,,,,,,,,,,,,,,,,,,,,,,,,,0.002,18.0,5.0,69.0,13.0,,,,
0.0079365079365079,200000,0.9393939393939394,6.868131868131868e-05,-0.6949152542372882,mean_change,MC_PRECISION_MET,success_conditional_descriptive_resampling_range_not_population_CI,0,VAS,200000,False,completion,finite_changes_summary.json,-1.1666666666666667,-0.2272727272727272,,,,,,,,,,,,,,,,,,,,,,,,,,0.01,19.0,5.0,59.0,14.0,,,,
0.0,200000,1.0,6.868131868131868e-05,-1.0,median_change,MC_PRECISION_MET,success_conditional_descriptive_resampling_range_not_population_CI,0,VAS,200000,False,completion,finite_changes_summary.json,-1.0,0.0,,,,,,,,,,,,,,,,,,,,,,,,,,0.01,19.0,5.0,59.0,14.0,,,,
0.0015873015873015,200000,0.1878787878787878,6.868131868131868e-05,-0.1389830508474576,mean_rate,MC_PRECISION_MET,success_conditional_descriptive_resampling_range_not_population_CI,0,VAS/minute,200000,False,completion,finite_changes_summary.json,-0.2333333333333333,-0.0454545454545454,,,,,,,,,,,,,,,,,,,,,,,,,,0.01,19.0,5.0,59.0,14.0,,,,
0.0,200000,0.2,6.868131868131868e-05,-0.2,median_rate,MC_PRECISION_MET,success_conditional_descriptive_resampling_range_not_population_CI,0,VAS/minute,200000,False,completion,finite_changes_summary.json,-0.2,0.0,,,,,,,,,,,,,,,,,,,,,,,,,,0.01,19.0,5.0,59.0,14.0,,,,
0.0012578616352201,200000,0.2188017212843429,6.868131868131868e-05,0.2372881355932203,rise_proportion,MC_PRECISION_MET,success_conditional_descriptive_resampling_range_not_population_CI,0,proportion,200000,False,completion,finite_changes_summary.json,0.1320754716981132,0.3508771929824561,,,,,,,,,,,,,,,,,,,,,,,,,,0.002,19.0,5.0,59.0,14.0,,,,
0.0021978021978022,200000,0.2555052790346908,6.868131868131868e-05,0.559322033898305,fall_proportion,MC_PRECISION_INSUFFICIENT,success_conditional_descriptive_resampling_range_not_population_CI,0,proportion,200000,False,completion,finite_changes_summary.json,0.4307692307692308,0.6862745098039216,,,,,,,,,,,,,,,,,,,,,,,,,,0.002,19.0,5.0,59.0,14.0,,,,
0.0019574259848299,200000,0.2062122519413287,6.868131868131868e-05,0.2033898305084746,unchanged_proportion,MC_PRECISION_MET,success_conditional_descriptive_resampling_range_not_population_CI,0,proportion,200000,False,completion,finite_changes_summary.json,0.1052631578947368,0.3114754098360656,,,,,,,,,,,,,,,,,,,,,,,,,,0.002,19.0,5.0,59.0,14.0,,,,
0.0075757575757575,200000,1.1666666666666667,6.868131868131868e-05,-0.5892857142857143,mean_change,MC_PRECISION_MET,success_conditional_descriptive_resampling_range_not_population_CI,0,VAS,200000,False,completion,finite_changes_summary.json,-1.1666666666666667,0.0,,,,,,,,,,,,,,,,,,,,,,,,,,0.01,20.0,5.0,56.0,15.0,,,,
0.0,200000,1.0,6.868131868131868e-05,-1.0,median_change,MC_PRECISION_MET,success_conditional_descriptive_resampling_range_not_population_CI,0,VAS,200000,False,completion,finite_changes_summary.json,-1.0,0.0,,,,,,,,,,,,,,,,,,,,,,,,,,0.01,20.0,5.0,56.0,15.0,,,,
0.0015151515151514,200000,0.2333333333333333,6.868131868131868e-05,-0.1178571428571428,mean_rate,MC_PRECISION_MET,success_conditional_descriptive_resampling_range_not_population_CI,0,VAS/minute,200000,False,completion,finite_changes_summary.json,-0.2333333333333333,0.0,,,,,,,,,,,,,,,,,,,,,,,,,,0.01,20.0,5.0,56.0,15.0,,,,
0.0,200000,0.2,6.868131868131868e-05,-0.2,median_rate,MC_PRECISION_MET,success_conditional_descriptive_resampling_range_not_population_CI,0,VAS/minute,200000,False,completion,finite_changes_summary.json,-0.2,0.0,,,,,,,,,,,,,,,,,,,,,,,,,,0.01,20.0,5.0,56.0,15.0,,,,
0.0018853695324283,200000,0.2080832332933173,6.868131868131868e-05,0.1964285714285714,rise_proportion,MC_PRECISION_MET,success_conditional_descriptive_resampling_range_not_population_CI,0,proportion,200000,False,completion,finite_changes_summary.json,0.0980392156862745,0.3061224489795918,,,,,,,,,,,,,,,,,,,,,,,,,,0.002,20.0,5.0,56.0,15.0,,,,
0.0020242914979757,200000,0.262280701754386,6.868131868131868e-05,0.5535714285714286,fall_proportion,MC_PRECISION_INSUFFICIENT,success_conditional_descriptive_resampling_range_not_population_CI,0,proportion,200000,False,completion,finite_changes_summary.json,0.4210526315789473,0.6833333333333333,,,,,,,,,,,,,,,,,,,,,,,,,,0.002,20.0,5.0,56.0,15.0,,,,
0.0020689655172413,200000,0.2284210526315789,6.868131868131868e-05,0.25,unchanged_proportion,MC_PRECISION_INSUFFICIENT,success_conditional_descriptive_resampling_range_not_population_CI,0,proportion,200000,False,completion,finite_changes_summary.json,0.14,0.3684210526315789,,,,,,,,,,,,,,,,,,,,,,,,,,0.002,20.0,5.0,56.0,15.0,,,,
0.001541434684581,200000,0.1324066305358398,0.0001798561151079,0.4019138755980861,,MC_PRECISION_MET,success_conditional_descriptive_resampling_range_not_population_CI,0,proportion,200000,False,completion,symptoms_summary.json,0.3364928909952606,0.4688995215311005,,,,,,,,,,,,,,,,,,,,,,,,,,0.002,,,,,A,209.0,symptom,abdominal pain
0.0008430166324903,200000,0.0904761904761904,0.0001798561151079,0.1291866028708134,,MC_PRECISION_MET,success_conditional_descriptive_resampling_range_not_population_CI,0,proportion,200000,False,completion,symptoms_summary.json,0.0857142857142857,0.1761904761904762,,,,,,,,,,,,,,,,,,,,,,,,,,0.002,,,,,B,209.0,symptom,bloating
0.0015050430172742,200000,0.1191146881287725,0.0001798561151079,0.7320574162679426,,MC_PRECISION_MET,success_conditional_descriptive_resampling_range_not_population_CI,0,proportion,200000,False,completion,symptoms_summary.json,0.6713615023474179,0.7904761904761904,,,,,,,,,,,,,,,,,,,,,,,,,,0.002,,,,,C,209.0,symptom,abdominal distension
0.0005806391675956,200000,0.0727989427633977,0.0001798561151079,0.0813397129186602,,MC_PRECISION_MET,success_conditional_descriptive_resampling_range_not_population_CI,0,proportion,200000,False,completion,symptoms_summary.json,0.0473933649289099,0.1201923076923077,,,,,,,,,,,,,,,,,,,,,,,,,,0.002,,,,,D,209.0,symptom,heartburn
0.0011732229123533,200000,0.1076670596121397,0.0001798561151079,0.1961722488038277,,MC_PRECISION_MET,success_conditional_descriptive_resampling_range_not_population_CI,0,proportion,200000,False,completion,symptoms_summary.json,0.1435406698564593,0.251207729468599,,,,,,,,,,,,,,,,,,,,,,,,,,0.002,,,,,E,209.0,symptom,acid regurgitation
0.0006968641114982,200000,0.0893919943984129,0.0001798561151079,0.124401913875598,,MC_PRECISION_MET,success_conditional_descriptive_resampling_range_not_population_CI,0,proportion,200000,False,completion,symptoms_summary.json,0.0813397129186602,0.1707317073170731,,,,,,,,,,,,,,,,,,,,,,,,,,0.002,,,,,F,209.0,symptom,belching
0.0015193088278646,200000,0.132451983038164,0.0001798561151079,0.4066985645933014,,MC_PRECISION_MET,success_conditional_descriptive_resampling_range_not_population_CI,0,proportion,200000,False,completion,symptoms_summary.json,0.3412322274881517,0.4736842105263157,,,,,,,,,,,,,,,,,,,,,,,,,,0.002,,,,,G,209.0,symptom,nausea
0.0012137867857551,200000,0.0936032863849765,0.0001798561151079,0.138755980861244,,MC_PRECISION_MET,success_conditional_descriptive_resampling_range_not_population_CI,0,proportion,200000,False,completion,symptoms_summary.json,0.0938967136150234,0.1875,,,,,,,,,,,,,,,,,,,,,,,,,,0.002,,,,,H,209.0,symptom,vomiting
0.0004645113340765,200000,0.0635994895633944,0.0001798561151079,0.062200956937799,,MC_PRECISION_MET,success_conditional_descriptive_resampling_range_not_population_CI,0,proportion,200000,False,completion,symptoms_summary.json,0.0330188679245283,0.0966183574879227,,,,,,,,,,,,,,,,,,,,,,,,,,0.002,,,,,I,209.0,symptom,loss of appetite
0.0005750828119249,200000,0.0727989427633977,0.0001798561151079,0.0813397129186602,,MC_PRECISION_MET,success_conditional_descriptive_resampling_range_not_population_CI,0,proportion,200000,False,completion,symptoms_summary.json,0.0473933649289099,0.1201923076923077,,,,,,,,,,,,,,,,,,,,,,,,,,0.002,,,,,J,209.0,symptom,tenesmus
0.0008741258741258,200000,0.0917707884532529,0.0001798561151079,0.1339712918660287,,MC_PRECISION_MET,success_conditional_descriptive_resampling_range_not_population_CI,0,proportion,200000,False,completion,symptoms_summary.json,0.0900473933649289,0.1818181818181818,,,,,,,,,,,,,,,,,,,,,,,,,,0.002,,,,,K,209.0,symptom,palpitations
0.0008430166324903,200000,0.0904761904761904,0.0001798561151079,0.1291866028708134,,MC_PRECISION_MET,success_conditional_descriptive_resampling_range_not_population_CI,0,proportion,200000,False,completion,symptoms_summary.json,0.0857142857142857,0.1761904761904762,,,,,,,,,,,,,,,,,,,,,,,,,,0.002,,,,,L,209.0,symptom,irritability
0.0001161278335191,200000,0.0240384615384615,0.0001798561151079,0.0095693779904306,,MC_PRECISION_MET,success_conditional_descriptive_resampling_range_not_population_CI,0,proportion,200000,False,completion,symptoms_summary.json,0.0,0.0240384615384615,,,,,,,,,,,,,,,,,,,,,,,,,,0.002,,,,,1,209.0,region,epigastrium
0.0009389671361502,200000,0.1276324614352783,0.0001798561151079,0.6650717703349283,,MC_PRECISION_MET,success_conditional_descriptive_resampling_range_not_population_CI,0,proportion,200000,False,completion,symptoms_summary.json,0.6009389671361502,0.7285714285714285,,,,,,,,,,,,,,,,,,,,,,,,,,0.002,,,,,2,209.0,region,right hypochondrium
0.0008825715347454,200000,0.1153846153846153,0.0001798561151079,0.2392344497607655,,MC_PRECISION_MET,success_conditional_descriptive_resampling_range_not_population_CI,0,proportion,200000,False,completion,symptoms_summary.json,0.1826923076923076,0.2980769230769231,,,,,,,,,,,,,,,,,,,,,,,,,,0.002,,,,,3,209.0,region,left hypochondrium
0.0001161278335191,200000,0.0240384615384615,0.0001798561151079,0.0095693779904306,,MC_PRECISION_MET,success_conditional_descriptive_resampling_range_not_population_CI,0,proportion,200000,False,completion,symptoms_summary.json,0.0,0.0240384615384615,,,,,,,,,,,,,,,,,,,,,,,,,,0.002,,,,,4,209.0,region,umbilical
0.0022067363530777,200000,0.1346755637367694,0.0001798561151079,0.4401913875598086,,MC_PRECISION_INSUFFICIENT,success_conditional_descriptive_resampling_range_not_population_CI,0,proportion,200000,False,completion,symptoms_summary.json,0.3726415094339622,0.5073170731707317,,,,,,,,,,,,,,,,,,,,,,,,,,0.002,,,,,5,209.0,region,hypogastrium
0.0010351966873706,200000,0.1095238095238095,0.0001798561151079,0.2057416267942583,,MC_PRECISION_MET,success_conditional_descriptive_resampling_range_not_population_CI,0,proportion,200000,False,completion,symptoms_summary.json,0.1523809523809524,0.2619047619047619,,,,,,,,,,,,,,,,,,,,,,,,,,0.002,,,,,6,209.0,region,right lumbar
0.0001161278335191,200000,0.0240384615384615,0.0001798561151079,0.0095693779904306,,MC_PRECISION_MET,success_conditional_descriptive_resampling_range_not_population_CI,0,proportion,200000,False,completion,symptoms_summary.json,0.0,0.0240384615384615,,,,,,,,,,,,,,,,,,,,,,,,,,0.002,,,,,7,209.0,region,left lumbar
0.0022110781855482,200000,0.0510389256873241,0.0001798561151079,0.0334928229665071,,MC_PRECISION_INSUFFICIENT,success_conditional_descriptive_resampling_range_not_population_CI,0,proportion,200000,False,completion,symptoms_summary.json,0.0097087378640776,0.0607476635514018,,,,,,,,,,,,,,,,,,,,,,,,,,0.002,,,,,8,209.0,region,right inguinal
0.0002256826901376,200000,0.0428343586238323,0.0001798561151079,0.0239234449760765,,MC_PRECISION_MET,success_conditional_descriptive_resampling_range_not_population_CI,0,proportion,200000,False,completion,symptoms_summary.json,0.0047846889952153,0.0476190476190476,,,,,,,,,,,,,,,,,,,,,,,,,,0.002,,,,,9,209.0,region,left inguinal
0.0,200000,0.0,0.0001798561151079,0.0,,MC_PRECISION_MET,success_conditional_descriptive_resampling_range_not_population_CI,0,proportion,200000,True,completion,symptoms_summary.json,0.0,0.0,,,,,,,,,,,,,,,,,,,,,,,,,,0.002,,,,,A_1,204.0,symptom_region_pair,abdominal pain / epigastrium
0.0013938287032586,200000,0.120801786060959,0.0001798561151079,0.2598039215686274,,MC_PRECISION_MET,success_conditional_descriptive_resampling_range_not_population_CI,0,proportion,200000,False,completion,symptoms_summary.json,0.2009803921568627,0.3217821782178218,,,,,,,,,,,,,,,,,,,,,,,,,,0.002,,,,,A_2,204.0,symptom_region_pair,abdominal pain / right hypochondrium
0.0006867156050201,200000,0.0816633985365153,0.0001798561151079,0.0980392156862745,,MC_PRECISION_MET,success_conditional_descriptive_resampling_range_not_population_CI,0,proportion,200000,False,completion,symptoms_summary.json,0.0591133004926108,0.1407766990291262,,,,,,,,,,,,,,,,,,,,,,,,,,0.002,,,,,A_3,204.0,symptom_region_pair,abdominal pain / left hypochondrium
0.0,200000,0.015,0.0001798561151079,0.0049019607843137,,MC_PRECISION_MET,success_conditional_descriptive_resampling_range_not_population_CI,0,proportion,200000,False,completion,symptoms_summary.json,0.0,0.015,,,,,,,,,,,,,,,,,,,,,,,,,,0.002,,,,,A_4,204.0,symptom_region_pair,abdominal pain / umbilical
0.001038396522579,200000,0.111453849832616,0.0001798561151079,0.2058823529411764,,MC_PRECISION_MET,success_conditional_descriptive_resampling_range_not_population_CI,0,proportion,200000,False,completion,symptoms_summary.json,0.1519607843137254,0.2634146341463415,,,,,,,,,,,,,,,,,,,,,,,,,,0.002,,,,,A_5,204.0,symptom_region_pair,abdominal pain / hypogastrium
0.0003846153846153,200000,0.080273631840796,0.0001798561151079,0.0931372549019607,,MC_PRECISION_MET,success_conditional_descriptive_resampling_range_not_population_CI,0,proportion,200000,False,completion,symptoms_summary.json,0.0547263681592039,0.135,,,,,,,,,,,,,,,,,,,,,,,,,,0.002,,,,,A_6,204.0,symptom_region_pair,abdominal pain / right lumbar
0.0,200000,0.0,0.0001798561151079,0.0,,MC_PRECISION_MET,success_conditional_descriptive_resampling_range_not_population_CI,0,proportion,200000,True,completion,symptoms_summary.json,0.0,0.0,,,,,,,,,,,,,,,,,,,,,,,,,,0.002,,,,,A_7,204.0,symptom_region_pair,abdominal pain / left lumbar
0.0002367984844897,200000,0.0436175809460041,0.0001798561151079,0.0245098039215686,,MC_PRECISION_MET,success_conditional_descriptive_resampling_range_not_population_CI,0,proportion,200000,False,completion,symptoms_summary.json,0.0049261083743842,0.0485436893203883,,,,,,,,,,,,,,,,,,,,,,,,,,0.002,,,,,A_8,204.0,symptom_region_pair,abdominal pain / right inguinal
0.0001657589391427,200000,0.0341463414634146,0.0001798561151079,0.0147058823529411,,MC_PRECISION_MET,success_conditional_descriptive_resampling_range_not_population_CI,0,proportion,200000,False,completion,symptoms_summary.json,0.0,0.0341463414634146,,,,,,,,,,,,,,,,,,,,,,,,,,0.002,,,,,A_9,204.0,symptom_region_pair,abdominal pain / left inguinal
0.0,200000,0.0,0.0001798561151079,0.0,,MC_PRECISION_MET,success_conditional_descriptive_resampling_range_not_population_CI,0,proportion,200000,True,completion,symptoms_summary.json,0.0,0.0,,,,,,,,,,,,,,,,,,,,,,,,,,0.002,,,,,B_1,204.0,symptom_region_pair,bloating / epigastrium
0.0006096668780178,200000,0.0746090200392175,0.0001798561151079,0.0833333333333333,,MC_PRECISION_MET,success_conditional_descriptive_resampling_range_not_population_CI,0,proportion,200000,False,completion,symptoms_summary.json,0.0485436893203883,0.1231527093596059,,,,,,,,,,,,,,,,,,,,,,,,,,0.002,,,,,B_2,204.0,symptom_region_pair,bloating / right hypochondrium
0.0003658001268107,200000,0.054567954118179,0.0001798561151079,0.0441176470588235,,MC_PRECISION_MET,success_conditional_descriptive_resampling_range_not_population_CI,0,proportion,200000,False,completion,symptoms_summary.json,0.0193236714975845,0.0738916256157635,,,,,,,,,,,,,,,,,,,,,,,,,,0.002,,,,,B_3,204.0,symptom_region_pair,bloating / left hypochondrium
0.0,200000,0.0,0.0001798561151079,0.0,,MC_PRECISION_MET,success_conditional_descriptive_resampling_range_not_population_CI,0,proportion,200000,True,completion,symptoms_summary.json,0.0,0.0,,,,,,,,,,,,,,,,,,,,,,,,,,0.002,,,,,B_4,204.0,symptom_region_pair,bloating / umbilical
0.0004543280726924,200000,0.0638689622190339,0.0001798561151079,0.0588235294117647,,MC_PRECISION_MET,success_conditional_descriptive_resampling_range_not_population_CI,0,proportion,200000,False,completion,symptoms_summary.json,0.0292682926829268,0.0931372549019607,,,,,,,,,,,,,,,,,,,,,,,,,,0.002,,,,,B_5,204.0,symptom_region_pair,bloating / hypogastrium
0.0003658001268107,200000,0.054567954118179,0.0001798561151079,0.0441176470588235,,MC_PRECISION_MET,success_conditional_descriptive_resampling_range_not_population_CI,0,proportion,200000,False,completion,symptoms_summary.json,0.0193236714975845,0.0738916256157635,,,,,,,,,,,,,,,,,,,,,,,,,,0.002,,,,,B_6,204.0,symptom_region_pair,bloating / right lumbar
0.0,200000,0.0,0.0001798561151079,0.0,,MC_PRECISION_MET,success_conditional_descriptive_resampling_range_not_population_CI,0,proportion,200000,True,completion,symptoms_summary.json,0.0,0.0,,,,,,,,,,,,,,,,,,,,,,,,,,0.002,,,,,B_7,204.0,symptom_region_pair,bloating / left lumbar
0.0,200000,0.015,0.0001798561151079,0.0049019607843137,,MC_PRECISION_MET,success_conditional_descriptive_resampling_range_not_population_CI,0,proportion,200000,False,completion,symptoms_summary.json,0.0,0.015,,,,,,,,,,,,,,,,,,,,,,,,,,0.002,,,,,B_8,204.0,symptom_region_pair,bloating / right inguinal
0.0,200000,0.015,0.0001798561151079,0.0049019607843137,,MC_PRECISION_MET,success_conditional_descriptive_resampling_range_not_population_CI,0,proportion,200000,False,completion,symptoms_summary.json,0.0,0.015,,,,,,,,,,,,,,,,,,,,,,,,,,0.002,,,,,B_9,204.0,symptom_region_pair,bloating / left inguinal
7.537688442211046e-05,200000,0.015,0.0001798561151079,0.0049019607843137,,MC_PRECISION_MET,success_conditional_descriptive_resampling_range_not_population_CI,0,proportion,200000,False,completion,symptoms_summary.json,0.0,0.015,,,,,,,,,,,,,,,,,,,,,,,,,,0.002,,,,,C_1,204.0,symptom_region_pair,abdominal distension / epigastrium
0.0009290658243137,200000,0.1371845388873253,0.0001798561151079,0.5343137254901961,,MC_PRECISION_MET,success_conditional_descriptive_resampling_range_not_population_CI,0,proportion,200000,False,completion,symptoms_summary.json,0.4656862745098039,0.6028708133971292,,,,,,,,,,,,,,,,,,,,,,,,,,0.002,,,,,C_2,204.0,symptom_region_pair,abdominal distension / right hypochondrium
0.001183231913455,200000,0.1070509521358723,0.0001798561151079,0.1862745098039215,,MC_PRECISION_MET,success_conditional_descriptive_resampling_range_not_population_CI,0,proportion,200000,False,completion,symptoms_summary.json,0.1343283582089552,0.2413793103448276,,,,,,,,,,,,,,,,,,,,,,,,,,0.002,,,,,C_3,204.0,symptom_region_pair,abdominal distension / left hypochondrium
0.0,200000,0.015,0.0001798561151079,0.0049019607843137,,MC_PRECISION_MET,success_conditional_descriptive_resampling_range_not_population_CI,0,proportion,200000,False,completion,symptoms_summary.json,0.0,0.015,,,,,,,,,,,,,,,,,,,,,,,,,,0.002,,,,,C_4,204.0,symptom_region_pair,abdominal distension / umbilical
0.0008958038661009,200000,0.1246581801037246,0.0001798561151079,0.2892156862745098,,MC_PRECISION_MET,success_conditional_descriptive_resampling_range_not_population_CI,0,proportion,200000,False,completion,symptoms_summary.json,0.2277227722772277,0.3523809523809524,,,,,,,,,,,,,,,,,,,,,,,,,,0.002,,,,,C_5,204.0,symptom_region_pair,abdominal distension / hypogastrium
0.0008761543926118,200000,0.0926829268292682,0.0001798561151079,0.1323529411764706,,MC_PRECISION_MET,success_conditional_descriptive_resampling_range_not_population_CI,0,proportion,200000,False,completion,symptoms_summary.json,0.0878048780487804,0.1804878048780487,,,,,,,,,,,,,,,,,,,,,,,,,,0.002,,,,,C_6,204.0,symptom_region_pair,abdominal distension / right lumbar
0.0,200000,0.0,0.0001798561151079,0.0,,MC_PRECISION_MET,success_conditional_descriptive_resampling_range_not_population_CI,0,proportion,200000,True,completion,symptoms_summary.json,0.0,0.0,,,,,,,,,,,,,,,,,,,,,,,,,,0.002,,,,,C_7,204.0,symptom_region_pair,abdominal distension / left lumbar
0.0001657589391427,200000,0.0341463414634146,0.0001798561151079,0.0147058823529411,,MC_PRECISION_MET,success_conditional_descriptive_resampling_range_not_population_CI,0,proportion,200000,False,completion,symptoms_summary.json,0.0,0.0341463414634146,,,,,,,,,,,,,,,,,,,,,,,,,,0.002,,,,,C_8,204.0,symptom_region_pair,abdominal distension / right inguinal
7.537688442211046e-05,200000,0.015,0.0001798561151079,0.0049019607843137,,MC_PRECISION_MET,success_conditional_descriptive_resampling_range_not_population_CI,0,proportion,200000,False,completion,symptoms_summary.json,0.0,0.015,,,,,,,,,,,,,,,,,,,,,,,,,,0.002,,,,,C_9,204.0,symptom_region_pair,abdominal distension / left inguinal
0.0,200000,0.0,0.0001798561151079,0.0,,MC_PRECISION_MET,success_conditional_descriptive_resampling_range_not_population_CI,0,proportion,200000,True,completion,symptoms_summary.json,0.0,0.0,,,,,,,,,,,,,,,,,,,,,,,,,,0.002,,,,,D_1,204.0,symptom_region_pair,heartburn / epigastrium
0.0007692307692307,200000,0.0707692307692307,0.0001798561151079,0.0686274509803921,,MC_PRECISION_MET,success_conditional_descriptive_resampling_range_not_population_CI,0,proportion,200000,False,completion,symptoms_summary.json,0.035,0.1057692307692307,,,,,,,,,,,,,,,,,,,,,,,,,,0.002,,,,,D_2,204.0,symptom_region_pair,heartburn / right hypochondrium
0.0001657589391427,200000,0.0341463414634146,0.0001798561151079,0.0147058823529411,,MC_PRECISION_MET,success_conditional_descriptive_resampling_range_not_population_CI,0,proportion,200000,False,completion,symptoms_summary.json,0.0,0.0341463414634146,,,,,,,,,,,,,,,,,,,,,,,,,,0.002,,,,,D_3,204.0,symptom_region_pair,heartburn / left hypochondrium
0.0,200000,0.0,0.0001798561151079,0.0,,MC_PRECISION_MET,success_conditional_descriptive_resampling_range_not_population_CI,0,proportion,200000,True,completion,symptoms_summary.json,0.0,0.0,,,,,,,,,,,,,,,,,,,,,,,,,,0.002,,,,,D_4,204.0,symptom_region_pair,heartburn / umbilical
0.0009764671418806,200000,0.052200956937799,0.0001798561151079,0.034313725490196,,MC_PRECISION_MET,success_conditional_descriptive_resampling_range_not_population_CI,0,proportion,200000,False,completion,symptoms_summary.json,0.01,0.062200956937799,,,,,,,,,,,,,,,,,,,,,,,,,,0.002,,,,,D_5,204.0,symptom_region_pair,heartburn / hypogastrium
0.0002682534263278,200000,0.0447936097957621,0.0001798561151079,0.0294117647058823,,MC_PRECISION_MET,success_conditional_descriptive_resampling_range_not_population_CI,0,proportion,200000,False,completion,symptoms_summary.json,0.0096618357487922,0.0544554455445544,,,,,,,,,,,,,,,,,,,,,,,,,,0.002,,,,,D_6,204.0,symptom_region_pair,heartburn / right lumbar
0.0,200000,0.0,0.0001798561151079,0.0,,MC_PRECISION_MET,success_conditional_descriptive_resampling_range_not_population_CI,0,proportion,200000,True,completion,symptoms_summary.json,0.0,0.0,,,,,,,,,,,,,,,,,,,,,,,,,,0.002,,,,,D_7,204.0,symptom_region_pair,heartburn / left lumbar
7.537688442211046e-05,200000,0.015,0.0001798561151079,0.0049019607843137,,MC_PRECISION_MET,success_conditional_descriptive_resampling_range_not_population_CI,0,proportion,200000,False,completion,symptoms_summary.json,0.0,0.015,,,,,,,,,,,,,,,,,,,,,,,,,,0.002,,,,,D_8,204.0,symptom_region_pair,heartburn / right inguinal
7.537688442211046e-05,200000,0.015,0.0001798561151079,0.0049019607843137,,MC_PRECISION_MET,success_conditional_descriptive_resampling_range_not_population_CI,0,proportion,200000,False,completion,symptoms_summary.json,0.0,0.015,,,,,,,,,,,,,,,,,,,,,,,,,,0.002,,,,,D_9,204.0,symptom_region_pair,heartburn / left inguinal
0.0,200000,0.0,0.0001798561151079,0.0,,MC_PRECISION_MET,success_conditional_descriptive_resampling_range_not_population_CI,0,proportion,200000,True,completion,symptoms_summary.json,0.0,0.0,,,,,,,,,,,,,,,,,,,,,,,,,,0.002,,,,,E_1,204.0,symptom_region_pair,acid regurgitation / epigastrium
0.0009500950095009,200000,0.099009900990099,0.0001798561151079,0.1519607843137254,,MC_PRECISION_MET,success_conditional_descriptive_resampling_range_not_population_CI,0,proportion,200000,False,completion,symptoms_summary.json,0.1039603960396039,0.2029702970297029,,,,,,,,,,,,,,,,,,,,,,,,,,0.002,,,,,E_2,204.0,symptom_region_pair,acid regurgitation / right hypochondrium
0.0004221190375685,200000,0.0623259798672092,0.0001798561151079,0.0539215686274509,,MC_PRECISION_MET,success_conditional_descriptive_resampling_range_not_population_CI,0,proportion,200000,False,completion,symptoms_summary.json,0.0246305418719211,0.0869565217391304,,,,,,,,,,,,,,,,,,,,,,,,,,0.002,,,,,E_3,204.0,symptom_region_pair,acid regurgitation / left hypochondrium
0.0,200000,0.0,0.0001798561151079,0.0,,MC_PRECISION_MET,success_conditional_descriptive_resampling_range_not_population_CI,0,proportion,200000,True,completion,symptoms_summary.json,0.0,0.0,,,,,,,,,,,,,,,,,,,,,,,,,,0.002,,,,,E_4,204.0,symptom_region_pair,acid regurgitation / umbilical
0.0007485752921858,200000,0.0839996192651817,0.0001798561151079,0.1078431372549019,,MC_PRECISION_MET,success_conditional_descriptive_resampling_range_not_population_CI,0,proportion,200000,False,completion,symptoms_summary.json,0.0679611650485436,0.1519607843137254,,,,,,,,,,,,,,,,,,,,,,,,,,0.002,,,,,E_5,204.0,symptom_region_pair,acid regurgitation / hypogastrium
0.0004543280726924,200000,0.0640110413097277,0.0001798561151079,0.0588235294117647,,MC_PRECISION_MET,success_conditional_descriptive_resampling_range_not_population_CI,0,proportion,200000,False,completion,symptoms_summary.json,0.029126213592233,0.0931372549019607,,,,,,,,,,,,,,,,,,,,,,,,,,0.002,,,,,E_6,204.0,symptom_region_pair,acid regurgitation / right lumbar
0.0,200000,0.0,0.0001798561151079,0.0,,MC_PRECISION_MET,success_conditional_descriptive_resampling_range_not_population_CI,0,proportion,200000,True,completion,symptoms_summary.json,0.0,0.0,,,,,,,,,,,,,,,,,,,,,,,,,,0.002,,,,,E_7,204.0,symptom_region_pair,acid regurgitation / left lumbar
0.0001657589391427,200000,0.0339805825242718,0.0001798561151079,0.0147058823529411,,MC_PRECISION_MET,success_conditional_descriptive_resampling_range_not_population_CI,0,proportion,200000,False,completion,symptoms_summary.json,0.0,0.0339805825242718,,,,,,,,,,,,,,,,,,,,,,,,,,0.002,,,,,E_8,204.0,symptom_region_pair,acid regurgitation / right inguinal
0.0001657589391427,200000,0.0339805825242718,0.0001798561151079,0.0147058823529411,,MC_PRECISION_MET,success_conditional_descriptive_resampling_range_not_population_CI,0,proportion,200000,False,completion,symptoms_summary.json,0.0,0.0339805825242718,,,,,,,,,,,,,,,,,,,,,,,,,,0.002,,,,,E_9,204.0,symptom_region_pair,acid regurgitation / left inguinal
7.537688442211046e-05,200000,0.015,0.0001798561151079,0.0049019607843137,,MC_PRECISION_MET,success_conditional_descriptive_resampling_range_not_population_CI,0,proportion,200000,False,completion,symptoms_summary.json,0.0,0.015,,,,,,,,,,,,,,,,,,,,,,,,,,0.002,,,,,F_1,204.0,symptom_region_pair,belching / epigastrium
0.0006716417910447,200000,0.0805445544554455,0.0001798561151079,0.0931372549019607,,MC_PRECISION_MET,success_conditional_descriptive_resampling_range_not_population_CI,0,proportion,200000,False,completion,symptoms_summary.json,0.0544554455445544,0.135,,,,,,,,,,,,,,,,,,,,,,,,,,0.002,,,,,F_2,204.0,symptom_region_pair,belching / right hypochondrium
0.0,200000,0.0247524752475247,0.0001798561151079,0.0098039215686274,,MC_PRECISION_MET,success_conditional_descriptive_resampling_range_not_population_CI,0,proportion,200000,False,completion,symptoms_summary.json,0.0,0.0247524752475247,,,,,,,,,,,,,,,,,,,,,,,,,,0.002,,,,,F_3,204.0,symptom_region_pair,belching / left hypochondrium
0.0,200000,0.0,0.0001798561151079,0.0,,MC_PRECISION_MET,success_conditional_descriptive_resampling_range_not_population_CI,0,proportion,200000,True,completion,symptoms_summary.json,0.0,0.0,,,,,,,,,,,,,,,,,,,,,,,,,,0.002,,,,,F_4,204.0,symptom_region_pair,belching / umbilical
0.000573888091822,200000,0.073170731707317,0.0001798561151079,0.0784313725490196,,MC_PRECISION_MET,success_conditional_descriptive_resampling_range_not_population_CI,0,proportion,200000,False,completion,symptoms_summary.json,0.0439024390243902,0.1170731707317073,,,,,,,,,,,,,,,,,,,,,,,,,,0.002,,,,,F_5,204.0,symptom_region_pair,belching / hypogastrium
0.0002345105764269,200000,0.0436417285360746,0.0001798561151079,0.0245098039215686,,MC_PRECISION_MET,success_conditional_descriptive_resampling_range_not_population_CI,0,proportion,200000,False,completion,symptoms_summary.json,0.0049019607843137,0.0485436893203883,,,,,,,,,,,,,,,,,,,,,,,,,,0.002,,,,,F_6,204.0,symptom_region_pair,belching / right lumbar
0.0,200000,0.0,0.0001798561151079,0.0,,MC_PRECISION_MET,success_conditional_descriptive_resampling_range_not_population_CI,0,proportion,200000,True,completion,symptoms_summary.json,0.0,0.0,,,,,,,,,,,,,,,,,,,,,,,,,,0.002,,,,,F_7,204.0,symptom_region_pair,belching / left lumbar
0.0001231466430225,200000,0.0247524752475247,0.0001798561151079,0.0098039215686274,,MC_PRECISION_MET,success_conditional_descriptive_resampling_range_not_population_CI,0,proportion,200000,False,completion,symptoms_summary.json,0.0,0.0247524752475247,,,,,,,,,,,,,,,,,,,,,,,,,,0.002,,,,,F_8,204.0,symptom_region_pair,belching / right inguinal
0.0001231466430225,200000,0.0247524752475247,0.0001798561151079,0.0098039215686274,,MC_PRECISION_MET,success_conditional_descriptive_resampling_range_not_population_CI,0,proportion,200000,False,completion,symptoms_summary.json,0.0,0.0247524752475247,,,,,,,,,,,,,,,,,,,,,,,,,,0.002,,,,,F_9,204.0,symptom_region_pair,belching / left inguinal
7.537688442211046e-05,200000,0.015,0.0001798561151079,0.0049019607843137,,MC_PRECISION_MET,success_conditional_descriptive_resampling_range_not_population_CI,0,proportion,200000,False,completion,symptoms_summary.json,0.0,0.015,,,,,,,,,,,,,,,,,,,,,,,,,,0.002,,,,,G_1,204.0,symptom_region_pair,nausea / epigastrium
0.00104893399034,200000,0.1194555492099752,0.0001798561151079,0.2549019607843137,,MC_PRECISION_MET,success_conditional_descriptive_resampling_range_not_population_CI,0,proportion,200000,False,completion,symptoms_summary.json,0.196078431372549,0.3155339805825243,,,,,,,,,,,,,,,,,,,,,,,,,,0.002,,,,,G_2,204.0,symptom_region_pair,nausea / right hypochondrium
0.0006716417910447,200000,0.080273631840796,0.0001798561151079,0.0931372549019607,,MC_PRECISION_MET,success_conditional_descriptive_resampling_range_not_population_CI,0,proportion,200000,False,completion,symptoms_summary.json,0.0547263681592039,0.135,,,,,,,,,,,,,,,,,,,,,,,,,,0.002,,,,,G_3,204.0,symptom_region_pair,nausea / left hypochondrium
7.537688442211046e-05,200000,0.015,0.0001798561151079,0.0049019607843137,,MC_PRECISION_MET,success_conditional_descriptive_resampling_range_not_population_CI,0,proportion,200000,False,completion,symptoms_summary.json,0.0,0.015,,,,,,,,,,,,,,,,,,,,,,,,,,0.002,,,,,G_4,204.0,symptom_region_pair,nausea / umbilical
0.0006598984771573,200000,0.1154270580445817,0.0001798561151079,0.230392156862745,,MC_PRECISION_MET,success_conditional_descriptive_resampling_range_not_population_CI,0,proportion,200000,False,completion,symptoms_summary.json,0.1739130434782608,0.2893401015228426,,,,,,,,,,,,,,,,,,,,,,,,,,0.002,,,,,G_5,204.0,symptom_region_pair,nausea / hypogastrium
0.0007173601147776,200000,0.0829268292682926,0.0001798561151079,0.1029411764705882,,MC_PRECISION_MET,success_conditional_descriptive_resampling_range_not_population_CI,0,proportion,200000,False,completion,symptoms_summary.json,0.0634146341463414,0.1463414634146341,,,,,,,,,,,,,,,,,,,,,,,,,,0.002,,,,,G_6,204.0,symptom_region_pair,nausea / right lumbar
7.537688442211046e-05,200000,0.015,0.0001798561151079,0.0049019607843137,,MC_PRECISION_MET,success_conditional_descriptive_resampling_range_not_population_CI,0,proportion,200000,False,completion,symptoms_summary.json,0.0,0.015,,,,,,,,,,,,,,,,,,,,,,,,,,0.002,,,,,G_7,204.0,symptom_region_pair,nausea / left lumbar
0.0,200000,0.0247524752475247,0.0001798561151079,0.0098039215686274,,MC_PRECISION_MET,success_conditional_descriptive_resampling_range_not_population_CI,0,proportion,200000,False,completion,symptoms_summary.json,0.0,0.0247524752475247,,,,,,,,,,,,,,,,,,,,,,,,,,0.002,,,,,G_8,204.0,symptom_region_pair,nausea / right inguinal
7.537688442211046e-05,200000,0.015,0.0001798561151079,0.0049019607843137,,MC_PRECISION_MET,success_conditional_descriptive_resampling_range_not_population_CI,0,proportion,200000,False,completion,symptoms_summary.json,0.0,0.015,,,,,,,,,,,,,,,,,,,,,,,,,,0.002,,,,,G_9,204.0,symptom_region_pair,nausea / left inguinal
0.0,200000,0.0,0.0001798561151079,0.0,,MC_PRECISION_MET,success_conditional_descriptive_resampling_range_not_population_CI,0,proportion,200000,True,completion,symptoms_summary.json,0.0,0.0,,,,,,,,,,,,,,,,,,,,,,,,,,0.002,,,,,H_1,204.0,symptom_region_pair,vomiting / epigastrium
0.0006096668780178,200000,0.0748435306156445,0.0001798561151079,0.0833333333333333,,MC_PRECISION_MET,success_conditional_descriptive_resampling_range_not_population_CI,0,proportion,200000,False,completion,symptoms_summary.json,0.0483091787439613,0.1231527093596059,,,,,,,,,,,,,,,,,,,,,,,,,,0.002,,,,,H_2,204.0,symptom_region_pair,vomiting / right hypochondrium
0.0001990049751243,200000,0.0349933027171833,0.0001798561151079,0.0196078431372549,,MC_PRECISION_MET,success_conditional_descriptive_resampling_range_not_population_CI,0,proportion,200000,False,completion,symptoms_summary.json,0.0048076923076923,0.0398009950248756,,,,,,,,,,,,,,,,,,,,,,,,,,0.002,,,,,H_3,204.0,symptom_region_pair,vomiting / left hypochondrium
0.0,200000,0.015,0.0001798561151079,0.0049019607843137,,MC_PRECISION_MET,success_conditional_descriptive_resampling_range_not_population_CI,0,proportion,200000,False,completion,symptoms_summary.json,0.0,0.015,,,,,,,,,,,,,,,,,,,,,,,,,,0.002,,,,,H_4,204.0,symptom_region_pair,vomiting / umbilical
0.0018701576275714,200000,0.0785918125110488,0.0001798561151079,0.088235294117647,,MC_PRECISION_INSUFFICIENT,success_conditional_descriptive_resampling_range_not_population_CI,0,proportion,200000,False,completion,symptoms_summary.json,0.0507614213197969,0.1293532338308457,,,,,,,,,,,,,,,,,,,,,,,,,,0.002,,,,,H_5,204.0,symptom_region_pair,vomiting / hypogastrium
0.000197034628836,200000,0.0349933027171833,0.0001798561151079,0.0196078431372549,,MC_PRECISION_MET,success_conditional_descriptive_resampling_range_not_population_CI,0,proportion,200000,False,completion,symptoms_summary.json,0.0048076923076923,0.0398009950248756,,,,,,,,,,,,,,,,,,,,,,,,,,0.002,,,,,H_6,204.0,symptom_region_pair,vomiting / right lumbar
0.0,200000,0.0,0.0001798561151079,0.0,,MC_PRECISION_MET,success_conditional_descriptive_resampling_range_not_population_CI,0,proportion,200000,True,completion,symptoms_summary.json,0.0,0.0,,,,,,,,,,,,,,,,,,,,,,,,,,0.002,,,,,H_7,204.0,symptom_region_pair,vomiting / left lumbar
0.0001219333756035,200000,0.0247524752475247,0.0001798561151079,0.0098039215686274,,MC_PRECISION_MET,success_conditional_descriptive_resampling_range_not_population_CI,0,proportion,200000,False,completion,symptoms_summary.json,0.0,0.0247524752475247,,,,,,,,,,,,,,,,,,,,,,,,,,0.002,,,,,H_8,204.0,symptom_region_pair,vomiting / right inguinal
7.537688442211046e-05,200000,0.015,0.0001798561151079,0.0049019607843137,,MC_PRECISION_MET,success_conditional_descriptive_resampling_range_not_population_CI,0,proportion,200000,False,completion,symptoms_summary.json,0.0,0.015,,,,,,,,,,,,,,,,,,,,,,,,,,0.002,,,,,H_9,204.0,symptom_region_pair,vomiting / left inguinal
7.537688442211046e-05,200000,0.015,0.0001798561151079,0.0049019607843137,,MC_PRECISION_MET,success_conditional_descriptive_resampling_range_not_population_CI,0,proportion,200000,False,completion,symptoms_summary.json,0.0,0.015,,,,,,,,,,,,,,,,,,,,,,,,,,0.002,,,,,I_1,204.0,symptom_region_pair,loss of appetite / epigastrium
0.0003315178782855,200000,0.053586800573888,0.0001798561151079,0.0392156862745098,,MC_PRECISION_MET,success_conditional_descriptive_resampling_range_not_population_CI,0,proportion,200000,False,completion,symptoms_summary.json,0.0147058823529411,0.0682926829268292,,,,,,,,,,,,,,,,,,,,,,,,,,0.002,,,,,I_2,204.0,symptom_region_pair,loss of appetite / right hypochondrium
0.0001657589391427,200000,0.0339805825242718,0.0001798561151079,0.0147058823529411,,MC_PRECISION_MET,success_conditional_descriptive_resampling_range_not_population_CI,0,proportion,200000,False,completion,symptoms_summary.json,0.0,0.0339805825242718,,,,,,,,,,,,,,,,,,,,,,,,,,0.002,,,,,I_3,204.0,symptom_region_pair,loss of appetite / left hypochondrium
0.0,200000,0.0,0.0001798561151079,0.0,,MC_PRECISION_MET,success_conditional_descriptive_resampling_range_not_population_CI,0,proportion,200000,True,completion,symptoms_summary.json,0.0,0.0,,,,,,,,,,,,,,,,,,,,,,,,,,0.002,,,,,I_4,204.0,symptom_region_pair,loss of appetite / umbilical
0.0002682534263278,200000,0.0445253563694343,0.0001798561151079,0.0294117647058823,,MC_PRECISION_MET,success_conditional_descriptive_resampling_range_not_population_CI,0,proportion,200000,False,completion,symptoms_summary.json,0.0096618357487922,0.0541871921182266,,,,,,,,,,,,,,,,,,,,,,,,,,0.002,,,,,I_5,204.0,symptom_region_pair,loss of appetite / hypogastrium
0.0,200000,0.0247524752475247,0.0001798561151079,0.0098039215686274,,MC_PRECISION_MET,success_conditional_descriptive_resampling_range_not_population_CI,0,proportion,200000,False,completion,symptoms_summary.json,0.0,0.0247524752475247,,,,,,,,,,,,,,,,,,,,,,,,,,0.002,,,,,I_6,204.0,symptom_region_pair,loss of appetite / right lumbar
0.0,200000,0.0,0.0001798561151079,0.0,,MC_PRECISION_MET,success_conditional_descriptive_resampling_range_not_population_CI,0,proportion,200000,True,completion,symptoms_summary.json,0.0,0.0,,,,,,,,,,,,,,,,,,,,,,,,,,0.002,,,,,I_7,204.0,symptom_region_pair,loss of appetite / left lumbar
0.0,200000,0.0,0.0001798561151079,0.0,,MC_PRECISION_MET,success_conditional_descriptive_resampling_range_not_population_CI,0,proportion,200000,True,completion,symptoms_summary.json,0.0,0.0,,,,,,,,,,,,,,,,,,,,,,,,,,0.002,,,,,I_8,204.0,symptom_region_pair,loss of appetite / right inguinal
0.0,200000,0.0,0.0001798561151079,0.0,,MC_PRECISION_MET,success_conditional_descriptive_resampling_range_not_population_CI,0,proportion,200000,True,completion,symptoms_summary.json,0.0,0.0,,,,,,,,,,,,,,,,,,,,,,,,,,0.002,,,,,I_9,204.0,symptom_region_pair,loss of appetite / left inguinal
7.537688442211046e-05,200000,0.015,0.0001798561151079,0.0049019607843137,,MC_PRECISION_MET,success_conditional_descriptive_resampling_range_not_population_CI,0,proportion,200000,False,completion,symptoms_summary.json,0.0,0.015,,,,,,,,,,,,,,,,,,,,,,,,,,0.002,,,,,J_1,204.0,symptom_region_pair,tenesmus / epigastrium
0.0034844031478145,200000,0.0603015075376884,0.0001798561151079,0.0490196078431372,,MC_PRECISION_INSUFFICIENT,success_conditional_descriptive_resampling_range_not_population_CI,0,proportion,200000,False,completion,symptoms_summary.json,0.0201005025125628,0.0804020100502512,,,,,,,,,,,,,,,,,,,,,,,,,,0.002,,,,,J_2,204.0,symptom_region_pair,tenesmus / right hypochondrium
0.0,200000,0.0247524752475247,0.0001798561151079,0.0098039215686274,,MC_PRECISION_MET,success_conditional_descriptive_resampling_range_not_population_CI,0,proportion,200000,False,completion,symptoms_summary.json,0.0,0.0247524752475247,,,,,,,,,,,,,,,,,,,,,,,,,,0.002,,,,,J_3,204.0,symptom_region_pair,tenesmus / left hypochondrium
0.0,200000,0.0,0.0001798561151079,0.0,,MC_PRECISION_MET,success_conditional_descriptive_resampling_range_not_population_CI,0,proportion,200000,True,completion,symptoms_summary.json,0.0,0.0,,,,,,,,,,,,,,,,,,,,,,,,,,0.002,,,,,J_4,204.0,symptom_region_pair,tenesmus / umbilical
0.0003658001268107,200000,0.054567954118179,0.0001798561151079,0.0441176470588235,,MC_PRECISION_MET,success_conditional_descriptive_resampling_range_not_population_CI,0,proportion,200000,False,completion,symptoms_summary.json,0.0193236714975845,0.0738916256157635,,,,,,,,,,,,,,,,,,,,,,,,,,0.002,,,,,J_5,204.0,symptom_region_pair,tenesmus / hypogastrium
0.0,200000,0.0247524752475247,0.0001798561151079,0.0098039215686274,,MC_PRECISION_MET,success_conditional_descriptive_resampling_range_not_population_CI,0,proportion,200000,False,completion,symptoms_summary.json,0.0,0.0247524752475247,,,,,,,,,,,,,,,,,,,,,,,,,,0.002,,,,,J_6,204.0,symptom_region_pair,tenesmus / right lumbar
7.537688442211046e-05,200000,0.015,0.0001798561151079,0.0049019607843137,,MC_PRECISION_MET,success_conditional_descriptive_resampling_range_not_population_CI,0,proportion,200000,False,completion,symptoms_summary.json,0.0,0.015,,,,,,,,,,,,,,,,,,,,,,,,,,0.002,,,,,J_7,204.0,symptom_region_pair,tenesmus / left lumbar
0.0,200000,0.0,0.0001798561151079,0.0,,MC_PRECISION_MET,success_conditional_descriptive_resampling_range_not_population_CI,0,proportion,200000,True,completion,symptoms_summary.json,0.0,0.0,,,,,,,,,,,,,,,,,,,,,,,,,,0.002,,,,,J_8,204.0,symptom_region_pair,tenesmus / right inguinal
0.0,200000,0.0,0.0001798561151079,0.0,,MC_PRECISION_MET,success_conditional_descriptive_resampling_range_not_population_CI,0,proportion,200000,True,completion,symptoms_summary.json,0.0,0.0,,,,,,,,,,,,,,,,,,,,,,,,,,0.002,,,,,J_9,204.0,symptom_region_pair,tenesmus / left inguinal
7.537688442211046e-05,200000,0.015,0.0001798561151079,0.0049019607843137,,MC_PRECISION_MET,success_conditional_descriptive_resampling_range_not_population_CI,0,proportion,200000,False,completion,symptoms_summary.json,0.0,0.015,,,,,,,,,,,,,,,,,,,,,,,,,,0.002,,,,,K_1,204.0,symptom_region_pair,palpitations / epigastrium
0.0006096668780178,200000,0.0748435306156445,0.0001798561151079,0.0833333333333333,,MC_PRECISION_MET,success_conditional_descriptive_resampling_range_not_population_CI,0,proportion,200000,False,completion,symptoms_summary.json,0.0483091787439613,0.1231527093596059,,,,,,,,,,,,,,,,,,,,,,,,,,0.002,,,,,K_2,204.0,symptom_region_pair,palpitations / right hypochondrium
0.0002367984844897,200000,0.0436175809460041,0.0001798561151079,0.0245098039215686,,MC_PRECISION_MET,success_conditional_descriptive_resampling_range_not_population_CI,0,proportion,200000,False,completion,symptoms_summary.json,0.0049261083743842,0.0485436893203883,,,,,,,,,,,,,,,,,,,,,,,,,,0.002,,,,,K_3,204.0,symptom_region_pair,palpitations / left hypochondrium
0.0,200000,0.0,0.0001798561151079,0.0,,MC_PRECISION_MET,success_conditional_descriptive_resampling_range_not_population_CI,0,proportion,200000,True,completion,symptoms_summary.json,0.0,0.0,,,,,,,,,,,,,,,,,,,,,,,,,,0.002,,,,,K_4,204.0,symptom_region_pair,palpitations / umbilical
0.0005393743257821,200000,0.0722416184418193,0.0001798561151079,0.0735294117647058,,MC_PRECISION_MET,success_conditional_descriptive_resampling_range_not_population_CI,0,proportion,200000,False,completion,symptoms_summary.json,0.0394088669950738,0.1116504854368932,,,,,,,,,,,,,,,,,,,,,,,,,,0.002,,,,,K_5,204.0,symptom_region_pair,palpitations / hypogastrium
0.000197034628836,200000,0.0349933027171833,0.0001798561151079,0.0196078431372549,,MC_PRECISION_MET,success_conditional_descriptive_resampling_range_not_population_CI,0,proportion,200000,False,completion,symptoms_summary.json,0.0048076923076923,0.0398009950248756,,,,,,,,,,,,,,,,,,,,,,,,,,0.002,,,,,K_6,204.0,symptom_region_pair,palpitations / right lumbar
0.0,200000,0.0,0.0001798561151079,0.0,,MC_PRECISION_MET,success_conditional_descriptive_resampling_range_not_population_CI,0,proportion,200000,True,completion,symptoms_summary.json,0.0,0.0,,,,,,,,,,,,,,,,,,,,,,,,,,0.002,,,,,K_7,204.0,symptom_region_pair,palpitations / left lumbar
0.0,200000,0.0,0.0001798561151079,0.0,,MC_PRECISION_MET,success_conditional_descriptive_resampling_range_not_population_CI,0,proportion,200000,True,completion,symptoms_summary.json,0.0,0.0,,,,,,,,,,,,,,,,,,,,,,,,,,0.002,,,,,K_8,204.0,symptom_region_pair,palpitations / right inguinal
0.0,200000,0.0,0.0001798561151079,0.0,,MC_PRECISION_MET,success_conditional_descriptive_resampling_range_not_population_CI,0,proportion,200000,True,completion,symptoms_summary.json,0.0,0.0,,,,,,,,,,,,,,,,,,,,,,,,,,0.002,,,,,K_9,204.0,symptom_region_pair,palpitations / left inguinal
7.537688442211046e-05,200000,0.015,0.0001798561151079,0.0049019607843137,,MC_PRECISION_MET,success_conditional_descriptive_resampling_range_not_population_CI,0,proportion,200000,False,completion,symptoms_summary.json,0.0,0.015,,,,,,,,,,,,,,,,,,,,,,,,,,0.002,,,,,L_1,204.0,symptom_region_pair,irritability / epigastrium
0.0006096668780178,200000,0.0748435306156445,0.0001798561151079,0.0833333333333333,,MC_PRECISION_MET,success_conditional_descriptive_resampling_range_not_population_CI,0,proportion,200000,False,completion,symptoms_summary.json,0.0483091787439613,0.1231527093596059,,,,,,,,,,,,,,,,,,,,,,,,,,0.002,,,,,L_2,204.0,symptom_region_pair,irritability / right hypochondrium
0.0002682534263278,200000,0.0445253563694343,0.0001798561151079,0.0294117647058823,,MC_PRECISION_MET,success_conditional_descriptive_resampling_range_not_population_CI,0,proportion,200000,False,completion,symptoms_summary.json,0.0096618357487922,0.0541871921182266,,,,,,,,,,,,,,,,,,,,,,,,,,0.002,,,,,L_3,204.0,symptom_region_pair,irritability / left hypochondrium
0.0,200000,0.0,0.0001798561151079,0.0,,MC_PRECISION_MET,success_conditional_descriptive_resampling_range_not_population_CI,0,proportion,200000,True,completion,symptoms_summary.json,0.0,0.0,,,,,,,,,,,,,,,,,,,,,,,,,,0.002,,,,,L_4,204.0,symptom_region_pair,irritability / umbilical
0.0005060728744939,200000,0.0704372872479706,0.0001798561151079,0.0686274509803921,,MC_PRECISION_MET,success_conditional_descriptive_resampling_range_not_population_CI,0,proportion,200000,False,completion,symptoms_summary.json,0.0348258706467661,0.1052631578947368,,,,,,,,,,,,,,,,,,,,,,,,,,0.002,,,,,L_5,204.0,symptom_region_pair,irritability / hypogastrium
0.0003315178782855,200000,0.053586800573888,0.0001798561151079,0.0392156862745098,,MC_PRECISION_MET,success_conditional_descriptive_resampling_range_not_population_CI,0,proportion,200000,False,completion,symptoms_summary.json,0.0147058823529411,0.0682926829268292,,,,,,,,,,,,,,,,,,,,,,,,,,0.002,,,,,L_6,204.0,symptom_region_pair,irritability / right lumbar
0.0,200000,0.0,0.0001798561151079,0.0,,MC_PRECISION_MET,success_conditional_descriptive_resampling_range_not_population_CI,0,proportion,200000,True,completion,symptoms_summary.json,0.0,0.0,,,,,,,,,,,,,,,,,,,,,,,,,,0.002,,,,,L_7,204.0,symptom_region_pair,irritability / left lumbar
0.0,200000,0.0,0.0001798561151079,0.0,,MC_PRECISION_MET,success_conditional_descriptive_resampling_range_not_population_CI,0,proportion,200000,True,completion,symptoms_summary.json,0.0,0.0,,,,,,,,,,,,,,,,,,,,,,,,,,0.002,,,,,L_8,204.0,symptom_region_pair,irritability / right inguinal
0.0,200000,0.0,0.0001798561151079,0.0,,MC_PRECISION_MET,success_conditional_descriptive_resampling_range_not_population_CI,0,proportion,200000,True,completion,symptoms_summary.json,0.0,0.0,,,,,,,,,,,,,,,,,,,,,,,,,,0.002,,,,,L_9,204.0,symptom_region_pair,irritability / left inguinal
0.0,200000,0.0,0.0001798561151079,0.0,,MC_PRECISION_MET,success_conditional_descriptive_resampling_range_not_population_CI,0,proportion,200000,True,completion,symptoms_summary.json,0.0,0.0,,,,,,,,,,,,,,,,,,,,,,,,,,0.002,,,,,Functional Heartburn,204.0,legacy_rule_pattern,Functional Heartburn [rule alignment only]
7.537688442211046e-05,200000,0.015,0.0001798561151079,0.0049019607843137,,MC_PRECISION_MET,success_conditional_descriptive_resampling_range_not_population_CI,0,proportion,200000,False,completion,symptoms_summary.json,0.0,0.015,,,,,,,,,,,,,,,,,,,,,,,,,,0.002,,,,,Belching Disorder,204.0,legacy_rule_pattern,Belching Disorder [rule alignment only]
7.537688442211046e-05,200000,0.015,0.0001798561151079,0.0049019607843137,,MC_PRECISION_MET,success_conditional_descriptive_resampling_range_not_population_CI,0,proportion,200000,False,completion,symptoms_summary.json,0.0,0.015,,,,,,,,,,,,,,,,,,,,,,,,,,0.002,,,,,Chronic Nausea Vomiting Syndrome,204.0,legacy_rule_pattern,Chronic Nausea Vomiting Syndrome [rule alignment only]
7.537688442211046e-05,200000,0.015,0.0001798561151079,0.0049019607843137,,MC_PRECISION_MET,success_conditional_descriptive_resampling_range_not_population_CI,0,proportion,200000,False,completion,symptoms_summary.json,0.0,0.015,,,,,,,,,,,,,,,,,,,,,,,,,,0.002,,,,,Functional Dyspepsia - PDS-like,204.0,legacy_rule_pattern,Functional Dyspepsia - PDS-like [rule alignment only]
0.0,200000,0.0,0.0001798561151079,0.0,,MC_PRECISION_MET,success_conditional_descriptive_resampling_range_not_population_CI,0,proportion,200000,True,completion,symptoms_summary.json,0.0,0.0,,,,,,,,,,,,,,,,,,,,,,,,,,0.002,,,,,Functional Dyspepsia - EPS-like,204.0,legacy_rule_pattern,Functional Dyspepsia - EPS-like [rule alignment only]
0.0009086561453849,200000,0.094437775110044,0.0001798561151079,0.1372549019607843,,MC_PRECISION_MET,success_conditional_descriptive_resampling_range_not_population_CI,0,proportion,200000,False,completion,symptoms_summary.json,0.0918367346938775,0.1862745098039215,,,,,,,,,,,,,,,,,,,,,,,,,,0.002,,,,,Irritable Bowel Syndrome-like,204.0,legacy_rule_pattern,Irritable Bowel Syndrome-like [rule alignment only]
0.0011897963068722,200000,0.1274559425758064,0.0001798561151079,0.3137254901960784,,MC_PRECISION_MET,success_conditional_descriptive_resampling_range_not_population_CI,0,proportion,200000,False,completion,symptoms_summary.json,0.2511848341232227,0.3786407766990291,,,,,,,,,,,,,,,,,,,,,,,,,,0.002,,,,,Functional Abdominal Bloating/Distension-like,204.0,legacy_rule_pattern,Functional Abdominal Bloating/Distension-like [rule alignment only]
0.0003658001268107,200000,0.054567954118179,0.0001798561151079,0.0441176470588235,,MC_PRECISION_MET,success_conditional_descriptive_resampling_range_not_population_CI,0,proportion,200000,False,completion,symptoms_summary.json,0.0193236714975845,0.0738916256157635,,,,,,,,,,,,,,,,,,,,,,,,,,0.002,,,,,Functional Constipation / Defecatory Disorder-like,204.0,legacy_rule_pattern,Functional Constipation / Defecatory Disorder-like [rule alignment only]
0.000612817309732,200000,0.1355162754757075,0.0001798561151079,0.4215686274509804,,MC_PRECISION_MET,success_conditional_descriptive_resampling_range_not_population_CI,0,proportion,200000,False,completion,symptoms_summary.json,0.354679802955665,0.4901960784313725,,,,,,,,,,,,,,,,,,,,,,,,,,0.002,,,,,Biliary Pain-like,204.0,legacy_rule_pattern,Biliary Pain-like [rule alignment only]
0.0004201680672269,200000,0.0847481021394065,0.0001798561151079,0.1078431372549019,,MC_PRECISION_MET,success_conditional_descriptive_resampling_range_not_population_CI,0,proportion,200000,False,completion,symptoms_summary.json,0.0676328502415458,0.1523809523809524,,,,,,,,,,,,,,,,,,,,,,,,,,0.002,,,,,Unspecified Functional GI Symptom Pattern,204.0,legacy_rule_pattern,Unspecified Functional GI Symptom Pattern [rule alignment only]
