MC_max_endpoint_half_width,absolute_MC_target,attempted,empirical_range_width,end_minute,gamma_per_endpoint,h_minutes,people,point,start_minute,statistic,status,uncertainty_role,undefined,unit,valid,zero_width,lower_MC_half_width,lower_estimate,lower_lower_MC,lower_lower_rank,lower_upper_MC,lower_upper_rank,upper_MC_half_width,upper_estimate,upper_lower_MC,upper_lower_rank,upper_upper_MC,upper_upper_rank
0.0046511627906977715,0.01,200000,0.3209302325581397,2,6.868131868131868e-05,1,214,0.8411214953271028,1,mean_change,MC_PRECISION_MET,success_conditional_descriptive_resampling_range_not_population_CI,0,VAS,200000,False,0.003194957617909222,0.6837209302325581,0.6822429906542056,4724,0.6869158878504673,5281,0.0046511627906977715,1.0046511627906978,1.0,194720,1.0046728971962617,195277
0.0,0.01,200000,0.0,2,6.868131868131868e-05,1,214,1.0,1,median_change,MC_PRECISION_MET,success_conditional_descriptive_resampling_range_not_population_CI,0,VAS,200000,True,0.0,1.0,1.0,4724,1.0,5281,0.0,1.0,1.0,194720,1.0,195277
0.0046511627906977715,0.01,200000,0.3209302325581397,2,6.868131868131868e-05,1,214,0.8411214953271028,1,mean_rate,MC_PRECISION_MET,success_conditional_descriptive_resampling_range_not_population_CI,0,VAS/minute,200000,False,0.003194957617909222,0.6837209302325581,0.6822429906542056,4724,0.6869158878504673,5281,0.0046511627906977715,1.0046511627906978,1.0,194720,1.0046728971962617,195277
0.0,0.01,200000,0.0,2,6.868131868131868e-05,1,214,1.0,1,median_rate,MC_PRECISION_MET,success_conditional_descriptive_resampling_range_not_population_CI,0,VAS/minute,200000,True,0.0,1.0,1.0,4724,1.0,5281,0.0,1.0,1.0,194720,1.0,195277
0.002281602386907111,0.002,200000,0.13084112149532712,2,6.868131868131868e-05,1,214,0.5794392523364486,1,rise_proportion,MC_PRECISION_INSUFFICIENT,success_conditional_descriptive_resampling_range_not_population_CI,0,proportion,200000,False,0.002281602386907111,0.514018691588785,0.5117370892018779,4724,0.514018691588785,5281,0.0013666020102275356,0.6448598130841121,0.6448598130841121,194720,0.6462264150943396,195277
0.0,0.002,200000,0.06959356661595306,2,6.868131868131868e-05,1,214,0.07009345794392523,1,fall_proportion,MC_PRECISION_MET,success_conditional_descriptive_resampling_range_not_population_CI,0,proportion,200000,False,0.0,0.037383177570093455,0.037383177570093455,4724,0.037383177570093455,5281,0.0,0.10697674418604651,0.10697674418604651,194720,0.10697674418604651,195277
0.001987116497434216,0.002,200000,0.1267222465993857,2,6.868131868131868e-05,1,214,0.35046728971962615,1,unchanged_proportion,MC_PRECISION_MET,success_conditional_descriptive_resampling_range_not_population_CI,0,proportion,200000,False,0.001987116497434216,0.28837209302325584,0.2863849765258216,4724,0.28837209302325584,5281,0.0011408512505485247,0.41509433962264153,0.413953488372093,194720,0.4158878504672897,195277
0.0023473158009127415,0.01,200000,0.3060638991523582,3,6.868131868131868e-05,1,214,0.35046728971962615,2,mean_change,MC_PRECISION_MET,success_conditional_descriptive_resampling_range_not_population_CI,0,VAS,200000,False,0.0018515253041791746,0.19626168224299065,0.19534883720930232,4724,0.19811320754716982,5281,0.0023473158009127415,0.5023255813953489,0.5,194720,0.5046728971962616,195277
0.0,0.01,200000,1.0,3,6.868131868131868e-05,1,214,0.0,2,median_change,MC_PRECISION_MET,success_conditional_descriptive_resampling_range_not_population_CI,0,VAS,200000,False,0.0,0.0,0.0,4724,0.0,5281,0.0,1.0,1.0,194720,1.0,195277
0.0023473158009127415,0.01,200000,0.3060638991523582,3,6.868131868131868e-05,1,214,0.35046728971962615,2,mean_rate,MC_PRECISION_MET,success_conditional_descriptive_resampling_range_not_population_CI,0,VAS/minute,200000,False,0.0018515253041791746,0.19626168224299065,0.19534883720930232,4724,0.19811320754716982,5281,0.0023473158009127415,0.5023255813953489,0.5,194720,0.5046728971962616,195277
0.0,0.01,200000,1.0,3,6.868131868131868e-05,1,214,0.0,2,median_rate,MC_PRECISION_MET,success_conditional_descriptive_resampling_range_not_population_CI,0,VAS/minute,200000,False,0.0,0.0,0.0,4724,0.0,5281,0.0,1.0,1.0,194720,1.0,195277
0.0021281263712153997,0.002,200000,0.13420359806932863,3,6.868131868131868e-05,1,214,0.4485981308411215,2,rise_proportion,MC_PRECISION_INSUFFICIENT,success_conditional_descriptive_resampling_range_not_population_CI,0,proportion,200000,False,0.0011020983953446972,0.38207547169811323,0.3813953488372093,4724,0.38317757009345793,5281,0.0021281263712153997,0.5162790697674419,0.5141509433962265,194720,0.5162790697674419,195277
0.003005704256252739,0.002,200000,0.09869593566615953,3,6.868131868131868e-05,1,214,0.16822429906542055,2,fall_proportion,MC_PRECISION_INSUFFICIENT,success_conditional_descriptive_resampling_range_not_population_CI,0,proportion,200000,False,0.003005704256252739,0.12093023255813953,0.1179245283018868,4724,0.12093023255813953,5281,0.0,0.21962616822429906,0.21962616822429906,194720,0.21962616822429906,195277
0.0021060945109911966,0.002,200000,0.13084112149532712,3,6.868131868131868e-05,1,214,0.38317757009345793,2,unchanged_proportion,MC_PRECISION_INSUFFICIENT,success_conditional_descriptive_resampling_range_not_population_CI,0,proportion,200000,False,0.0014918169452854402,0.3177570093457944,0.3177570093457944,4724,0.3192488262910798,5281,0.0021060945109911966,0.4485981308411215,0.4485981308411215,194720,0.4507042253521127,195277
0.003967554223241049,0.01,200000,0.3102134821507662,4,6.868131868131868e-05,1,213,0.07981220657276995,3,mean_change,MC_PRECISION_MET,success_conditional_descriptive_resampling_range_not_population_CI,0,VAS,200000,False,0.003967554223241049,-0.07547169811320754,-0.0794392523364486,4724,-0.07476635514018691,5281,0.0021836445026749696,0.2347417840375587,0.23255813953488372,194720,0.2358490566037736,195277
0.0,0.01,200000,0.0,4,6.868131868131868e-05,1,213,0.0,3,median_change,MC_PRECISION_MET,success_conditional_descriptive_resampling_range_not_population_CI,0,VAS,200000,True,0.0,0.0,0.0,4724,0.0,5281,0.0,0.0,0.0,194720,0.0,195277
0.003967554223241049,0.01,200000,0.3102134821507662,4,6.868131868131868e-05,1,213,0.07981220657276995,3,mean_rate,MC_PRECISION_MET,success_conditional_descriptive_resampling_range_not_population_CI,0,VAS/minute,200000,False,0.003967554223241049,-0.07547169811320754,-0.0794392523364486,4724,-0.07476635514018691,5281,0.0021836445026749696,0.2347417840375587,0.23255813953488372,194720,0.2358490566037736,195277
0.0,0.01,200000,0.0,4,6.868131868131868e-05,1,213,0.0,3,median_rate,MC_PRECISION_MET,success_conditional_descriptive_resampling_range_not_population_CI,0,VAS/minute,200000,True,0.0,0.0,0.0,4724,0.0,5281,0.0,0.0,0.0,194720,0.0,195277
0.0019086481505857789,0.002,200000,0.12692120299419762,4,6.868131868131868e-05,1,213,0.3427230046948357,3,rise_proportion,MC_PRECISION_MET,success_conditional_descriptive_resampling_range_not_population_CI,0,proportion,200000,False,0.0007529786951321893,0.2796208530805687,0.27906976744186046,4724,0.2803738317757009,5281,0.0019086481505857789,0.40654205607476634,0.40654205607476634,194720,0.4084507042253521,195277
0.0015356939142644466,0.002,200000,0.11780047815692238,4,6.868131868131868e-05,1,213,0.2676056338028169,3,fall_proportion,MC_PRECISION_MET,success_conditional_descriptive_resampling_range_not_population_CI,0,proportion,200000,False,0.0009780482503803367,0.20930232558139536,0.20853080568720378,4724,0.2102803738317757,5281,0.0015356939142644466,0.32710280373831774,0.32710280373831774,194720,0.3286384976525822,195277
0.001528036141376532,0.002,200000,0.12992736291965634,4,6.868131868131868e-05,1,213,0.38967136150234744,3,unchanged_proportion,MC_PRECISION_MET,success_conditional_descriptive_resampling_range_not_population_CI,0,proportion,200000,False,0.001528036141376532,0.32547169811320753,0.323943661971831,4724,0.32558139534883723,5281,0.0004148924555082423,0.45539906103286387,0.45539906103286387,194720,0.4558139534883721,195277
0.004558753487106213,0.01,200000,0.248850056630377,5,6.868131868131868e-05,1,212,-0.1179245283018868,4,mean_change,MC_PRECISION_MET,success_conditional_descriptive_resampling_range_not_population_CI,0,VAS,200000,False,0.0021586736397017914,-0.24401913875598086,-0.24528301886792453,4724,-0.24186046511627907,5281,0.004558753487106213,0.004830917874396135,0.004739336492890996,194720,0.009389671361502348,195277
0.0,0.01,200000,0.0,5,6.868131868131868e-05,1,212,0.0,4,median_change,MC_PRECISION_MET,success_conditional_descriptive_resampling_range_not_population_CI,0,VAS,200000,True,0.0,0.0,0.0,4724,0.0,5281,0.0,0.0,0.0,194720,0.0,195277
0.004558753487106213,0.01,200000,0.248850056630377,5,6.868131868131868e-05,1,212,-0.1179245283018868,4,mean_rate,MC_PRECISION_MET,success_conditional_descriptive_resampling_range_not_population_CI,0,VAS/minute,200000,False,0.0021586736397017914,-0.24401913875598086,-0.24528301886792453,4724,-0.24186046511627907,5281,0.004558753487106213,0.004830917874396135,0.004739336492890996,194720,0.009389671361502348,195277
0.0,0.01,200000,0.0,5,6.868131868131868e-05,1,212,0.0,4,median_rate,MC_PRECISION_MET,success_conditional_descriptive_resampling_range_not_population_CI,0,VAS/minute,200000,True,0.0,0.0,0.0,4724,0.0,5281,0.0,0.0,0.0,194720,0.0,195277
0.0008858180529719428,0.002,200000,0.11566858080393766,5,6.868131868131868e-05,1,212,0.24528301886792453,4,rise_proportion,MC_PRECISION_MET,success_conditional_descriptive_resampling_range_not_population_CI,0,proportion,200000,False,0.0008858180529719428,0.18867924528301888,0.18779342723004694,4724,0.18867924528301888,5281,0.0008164931618697691,0.30434782608695654,0.3037383177570093,194720,0.3051643192488263,195277
0.00124719381391869,0.002,200000,0.12438522757757309,5,6.868131868131868e-05,1,212,0.30660377358490565,4,fall_proportion,MC_PRECISION_MET,success_conditional_descriptive_resampling_range_not_population_CI,0,proportion,200000,False,0.0011624787624072153,0.24528301886792453,0.24528301886792453,4724,0.24644549763033174,5281,0.00124719381391869,0.3696682464454976,0.3684210526315789,194720,0.3696682464454976,195277
0.0021281263712153997,0.002,200000,0.13488372093023254,5,6.868131868131868e-05,1,212,0.4481132075471698,4,unchanged_proportion,MC_PRECISION_INSUFFICIENT,success_conditional_descriptive_resampling_range_not_population_CI,0,proportion,200000,False,0.0011136586963642614,0.3813953488372093,0.38028169014084506,4724,0.38207547169811323,5281,0.0021281263712153997,0.5162790697674419,0.5141509433962265,194720,0.5164319248826291,195277
0.004426559356136818,0.01,200000,0.2866532528504359,6,6.868131868131868e-05,1,212,-0.12264150943396226,5,mean_change,MC_PRECISION_MET,success_conditional_descriptive_resampling_range_not_population_CI,0,VAS,200000,False,0.002202790200921123,-0.2676056338028169,-0.26976744186046514,4724,-0.26540284360189575,5281,0.004426559356136818,0.01904761904761905,0.018867924528301886,194720,0.023474178403755867,195277
0.0,0.01,200000,0.0,6,6.868131868131868e-05,1,212,0.0,5,median_change,MC_PRECISION_MET,success_conditional_descriptive_resampling_range_not_population_CI,0,VAS,200000,True,0.0,0.0,0.0,4724,0.0,5281,0.0,0.0,0.0,194720,0.0,195277
0.004426559356136818,0.01,200000,0.2866532528504359,6,6.868131868131868e-05,1,212,-0.12264150943396226,5,mean_rate,MC_PRECISION_MET,success_conditional_descriptive_resampling_range_not_population_CI,0,VAS/minute,200000,False,0.002202790200921123,-0.2676056338028169,-0.26976744186046514,4724,-0.26540284360189575,5281,0.004426559356136818,0.01904761904761905,0.018867924528301886,194720,0.023474178403755867,195277
0.0,0.01,200000,0.0,6,6.868131868131868e-05,1,212,0.0,5,median_rate,MC_PRECISION_MET,success_conditional_descriptive_resampling_range_not_population_CI,0,VAS/minute,200000,True,0.0,0.0,0.0,4724,0.0,5281,0.0,0.0,0.0,194720,0.0,195277
0.0014769095117381226,0.002,200000,0.11310481648848228,6,6.868131868131868e-05,1,212,0.22641509433962265,5,rise_proportion,MC_PRECISION_MET,success_conditional_descriptive_resampling_range_not_population_CI,0,proportion,200000,False,0.0014769095117381226,0.17061611374407584,0.17061611374407584,4724,0.17209302325581396,5281,0.0007020623080298272,0.2837209302325581,0.2830188679245283,194720,0.2843601895734597,195277
0.00136660201022748,0.002,200000,0.12291269876422906,6,6.868131868131868e-05,1,212,0.29245283018867924,5,fall_proportion,MC_PRECISION_MET,success_conditional_descriptive_resampling_range_not_population_CI,0,proportion,200000,False,0.0010954126799606612,0.23222748815165878,0.23113207547169812,4724,0.23255813953488372,5281,0.00136660201022748,0.35514018691588783,0.35377358490566035,194720,0.35545023696682465,195277
0.0012181616832779296,0.002,200000,0.1345514950166113,6,6.868131868131868e-05,1,212,0.4811320754716981,5,unchanged_proportion,MC_PRECISION_MET,success_conditional_descriptive_resampling_range_not_population_CI,0,proportion,200000,False,0.001140174379611003,0.4142857142857143,0.4131455399061033,4724,0.41509433962264153,5281,0.0012181616832779296,0.5488372093023256,0.5476190476190477,194720,0.5492957746478874,195277
0.001638763397998011,0.01,200000,0.26684911999643995,7,6.868131868131868e-05,1,211,-0.2132701421800948,6,mean_change,MC_PRECISION_MET,success_conditional_descriptive_resampling_range_not_population_CI,0,VAS,200000,False,0.001638763397998011,-0.3474178403755869,-0.3490566037735849,4724,-0.34579439252336447,5281,0.0007709925395133627,-0.08056872037914692,-0.08133971291866028,194720,-0.07981220657276995,195277
0.0,0.01,200000,0.0,7,6.868131868131868e-05,1,211,0.0,6,median_change,MC_PRECISION_MET,success_conditional_descriptive_resampling_range_not_population_CI,0,VAS,200000,True,0.0,0.0,0.0,4724,0.0,5281,0.0,0.0,0.0,194720,0.0,195277
0.001638763397998011,0.01,200000,0.26684911999643995,7,6.868131868131868e-05,1,211,-0.2132701421800948,6,mean_rate,MC_PRECISION_MET,success_conditional_descriptive_resampling_range_not_population_CI,0,VAS/minute,200000,False,0.001638763397998011,-0.3474178403755869,-0.3490566037735849,4724,-0.34579439252336447,5281,0.0007709925395133627,-0.08056872037914692,-0.08133971291866028,194720,-0.07981220657276995,195277
0.0,0.01,200000,0.0,7,6.868131868131868e-05,1,211,0.0,6,median_rate,MC_PRECISION_MET,success_conditional_descriptive_resampling_range_not_population_CI,0,VAS/minute,200000,True,0.0,0.0,0.0,4724,0.0,5281,0.0,0.0,0.0,194720,0.0,195277
0.0012295448448538249,0.002,200000,0.10849056603773585,7,6.868131868131868e-05,1,211,0.2037914691943128,6,rise_proportion,MC_PRECISION_MET,success_conditional_descriptive_resampling_range_not_population_CI,0,proportion,200000,False,0.0007153715460967713,0.1509433962264151,0.15023474178403756,4724,0.15165876777251186,5281,0.0012295448448538249,0.25943396226415094,0.2583732057416268,194720,0.26066350710900477,195277
0.001274255566484861,0.002,200000,0.12735849056603776,7,6.868131868131868e-05,1,211,0.33175355450236965,6,fall_proportion,MC_PRECISION_MET,success_conditional_descriptive_resampling_range_not_population_CI,0,proportion,200000,False,0.001274255566484861,0.2688679245283019,0.2679425837320574,4724,0.27014218009478674,5281,0.000988319856244424,0.39622641509433965,0.3952380952380952,194720,0.39622641509433965,195277
0.0016179017409534424,0.002,200000,0.13420470450133193,7,6.868131868131868e-05,1,211,0.46445497630331756,6,unchanged_proportion,MC_PRECISION_MET,success_conditional_descriptive_resampling_range_not_population_CI,0,proportion,200000,False,0.0009698465879033336,0.397196261682243,0.39622641509433965,4724,0.3981042654028436,5281,0.0016179017409534424,0.5314009661835749,0.5308056872037915,194720,0.5330188679245284,195277
0.003537735849056603,0.01,200000,0.2568127962085308,8,6.868131868131868e-05,1,210,-0.06666666666666667,7,mean_change,MC_PRECISION_MET,success_conditional_descriptive_resampling_range_not_population_CI,0,VAS,200000,False,0.0018594525952969343,-0.1943127962085308,-0.19617224880382775,4724,-0.1932367149758454,5281,0.003537735849056603,0.0625,0.06190476190476191,194720,0.0660377358490566,195277
0.0,0.01,200000,0.0,8,6.868131868131868e-05,1,210,0.0,7,median_change,MC_PRECISION_MET,success_conditional_descriptive_resampling_range_not_population_CI,0,VAS,200000,True,0.0,0.0,0.0,4724,0.0,5281,0.0,0.0,0.0,194720,0.0,195277
0.003537735849056603,0.01,200000,0.2568127962085308,8,6.868131868131868e-05,1,210,-0.06666666666666667,7,mean_rate,MC_PRECISION_MET,success_conditional_descriptive_resampling_range_not_population_CI,0,VAS/minute,200000,False,0.0018594525952969343,-0.1943127962085308,-0.19617224880382775,4724,-0.1932367149758454,5281,0.003537735849056603,0.0625,0.06190476190476191,194720,0.0660377358490566,195277
0.0,0.01,200000,0.0,8,6.868131868131868e-05,1,210,0.0,7,median_rate,MC_PRECISION_MET,success_conditional_descriptive_resampling_range_not_population_CI,0,VAS/minute,200000,True,0.0,0.0,0.0,4724,0.0,5281,0.0,0.0,0.0,194720,0.0,195277
0.0011164783084214314,0.002,200000,0.1083051229970661,8,6.868131868131868e-05,1,210,0.2,7,rise_proportion,MC_PRECISION_MET,success_conditional_descriptive_resampling_range_not_population_CI,0,proportion,200000,False,0.0006996163394267785,0.14761904761904762,0.14691943127962084,4724,0.14761904761904762,5281,0.0011164783084214314,0.2559241706161137,0.2548076923076923,194720,0.2560386473429952,195277
0.0011164274322169043,0.002,200000,0.12303816193976375,8,6.868131868131868e-05,1,210,0.29523809523809524,7,fall_proportion,MC_PRECISION_MET,success_conditional_descriptive_resampling_range_not_population_CI,0,proportion,200000,False,0.0011164274322169043,0.23444976076555024,0.23333333333333334,4724,0.2347417840375587,5281,0.0010026433324218376,0.357487922705314,0.35714285714285715,194720,0.3584905660377358,195277
0.0014810426540284305,0.002,200000,0.13461538461538458,8,6.868131868131868e-05,1,210,0.5047619047619047,7,unchanged_proportion,MC_PRECISION_MET,success_conditional_descriptive_resampling_range_not_population_CI,0,proportion,200000,False,0.0014810426540284305,0.4375,0.43601895734597157,4724,0.4380952380952381,5281,0.0013443310244258821,0.5721153846153846,0.5714285714285714,194720,0.5734597156398105,195277
0.0018110271430488156,0.01,200000,0.2230693556320708,9,6.868131868131868e-05,1,208,-0.16346153846153846,8,mean_change,MC_PRECISION_MET,success_conditional_descriptive_resampling_range_not_population_CI,0,VAS,200000,False,0.0018110271430488156,-0.2757009345794392,-0.27751196172248804,4724,-0.27403846153846156,5281,0.0007447864945382271,-0.05263157894736842,-0.05314009661835749,194720,-0.05188679245283019,195277
0.0,0.01,200000,0.0,9,6.868131868131868e-05,1,208,0.0,8,median_change,MC_PRECISION_MET,success_conditional_descriptive_resampling_range_not_population_CI,0,VAS,200000,True,0.0,0.0,0.0,4724,0.0,5281,0.0,0.0,0.0,194720,0.0,195277
0.0018110271430488156,0.01,200000,0.2230693556320708,9,6.868131868131868e-05,1,208,-0.16346153846153846,8,mean_rate,MC_PRECISION_MET,success_conditional_descriptive_resampling_range_not_population_CI,0,VAS/minute,200000,False,0.0018110271430488156,-0.2757009345794392,-0.27751196172248804,4724,-0.27403846153846156,5281,0.0007447864945382271,-0.05263157894736842,-0.05314009661835749,194720,-0.05188679245283019,195277
0.0,0.01,200000,0.0,9,6.868131868131868e-05,1,208,0.0,8,median_rate,MC_PRECISION_MET,success_conditional_descriptive_resampling_range_not_population_CI,0,VAS/minute,200000,True,0.0,0.0,0.0,4724,0.0,5281,0.0,0.0,0.0,194720,0.0,195277
0.0006768584432255975,0.002,200000,0.10047846889952154,9,6.868131868131868e-05,1,208,0.16346153846153846,8,rise_proportion,MC_PRECISION_MET,success_conditional_descriptive_resampling_range_not_population_CI,0,proportion,200000,False,0.0005520794994479244,0.11483253588516747,0.11483253588516747,4724,0.11538461538461539,5281,0.0006768584432255975,0.215311004784689,0.2146341463414634,194720,0.215962441314554,195277
0.0014264022454332226,0.002,200000,0.12218460844053264,9,6.868131868131868e-05,1,208,0.27884615384615385,8,fall_proportion,MC_PRECISION_MET,success_conditional_descriptive_resampling_range_not_population_CI,0,proportion,200000,False,0.0010381403746332618,0.21904761904761905,0.21800947867298578,4724,0.21951219512195122,5281,0.0014264022454332226,0.3412322274881517,0.33980582524271846,194720,0.34134615384615385,195277
0.002139603368149834,0.002,200000,0.13470873786407767,9,6.868131868131868e-05,1,208,0.5576923076923077,8,unchanged_proportion,MC_PRECISION_INSUFFICIENT,success_conditional_descriptive_resampling_range_not_population_CI,0,proportion,200000,False,0.002139603368149834,0.49029126213592233,0.4881516587677725,4724,0.49047619047619045,5281,0.0006157635467980427,0.625,0.624390243902439,194720,0.625615763546798,195277
0.001571091908876665,0.01,200000,0.20571862348178135,10,6.868131868131868e-05,1,206,-0.10679611650485436,9,mean_change,MC_PRECISION_MET,success_conditional_descriptive_resampling_range_not_population_CI,0,VAS,200000,False,0.001571091908876665,-0.21052631578947367,-0.21153846153846154,4724,-0.208955223880597,5281,6.835581480131234e-05,-0.004807692307692308,-0.0048543689320388345,194720,-0.004739336492890996,195277
0.0,0.01,200000,0.0,10,6.868131868131868e-05,1,206,0.0,9,median_change,MC_PRECISION_MET,success_conditional_descriptive_resampling_range_not_population_CI,0,VAS,200000,True,0.0,0.0,0.0,4724,0.0,5281,0.0,0.0,0.0,194720,0.0,195277
0.001571091908876665,0.01,200000,0.20571862348178135,10,6.868131868131868e-05,1,206,-0.10679611650485436,9,mean_rate,MC_PRECISION_MET,success_conditional_descriptive_resampling_range_not_population_CI,0,VAS/minute,200000,False,0.001571091908876665,-0.21052631578947367,-0.21153846153846154,4724,-0.208955223880597,5281,6.835581480131234e-05,-0.004807692307692308,-0.0048543689320388345,194720,-0.004739336492890996,195277
0.0,0.01,200000,0.0,10,6.868131868131868e-05,1,206,0.0,9,median_rate,MC_PRECISION_MET,success_conditional_descriptive_resampling_range_not_population_CI,0,VAS/minute,200000,True,0.0,0.0,0.0,4724,0.0,5281,0.0,0.0,0.0,194720,0.0,195277
0.0010192195690157252,0.002,200000,0.09801576132845483,10,6.868131868131868e-05,1,206,0.15048543689320387,9,rise_proportion,MC_PRECISION_MET,success_conditional_descriptive_resampling_range_not_population_CI,0,proportion,200000,False,0.0010192195690157252,0.10294117647058823,0.1024390243902439,4724,0.10396039603960396,5281,0.000956937799043045,0.20095693779904306,0.2,194720,0.20187793427230047,195277
0.0011312217194570096,0.002,200000,0.11744840525328332,10,6.868131868131868e-05,1,206,0.24757281553398058,9,fall_proportion,MC_PRECISION_MET,success_conditional_descriptive_resampling_range_not_population_CI,0,proportion,200000,False,0.0009235140895098304,0.1902439024390244,0.18932038834951456,4724,0.19047619047619047,5281,0.0011312217194570096,0.3076923076923077,0.3073170731707317,194720,0.3088235294117647,195277
0.0016025641025640969,0.002,200000,0.13395550527903466,10,6.868131868131868e-05,1,206,0.6019417475728155,9,unchanged_proportion,MC_PRECISION_MET,success_conditional_descriptive_resampling_range_not_population_CI,0,proportion,200000,False,0.0010398098633392916,0.5343137254901961,0.5336538461538461,4724,0.5353535353535354,5281,0.0016025641025640969,0.6682692307692307,0.6666666666666666,194720,0.6682926829268293,195277
0.0019230769230769162,0.01,200000,0.27692307692307694,11,6.868131868131868e-05,1,194,-0.13917525773195877,10,mean_change,MC_PRECISION_MET,success_conditional_descriptive_resampling_range_not_population_CI,0,VAS,200000,False,0.0019230769230769162,-0.27692307692307694,-0.27835051546391754,4724,-0.275,5281,0.0,0.0,0.0,194720,0.0,195277
0.0,0.01,200000,0.0,11,6.868131868131868e-05,1,194,0.0,10,median_change,MC_PRECISION_MET,success_conditional_descriptive_resampling_range_not_population_CI,0,VAS,200000,True,0.0,0.0,0.0,4724,0.0,5281,0.0,0.0,0.0,194720,0.0,195277
0.0019230769230769162,0.01,200000,0.27692307692307694,11,6.868131868131868e-05,1,194,-0.13917525773195877,10,mean_rate,MC_PRECISION_MET,success_conditional_descriptive_resampling_range_not_population_CI,0,VAS/minute,200000,False,0.0019230769230769162,-0.27692307692307694,-0.27835051546391754,4724,-0.275,5281,0.0,0.0,0.0,194720,0.0,195277
0.0,0.01,200000,0.0,11,6.868131868131868e-05,1,194,0.0,10,median_rate,MC_PRECISION_MET,success_conditional_descriptive_resampling_range_not_population_CI,0,VAS/minute,200000,True,0.0,0.0,0.0,4724,0.0,5281,0.0,0.0,0.0,194720,0.0,195277
0.0012545682648775203,0.002,200000,0.11036684284891937,11,6.868131868131868e-05,1,194,0.19072164948453607,10,rise_proportion,MC_PRECISION_MET,success_conditional_descriptive_resampling_range_not_population_CI,0,proportion,200000,False,0.0006992644773645418,0.13705583756345177,0.13636363636363635,4724,0.1377551020408163,5281,0.0012545682648775203,0.24742268041237114,0.24731182795698925,194720,0.24867724867724866,195277
0.0012886597938144284,0.002,200000,0.13010204081632654,11,6.868131868131868e-05,1,194,0.30927835051546393,10,fall_proportion,MC_PRECISION_MET,success_conditional_descriptive_resampling_range_not_population_CI,0,proportion,200000,False,0.0011753392456459177,0.24489795918367346,0.24479166666666666,4724,0.24607329842931938,5281,0.0012886597938144284,0.375,0.37435897435897436,194720,0.37628865979381443,195277
0.0007588841785732825,0.002,200000,0.14062881480074874,11,6.868131868131868e-05,1,194,0.5,10,unchanged_proportion,MC_PRECISION_MET,success_conditional_descriptive_resampling_range_not_population_CI,0,proportion,200000,False,0.0007588841785732825,0.43005181347150256,0.4292929292929293,4724,0.4307692307692308,5281,0.0007479431563200967,0.5706806282722513,0.5699481865284974,194720,0.5714285714285714,195277
0.0045695045695045705,0.01,200000,0.2528897219618869,12,6.868131868131868e-05,1,193,-0.13989637305699482,11,mean_change,MC_PRECISION_MET,success_conditional_descriptive_resampling_range_not_population_CI,0,VAS,200000,False,0.0017095788219447794,-0.26804123711340205,-0.2694300518134715,4724,-0.2663316582914573,5281,0.0045695045695045705,-0.015151515151515152,-0.015463917525773196,194720,-0.010582010582010581,195277
0.0,0.01,200000,0.0,12,6.868131868131868e-05,1,193,0.0,11,median_change,MC_PRECISION_MET,success_conditional_descriptive_resampling_range_not_population_CI,0,VAS,200000,True,0.0,0.0,0.0,4724,0.0,5281,0.0,0.0,0.0,194720,0.0,195277
0.0045695045695045705,0.01,200000,0.2528897219618869,12,6.868131868131868e-05,1,193,-0.13989637305699482,11,mean_rate,MC_PRECISION_MET,success_conditional_descriptive_resampling_range_not_population_CI,0,VAS/minute,200000,False,0.0017095788219447794,-0.26804123711340205,-0.2694300518134715,4724,-0.2663316582914573,5281,0.0045695045695045705,-0.015151515151515152,-0.015463917525773196,194720,-0.010582010582010581,195277
0.0,0.01,200000,0.0,12,6.868131868131868e-05,1,193,0.0,11,median_rate,MC_PRECISION_MET,success_conditional_descriptive_resampling_range_not_population_CI,0,VAS/minute,200000,True,0.0,0.0,0.0,4724,0.0,5281,0.0,0.0,0.0,194720,0.0,195277
0.0009818360333824216,0.002,200000,0.10877115607255083,12,6.868131868131868e-05,1,193,0.18134715025906736,11,rise_proportion,MC_PRECISION_MET,success_conditional_descriptive_resampling_range_not_population_CI,0,proportion,200000,False,0.0006826715212197298,0.12834224598930483,0.1276595744680851,4724,0.12886597938144329,5281,0.0009818360333824216,0.23711340206185566,0.23655913978494625,194720,0.23809523809523808,195277
0.001262321059275373,0.002,200000,0.12629876360446307,12,6.868131868131868e-05,1,193,0.27979274611398963,11,fall_proportion,MC_PRECISION_MET,success_conditional_descriptive_resampling_range_not_population_CI,0,proportion,200000,False,0.0006853633796639058,0.21761658031088082,0.21693121693121692,4724,0.2182741116751269,5281,0.001262321059275373,0.3439153439153439,0.3435897435897436,194720,0.34517766497461927,195277
0.001084369214493508,0.002,200000,0.14095394736842104,12,6.868131868131868e-05,1,193,0.538860103626943,11,unchanged_proportion,MC_PRECISION_MET,success_conditional_descriptive_resampling_range_not_population_CI,0,proportion,200000,False,0.001084369214493508,0.46842105263157896,0.46733668341708545,4724,0.4690721649484536,5281,0.0009093915343915127,0.609375,0.6084656084656085,194720,0.6102564102564103,195277
0.0012807377049180446,0.01,200000,0.22664584959666928,13,6.868131868131868e-05,1,187,-0.1925133689839572,12,mean_change,MC_PRECISION_MET,success_conditional_descriptive_resampling_range_not_population_CI,0,VAS,200000,False,0.0012807377049180446,-0.30601092896174864,-0.3072916666666667,4724,-0.3048128342245989,5281,0.0012800819252432177,-0.07936507936507936,-0.08064516129032258,194720,-0.078125,195277
0.0,0.01,200000,0.0,13,6.868131868131868e-05,1,187,0.0,12,median_change,MC_PRECISION_MET,success_conditional_descriptive_resampling_range_not_population_CI,0,VAS,200000,True,0.0,0.0,0.0,4724,0.0,5281,0.0,0.0,0.0,194720,0.0,195277
0.0012807377049180446,0.01,200000,0.22664584959666928,13,6.868131868131868e-05,1,187,-0.1925133689839572,12,mean_rate,MC_PRECISION_MET,success_conditional_descriptive_resampling_range_not_population_CI,0,VAS/minute,200000,False,0.0012807377049180446,-0.30601092896174864,-0.3072916666666667,4724,-0.3048128342245989,5281,0.0012800819252432177,-0.07936507936507936,-0.08064516129032258,194720,-0.078125,195277
0.0,0.01,200000,0.0,13,6.868131868131868e-05,1,187,0.0,12,median_rate,MC_PRECISION_MET,success_conditional_descriptive_resampling_range_not_population_CI,0,VAS/minute,200000,True,0.0,0.0,0.0,4724,0.0,5281,0.0,0.0,0.0,194720,0.0,195277
0.0008912655971479444,0.002,200000,0.09209119054320293,13,6.868131868131868e-05,1,187,0.11764705882352941,12,rise_proportion,MC_PRECISION_MET,success_conditional_descriptive_resampling_range_not_population_CI,0,proportion,200000,False,0.00038986354775828735,0.07368421052631578,0.07329842931937172,4724,0.07407407407407407,5281,0.0008912655971479444,0.1657754010695187,0.16494845360824742,194720,0.16666666666666666,195277
0.0009574468085106203,0.002,200000,0.131120218579235,13,6.868131868131868e-05,1,187,0.2994652406417112,12,fall_proportion,MC_PRECISION_MET,success_conditional_descriptive_resampling_range_not_population_CI,0,proportion,200000,False,0.0009574468085106203,0.235,0.23404255319148937,4724,0.23563218390804597,5281,0.0009010580165096926,0.366120218579235,0.36548223350253806,194720,0.3670212765957447,195277
0.001991558171333452,0.002,200000,0.14161378587646267,13,6.868131868131868e-05,1,187,0.5828877005347594,12,unchanged_proportion,MC_PRECISION_MET,success_conditional_descriptive_resampling_range_not_population_CI,0,proportion,200000,False,0.001991558171333452,0.5112359550561798,0.510752688172043,4724,0.5132275132275133,5281,0.0012043131214115599,0.6528497409326425,0.6524064171122995,194720,0.654054054054054,195277
0.005021612001017035,0.01,200000,0.24786378487057048,14,6.868131868131868e-05,1,177,-0.11299435028248588,13,mean_change,MC_PRECISION_INSUFFICIENT,success_conditional_descriptive_resampling_range_not_population_CI,0,VAS,200000,False,0.001642143983184463,-0.23699421965317918,-0.23863636363636365,4724,-0.23563218390804597,5281,0.005021612001017035,0.010869565217391304,0.005847953216374269,194720,0.0111731843575419,195277
0.0,0.01,200000,0.0,14,6.868131868131868e-05,1,177,0.0,13,median_change,MC_PRECISION_MET,success_conditional_descriptive_resampling_range_not_population_CI,0,VAS,200000,True,0.0,0.0,0.0,4724,0.0,5281,0.0,0.0,0.0,194720,0.0,195277
0.005021612001017035,0.01,200000,0.24786378487057048,14,6.868131868131868e-05,1,177,-0.11299435028248588,13,mean_rate,MC_PRECISION_INSUFFICIENT,success_conditional_descriptive_resampling_range_not_population_CI,0,VAS/minute,200000,False,0.001642143983184463,-0.23699421965317918,-0.23863636363636365,4724,-0.23563218390804597,5281,0.005021612001017035,0.010869565217391304,0.005847953216374269,194720,0.0111731843575419,195277
0.0,0.01,200000,0.0,14,6.868131868131868e-05,1,177,0.0,13,median_rate,MC_PRECISION_MET,success_conditional_descriptive_resampling_range_not_population_CI,0,VAS/minute,200000,True,0.0,0.0,0.0,4724,0.0,5281,0.0,0.0,0.0,194720,0.0,195277
0.0007533902561526751,0.002,200000,0.11049723756906078,14,6.868131868131868e-05,1,177,0.1694915254237288,13,rise_proportion,MC_PRECISION_MET,success_conditional_descriptive_resampling_range_not_population_CI,0,proportion,200000,False,0.0006445672191528612,0.11602209944751381,0.11538461538461539,4724,0.11666666666666667,5281,0.0007533902561526751,0.2265193370165746,0.22598870056497175,194720,0.22727272727272727,195277
0.001090873028990802,0.002,200000,0.12851539126387876,14,6.868131868131868e-05,1,177,0.2542372881355932,13,fall_proportion,MC_PRECISION_MET,success_conditional_descriptive_resampling_range_not_population_CI,0,proportion,200000,False,0.0010791595251698205,0.19101123595505617,0.19021739130434784,4724,0.192090395480226,5281,0.001090873028990802,0.31952662721893493,0.31843575418994413,194720,0.3202247191011236,195277
0.001073639004673499,0.002,200000,0.1455267895945862,14,6.868131868131868e-05,1,177,0.576271186440678,13,unchanged_proportion,MC_PRECISION_MET,success_conditional_descriptive_resampling_range_not_population_CI,0,proportion,200000,False,9.26183199037034e-05,0.5028248587570622,0.5027322404371585,4724,0.5028901734104047,5281,0.001073639004673499,0.6483516483516484,0.6477272727272727,194720,0.6494252873563219,195277
0.0014114800376394676,0.01,200000,0.22589336358479864,15,6.868131868131868e-05,1,168,-0.13095238095238096,14,mean_change,MC_PRECISION_MET,success_conditional_descriptive_resampling_range_not_population_CI,0,VAS,200000,False,0.0014114800376394676,-0.2441860465116279,-0.24550898203592814,4724,-0.24277456647398843,5281,0.0006946588453226321,-0.018292682926829267,-0.0189873417721519,194720,-0.017857142857142856,195277
0.0,0.01,200000,0.0,15,6.868131868131868e-05,1,168,0.0,14,median_change,MC_PRECISION_MET,success_conditional_descriptive_resampling_range_not_population_CI,0,VAS,200000,True,0.0,0.0,0.0,4724,0.0,5281,0.0,0.0,0.0,194720,0.0,195277
0.0014114800376394676,0.01,200000,0.22589336358479864,15,6.868131868131868e-05,1,168,-0.13095238095238096,14,mean_rate,MC_PRECISION_MET,success_conditional_descriptive_resampling_range_not_population_CI,0,VAS/minute,200000,False,0.0014114800376394676,-0.2441860465116279,-0.24550898203592814,4724,-0.24277456647398843,5281,0.0006946588453226321,-0.018292682926829267,-0.0189873417721519,194720,-0.017857142857142856,195277
0.0,0.01,200000,0.0,15,6.868131868131868e-05,1,168,0.0,14,median_rate,MC_PRECISION_MET,success_conditional_descriptive_resampling_range_not_population_CI,0,VAS/minute,200000,True,0.0,0.0,0.0,4724,0.0,5281,0.0,0.0,0.0,194720,0.0,195277
0.0008774780630484147,0.002,200000,0.09979479084451459,15,6.868131868131868e-05,1,168,0.125,14,rise_proportion,MC_PRECISION_MET,success_conditional_descriptive_resampling_range_not_population_CI,0,proportion,200000,False,0.0008774780630484147,0.07734806629834254,0.07647058823529412,4724,0.07784431137724551,5281,0.0007712532865907229,0.17714285714285713,0.17647058823529413,194720,0.17791411042944785,195277
0.0009397841977027699,0.002,200000,0.1259865971705138,15,6.868131868131868e-05,1,168,0.22023809523809523,14,fall_proportion,MC_PRECISION_MET,success_conditional_descriptive_resampling_range_not_population_CI,0,proportion,200000,False,0.0009397841977027699,0.1588235294117647,0.15819209039548024,4724,0.15976331360946747,5281,0.0009041591320071984,0.2848101265822785,0.2839506172839506,194720,0.2857142857142857,195277
0.0009684508511192957,0.002,200000,0.1438361686688704,15,6.868131868131868e-05,1,168,0.6547619047619048,14,unchanged_proportion,MC_PRECISION_MET,success_conditional_descriptive_resampling_range_not_population_CI,0,proportion,200000,False,0.0008831321754488863,0.5822784810126582,0.5813953488372093,4724,0.5828571428571429,5281,0.0009684508511192957,0.7261146496815286,0.7251461988304093,194720,0.7267441860465116,195277
0.002439835865587228,0.01,200000,0.3321882514599794,16,6.868131868131868e-05,1,124,-0.056451612903225805,15,mean_change,MC_PRECISION_MET,success_conditional_descriptive_resampling_range_not_population_CI,0,VAS,200000,False,0.0017992802878848413,-0.21951219512195122,-0.22131147540983606,4724,-0.21774193548387097,5281,0.002439835865587228,0.11267605633802817,0.11023622047244094,194720,0.11475409836065574,195277
0.0,0.01,200000,0.0,16,6.868131868131868e-05,1,124,0.0,15,median_change,MC_PRECISION_MET,success_conditional_descriptive_resampling_range_not_population_CI,0,VAS,200000,True,0.0,0.0,0.0,4724,0.0,5281,0.0,0.0,0.0,194720,0.0,195277
0.002439835865587228,0.01,200000,0.3321882514599794,16,6.868131868131868e-05,1,124,-0.056451612903225805,15,mean_rate,MC_PRECISION_MET,success_conditional_descriptive_resampling_range_not_population_CI,0,VAS/minute,200000,False,0.0017992802878848413,-0.21951219512195122,-0.22131147540983606,4724,-0.21774193548387097,5281,0.002439835865587228,0.11267605633802817,0.11023622047244094,194720,0.11475409836065574,195277
0.0,0.01,200000,0.0,16,6.868131868131868e-05,1,124,0.0,15,median_rate,MC_PRECISION_MET,success_conditional_descriptive_resampling_range_not_population_CI,0,VAS/minute,200000,True,0.0,0.0,0.0,4724,0.0,5281,0.0,0.0,0.0,194720,0.0,195277
0.0016746759866026195,0.002,200000,0.1349244671311306,16,6.868131868131868e-05,1,124,0.1774193548387097,15,rise_proportion,MC_PRECISION_MET,success_conditional_descriptive_resampling_range_not_population_CI,0,proportion,200000,False,0.0007819548872180365,0.11278195488721804,0.112,4724,0.11304347826086956,5281,0.0016746759866026195,0.24770642201834864,0.24603174603174602,194720,0.248,195277
0.0013782097780356828,0.002,200000,0.1587183308494784,16,6.868131868131868e-05,1,124,0.28225806451612906,15,fall_proportion,MC_PRECISION_MET,success_conditional_descriptive_resampling_range_not_population_CI,0,proportion,200000,False,0.0013782097780356828,0.20491803278688525,0.20353982300884957,4724,0.20535714285714285,5281,0.0008045052292839916,0.36363636363636365,0.36283185840707965,194720,0.3644067796610169,195277
0.0013542409123307175,0.002,200000,0.1757330637007078,16,6.868131868131868e-05,1,124,0.5403225806451613,15,unchanged_proportion,MC_PRECISION_MET,success_conditional_descriptive_resampling_range_not_population_CI,0,proportion,200000,False,0.0013542409123307175,0.45217391304347826,0.45081967213114754,4724,0.453125,5281,0.0010413051023949738,0.627906976744186,0.6268656716417911,194720,0.6287878787878788,195277
0.0031746031746031633,0.01,200000,0.46296296296296297,17,6.868131868131868e-05,1,82,-0.15853658536585366,16,mean_change,MC_PRECISION_MET,success_conditional_descriptive_resampling_range_not_population_CI,0,VAS,200000,False,0.0031746031746031633,-0.3888888888888889,-0.3917525773195876,4724,-0.38571428571428573,5281,0.0028490028490028574,0.07407407407407407,0.07142857142857142,194720,0.07692307692307693,195277
0.0,0.01,200000,0.0,17,6.868131868131868e-05,1,82,0.0,16,median_change,MC_PRECISION_MET,success_conditional_descriptive_resampling_range_not_population_CI,0,VAS,200000,True,0.0,0.0,0.0,4724,0.0,5281,0.0,0.0,0.0,194720,0.0,195277
0.0031746031746031633,0.01,200000,0.46296296296296297,17,6.868131868131868e-05,1,82,-0.15853658536585366,16,mean_rate,MC_PRECISION_MET,success_conditional_descriptive_resampling_range_not_population_CI,0,VAS/minute,200000,False,0.0031746031746031633,-0.3888888888888889,-0.3917525773195876,4724,-0.38571428571428573,5281,0.0028490028490028574,0.07407407407407407,0.07142857142857142,194720,0.07692307692307693,195277
0.0,0.01,200000,0.0,17,6.868131868131868e-05,1,82,0.0,16,median_rate,MC_PRECISION_MET,success_conditional_descriptive_resampling_range_not_population_CI,0,VAS/minute,200000,True,0.0,0.0,0.0,4724,0.0,5281,0.0,0.0,0.0,194720,0.0,195277
0.0018939393939393923,0.002,200000,0.16826923076923075,17,6.868131868131868e-05,1,82,0.18292682926829268,16,rise_proportion,MC_PRECISION_MET,success_conditional_descriptive_resampling_range_not_population_CI,0,proportion,200000,False,0.0013320013320013424,0.10256410256410256,0.10227272727272728,4724,0.1038961038961039,5281,0.0018939393939393923,0.2708333333333333,0.2696629213483146,194720,0.2727272727272727,195277
0.001837621115937188,0.002,200000,0.19965967101531482,17,6.868131868131868e-05,1,82,0.3048780487804878,16,fall_proportion,MC_PRECISION_MET,success_conditional_descriptive_resampling_range_not_population_CI,0,proportion,200000,False,0.001837621115937188,0.2073170731707317,0.2054794520547945,4724,0.2079207920792079,5281,0.001571338780641085,0.4069767441860465,0.40540540540540543,194720,0.40789473684210525,195277
0.0021645021645021467,0.002,200000,0.21765576195955938,17,6.868131868131868e-05,1,82,0.5121951219512195,16,unchanged_proportion,MC_PRECISION_INSUFFICIENT,success_conditional_descriptive_resampling_range_not_population_CI,0,proportion,200000,False,0.0021645021645021467,0.4025974025974026,0.40229885057471265,4724,0.40476190476190477,5281,0.0013684570646596006,0.620253164556962,0.6190476190476191,194720,0.6216216216216216,195277
0.0033167495854063422,0.01,200000,0.486697965571205,18,6.868131868131868e-05,1,69,-0.18840579710144928,17,mean_change,MC_PRECISION_MET,success_conditional_descriptive_resampling_range_not_population_CI,0,VAS,200000,False,0.0033167495854063422,-0.4444444444444444,-0.44776119402985076,4724,-0.4411764705882353,5281,0.0025225982762245094,0.04225352112676056,0.04,194720,0.04477611940298507,195277
0.0,0.01,200000,0.0,18,6.868131868131868e-05,1,69,0.0,17,median_change,MC_PRECISION_MET,success_conditional_descriptive_resampling_range_not_population_CI,0,VAS,200000,True,0.0,0.0,0.0,4724,0.0,5281,0.0,0.0,0.0,194720,0.0,195277
0.0033167495854063422,0.01,200000,0.486697965571205,18,6.868131868131868e-05,1,69,-0.18840579710144928,17,mean_rate,MC_PRECISION_MET,success_conditional_descriptive_resampling_range_not_population_CI,0,VAS/minute,200000,False,0.0033167495854063422,-0.4444444444444444,-0.44776119402985076,4724,-0.4411764705882353,5281,0.0025225982762245094,0.04225352112676056,0.04,194720,0.04477611940298507,195277
0.0,0.01,200000,0.0,18,6.868131868131868e-05,1,69,0.0,17,median_rate,MC_PRECISION_MET,success_conditional_descriptive_resampling_range_not_population_CI,0,VAS/minute,200000,True,0.0,0.0,0.0,4724,0.0,5281,0.0,0.0,0.0,194720,0.0,195277
0.001984126984126977,0.002,200000,0.17962184873949577,18,6.868131868131868e-05,1,69,0.17391304347826086,17,rise_proportion,MC_PRECISION_MET,success_conditional_descriptive_resampling_range_not_population_CI,0,proportion,200000,False,0.0013169446883230795,0.08823529411764706,0.08771929824561403,4724,0.08955223880597014,5281,0.001984126984126977,0.26785714285714285,0.26666666666666666,194720,0.2698412698412698,195277
0.004694835680751186,0.002,200000,0.19819819819819817,18,6.868131868131868e-05,1,69,0.2318840579710145,17,fall_proportion,MC_PRECISION_INSUFFICIENT,success_conditional_descriptive_resampling_range_not_population_CI,0,proportion,200000,False,0.001228501228501211,0.13513513513513514,0.13432835820895522,4724,0.13636363636363635,5281,0.004694835680751186,0.3333333333333333,0.3333333333333333,194720,0.3380281690140845,195277
0.0016142050040354738,0.002,200000,0.23348694316436258,18,6.868131868131868e-05,1,69,0.5942028985507246,17,unchanged_proportion,MC_PRECISION_MET,success_conditional_descriptive_resampling_range_not_population_CI,0,proportion,200000,False,0.0016142050040354738,0.47619047619047616,0.4745762711864407,4724,0.47761194029850745,5281,0.0013440860215053752,0.7096774193548387,0.7083333333333334,194720,0.7105263157894737,195277
0.0033068783068783136,0.01,200000,0.47523041474654376,19,6.868131868131868e-05,1,59,-0.1694915254237288,18,mean_change,MC_PRECISION_MET,success_conditional_descriptive_resampling_range_not_population_CI,0,VAS,200000,False,0.0033068783068783136,-0.4107142857142857,-0.41379310344827586,4724,-0.4074074074074074,5281,0.003291639236339697,0.06451612903225806,0.061224489795918366,194720,0.06666666666666667,195277
0.0,0.01,200000,0.0,19,6.868131868131868e-05,1,59,0.0,18,median_change,MC_PRECISION_MET,success_conditional_descriptive_resampling_range_not_population_CI,0,VAS,200000,True,0.0,0.0,0.0,4724,0.0,5281,0.0,0.0,0.0,194720,0.0,195277
0.0033068783068783136,0.01,200000,0.47523041474654376,19,6.868131868131868e-05,1,59,-0.1694915254237288,18,mean_rate,MC_PRECISION_MET,success_conditional_descriptive_resampling_range_not_population_CI,0,VAS/minute,200000,False,0.0033068783068783136,-0.4107142857142857,-0.41379310344827586,4724,-0.4074074074074074,5281,0.003291639236339697,0.06451612903225806,0.061224489795918366,194720,0.06666666666666667,195277
0.0,0.01,200000,0.0,19,6.868131868131868e-05,1,59,0.0,18,median_rate,MC_PRECISION_MET,success_conditional_descriptive_resampling_range_not_population_CI,0,VAS/minute,200000,True,0.0,0.0,0.0,4724,0.0,5281,0.0,0.0,0.0,194720,0.0,195277
0.0011305822498586804,0.002,200000,0.20621225194132875,19,6.868131868131868e-05,1,59,0.2033898305084746,18,rise_proportion,MC_PRECISION_MET,success_conditional_descriptive_resampling_range_not_population_CI,0,proportion,200000,False,0.00111982082866742,0.10526315789473684,0.10416666666666667,4724,0.10638297872340426,5281,0.0011305822498586804,0.3114754098360656,0.3103448275862069,194720,0.3125,195277
0.0016835016835017313,0.002,200000,0.23196881091617932,19,6.868131868131868e-05,1,59,0.288135593220339,18,fall_proportion,MC_PRECISION_MET,success_conditional_descriptive_resampling_range_not_population_CI,0,proportion,200000,False,0.0015255530129671957,0.17543859649122806,0.17391304347826086,4724,0.17647058823529413,5281,0.0016835016835017313,0.4074074074074074,0.40625,194720,0.4090909090909091,195277
0.0018181818181818299,0.002,200000,0.25636363636363635,19,6.868131868131868e-05,1,59,0.5084745762711864,18,unchanged_proportion,MC_PRECISION_MET,success_conditional_descriptive_resampling_range_not_population_CI,0,proportion,200000,False,0.0018181818181818299,0.38,0.3787878787878788,4724,0.38181818181818183,5281,0.0015673981191223207,0.6363636363636364,0.6349206349206349,194720,0.6379310344827587,195277
0.004469987228607919,0.01,200000,0.5517241379310345,20,6.868131868131868e-05,1,56,-0.017857142857142856,19,mean_change,MC_PRECISION_MET,success_conditional_descriptive_resampling_range_not_population_CI,0,VAS,200000,False,0.004469987228607919,-0.3103448275862069,-0.3148148148148148,4724,-0.3064516129032258,5281,0.0039037085230969326,0.2413793103448276,0.2391304347826087,194720,0.24528301886792453,195277
0.0,0.01,200000,0.0,20,6.868131868131868e-05,1,56,0.0,19,median_change,MC_PRECISION_MET,success_conditional_descriptive_resampling_range_not_population_CI,0,VAS,200000,True,0.0,0.0,0.0,4724,0.0,5281,0.0,0.0,0.0,194720,0.0,195277
0.004469987228607919,0.01,200000,0.5517241379310345,20,6.868131868131868e-05,1,56,-0.017857142857142856,19,mean_rate,MC_PRECISION_MET,success_conditional_descriptive_resampling_range_not_population_CI,0,VAS/minute,200000,False,0.004469987228607919,-0.3103448275862069,-0.3148148148148148,4724,-0.3064516129032258,5281,0.0039037085230969326,0.2413793103448276,0.2391304347826087,194720,0.24528301886792453,195277
0.0,0.01,200000,0.0,20,6.868131868131868e-05,1,56,0.0,19,median_rate,MC_PRECISION_MET,success_conditional_descriptive_resampling_range_not_population_CI,0,VAS/minute,200000,True,0.0,0.0,0.0,4724,0.0,5281,0.0,0.0,0.0,194720,0.0,195277
0.001949317738791423,0.002,200000,0.22807017543859648,20,6.868131868131868e-05,1,56,0.25,19,rise_proportion,MC_PRECISION_MET,success_conditional_descriptive_resampling_range_not_population_CI,0,proportion,200000,False,0.0008159934720522177,0.14035087719298245,0.13953488372093023,4724,0.140625,5281,0.001949317738791423,0.3684210526315789,0.3673469387755102,194720,0.37037037037037035,195277
0.0018853695324283493,0.002,200000,0.2099686028257457,20,6.868131868131868e-05,1,56,0.19642857142857142,19,fall_proportion,MC_PRECISION_MET,success_conditional_descriptive_resampling_range_not_population_CI,0,proportion,200000,False,0.0018853695324283493,0.09615384615384616,0.09523809523809523,4724,0.09803921568627451,5281,0.0015698587127158659,0.30612244897959184,0.3050847457627119,194720,0.3076923076923077,195277
0.0020242914979757276,0.002,200000,0.26315789473684215,20,6.868131868131868e-05,1,56,0.5535714285714286,19,unchanged_proportion,MC_PRECISION_INSUFFICIENT,success_conditional_descriptive_resampling_range_not_population_CI,0,proportion,200000,False,0.0020242914979757276,0.42105263157894735,0.41935483870967744,4724,0.4230769230769231,5281,0.001670843776106934,0.6842105263157895,0.6825396825396826,194720,0.6851851851851852,195277
0.004390349923929615,0.01,200000,0.49793523147141916,3,6.868131868131868e-05,2,214,1.191588785046729,1,mean_change,MC_PRECISION_MET,success_conditional_descriptive_resampling_range_not_population_CI,0,VAS,200000,False,0.004390349923929615,0.9439252336448598,0.9395348837209302,4724,0.9481132075471698,5281,0.004148924555082534,1.441860465116279,1.439252336448598,194720,1.4460093896713615,195277
0.0,0.01,200000,0.0,3,6.868131868131868e-05,2,214,1.0,1,median_change,MC_PRECISION_MET,success_conditional_descriptive_resampling_range_not_population_CI,0,VAS,200000,True,0.0,1.0,1.0,4724,1.0,5281,0.0,1.0,1.0,194720,1.0,195277
0.0021951749619648075,0.01,200000,0.24896761573570958,3,6.868131868131868e-05,2,214,0.5957943925233645,1,mean_rate,MC_PRECISION_MET,success_conditional_descriptive_resampling_range_not_population_CI,0,VAS/minute,200000,False,0.0021951749619648075,0.4719626168224299,0.4697674418604651,4724,0.4740566037735849,5281,0.002074462277541267,0.7209302325581395,0.719626168224299,194720,0.7230046948356808,195277
0.0,0.01,200000,0.0,3,6.868131868131868e-05,2,214,0.5,1,median_rate,MC_PRECISION_MET,success_conditional_descriptive_resampling_range_not_population_CI,0,VAS/minute,200000,True,0.0,0.5,0.5,4724,0.5,5281,0.0,0.5,0.5,194720,0.5,195277
0.0012388611171484376,0.002,200000,0.12558139534883728,3,6.868131868131868e-05,2,214,0.6728971962616822,1,rise_proportion,MC_PRECISION_MET,success_conditional_descriptive_resampling_range_not_population_CI,0,proportion,200000,False,0.0008117595436594183,0.6093023255813953,0.6084905660377359,4724,0.6093023255813953,5281,0.0012388611171484376,0.7348837209302326,0.7336448598130841,194720,0.7348837209302326,195277
0.002860574298504198,0.002,200000,0.09389671361502348,3,6.868131868131868e-05,2,214,0.14485981308411214,1,fall_proportion,MC_PRECISION_INSUFFICIENT,success_conditional_descriptive_resampling_range_not_population_CI,0,proportion,200000,False,0.0004607081742793173,0.09859154929577464,0.09813084112149532,4724,0.09859154929577464,5281,0.002860574298504198,0.19248826291079812,0.19248826291079812,194720,0.19534883720930232,195277
0.0024675182880227187,0.002,200000,0.10328638497652581,3,6.868131868131868e-05,2,214,0.1822429906542056,1,unchanged_proportion,MC_PRECISION_INSUFFICIENT,success_conditional_descriptive_resampling_range_not_population_CI,0,proportion,200000,False,0.0006200726370803322,0.13145539906103287,0.1308411214953271,4724,0.1320754716981132,5281,0.0024675182880227187,0.2347417840375587,0.2347417840375587,194720,0.2372093023255814,195277
0.0030782177340774597,0.01,200000,0.460093896713615,4,6.868131868131868e-05,2,213,0.4225352112676056,2,mean_change,MC_PRECISION_MET,success_conditional_descriptive_resampling_range_not_population_CI,0,VAS,200000,False,0.0029148031951583275,0.19248826291079812,0.1895734597156398,4724,0.19534883720930232,5281,0.0030782177340774597,0.6525821596244131,0.6495327102803738,194720,0.6556603773584906,195277
0.0,0.01,200000,1.0,4,6.868131868131868e-05,2,213,1.0,2,median_change,MC_PRECISION_MET,success_conditional_descriptive_resampling_range_not_population_CI,0,VAS,200000,False,0.0,0.0,0.0,4724,0.0,5281,0.0,1.0,1.0,194720,1.0,195277
0.0015391088670387298,0.01,200000,0.2300469483568075,4,6.868131868131868e-05,2,213,0.2112676056338028,2,mean_rate,MC_PRECISION_MET,success_conditional_descriptive_resampling_range_not_population_CI,0,VAS/minute,200000,False,0.0014574015975791638,0.09624413145539906,0.0947867298578199,4724,0.09767441860465116,5281,0.0015391088670387298,0.32629107981220656,0.3247663551401869,194720,0.3278301886792453,195277
0.0,0.01,200000,0.5,4,6.868131868131868e-05,2,213,0.5,2,median_rate,MC_PRECISION_MET,success_conditional_descriptive_resampling_range_not_population_CI,0,VAS/minute,200000,False,0.0,0.0,0.0,4724,0.0,5281,0.0,0.5,0.5,194720,0.5,195277
0.001638835983523046,0.002,200000,0.13387518270806575,4,6.868131868131868e-05,2,213,0.5164319248826291,2,rise_proportion,MC_PRECISION_MET,success_conditional_descriptive_resampling_range_not_population_CI,0,proportion,200000,False,0.001638835983523046,0.45023696682464454,0.4485981308411215,4724,0.4507042253521127,5281,0.001173760907117849,0.5841121495327103,0.5829383886255924,194720,0.5841121495327103,195277
0.0009128450336883254,0.002,200000,0.11682242990654204,4,6.868131868131868e-05,2,213,0.2535211267605634,2,fall_proportion,MC_PRECISION_MET,success_conditional_descriptive_resampling_range_not_population_CI,0,proportion,200000,False,0.0009128450336883254,0.19626168224299065,0.19534883720930232,4724,0.19626168224299065,5281,0.00028790361872699233,0.3130841121495327,0.3127962085308057,194720,0.3130841121495327,195277
0.0013508725307821434,0.002,200000,0.11320754716981132,4,6.868131868131868e-05,2,213,0.2300469483568075,2,unchanged_proportion,MC_PRECISION_MET,success_conditional_descriptive_resampling_range_not_population_CI,0,proportion,200000,False,0.0008193816989990055,0.17452830188679244,0.17370892018779344,4724,0.17452830188679244,5281,0.0013508725307821434,0.28773584905660377,0.2863849765258216,194720,0.28837209302325584,195277
0.0030997304582210117,0.01,200000,0.4390342052313883,5,6.868131868131868e-05,2,212,-0.04716981132075472,3,mean_change,MC_PRECISION_MET,success_conditional_descriptive_resampling_range_not_population_CI,0,VAS,200000,False,0.0025365462919698656,-0.2676056338028169,-0.27014218009478674,4724,-0.2651162790697674,5281,0.0030997304582210117,0.17142857142857143,0.16901408450704225,194720,0.17452830188679244,195277
0.0,0.01,200000,0.0,5,6.868131868131868e-05,2,212,0.0,3,median_change,MC_PRECISION_MET,success_conditional_descriptive_resampling_range_not_population_CI,0,VAS,200000,True,0.0,0.0,0.0,4724,0.0,5281,0.0,0.0,0.0,194720,0.0,195277
0.0015498652291105058,0.01,200000,0.21951710261569415,5,6.868131868131868e-05,2,212,-0.02358490566037736,3,mean_rate,MC_PRECISION_MET,success_conditional_descriptive_resampling_range_not_population_CI,0,VAS/minute,200000,False,0.0012682731459849328,-0.13380281690140844,-0.13507109004739337,4724,-0.1325581395348837,5281,0.0015498652291105058,0.08571428571428572,0.08450704225352113,194720,0.08726415094339622,195277
0.0,0.01,200000,0.0,5,6.868131868131868e-05,2,212,0.0,3,median_rate,MC_PRECISION_MET,success_conditional_descriptive_resampling_range_not_population_CI,0,VAS/minute,200000,True,0.0,0.0,0.0,4724,0.0,5281,0.0,0.0,0.0,194720,0.0,195277
0.0010801278518681734,0.002,200000,0.13062237324510417,5,6.868131868131868e-05,2,212,0.37264150943396224,3,rise_proportion,MC_PRECISION_MET,success_conditional_descriptive_resampling_range_not_population_CI,0,proportion,200000,False,0.0010801278518681734,0.3080568720379147,0.30697674418604654,4724,0.308411214953271,5281,0.0005840071877807884,0.4386792452830189,0.4380952380952381,194720,0.4392523364485981,195277
0.0014443692168810696,0.002,200000,0.13001579778830963,5,6.868131868131868e-05,2,212,0.36792452830188677,3,fall_proportion,MC_PRECISION_MET,success_conditional_descriptive_resampling_range_not_population_CI,0,proportion,200000,False,0.0014443692168810696,0.3033175355450237,0.3033175355450237,4724,0.3047619047619048,5281,0.0007751937984496471,0.43333333333333335,0.4325581395348837,194720,0.4339622641509434,195277
0.0015058906900522473,0.002,200000,0.11737089201877934,5,6.868131868131868e-05,2,212,0.25943396226415094,3,unchanged_proportion,MC_PRECISION_MET,success_conditional_descriptive_resampling_range_not_population_CI,0,proportion,200000,False,0.0009433548330481378,0.20187793427230047,0.20093457943925233,4724,0.20187793427230047,5281,0.0015058906900522473,0.3192488262910798,0.319047619047619,194720,0.32075471698113206,195277
0.004141382823227173,0.01,200000,0.3987022190725074,6,6.868131868131868e-05,2,212,-0.24056603773584906,4,mean_change,MC_PRECISION_MET,success_conditional_descriptive_resampling_range_not_population_CI,0,VAS,200000,False,0.002637932576231794,-0.44075829383886256,-0.44339622641509435,4724,-0.4386792452830189,5281,0.004141382823227173,-0.04205607476635514,-0.04265402843601896,194720,-0.037914691943127965,195277
0.0,0.01,200000,0.0,6,6.868131868131868e-05,2,212,0.0,4,median_change,MC_PRECISION_MET,success_conditional_descriptive_resampling_range_not_population_CI,0,VAS,200000,True,0.0,0.0,0.0,4724,0.0,5281,0.0,0.0,0.0,194720,0.0,195277
0.0020706914116135865,0.01,200000,0.1993511095362537,6,6.868131868131868e-05,2,212,-0.12028301886792453,4,mean_rate,MC_PRECISION_MET,success_conditional_descriptive_resampling_range_not_population_CI,0,VAS/minute,200000,False,0.001318966288115897,-0.22037914691943128,-0.22169811320754718,4724,-0.21933962264150944,5281,0.0020706914116135865,-0.02102803738317757,-0.02132701421800948,194720,-0.018957345971563982,195277
0.0,0.01,200000,0.0,6,6.868131868131868e-05,2,212,0.0,4,median_rate,MC_PRECISION_MET,success_conditional_descriptive_resampling_range_not_population_CI,0,VAS/minute,200000,True,0.0,0.0,0.0,4724,0.0,5281,0.0,0.0,0.0,194720,0.0,195277
0.0013225180744136922,0.002,200000,0.12309810826673889,6,6.868131868131868e-05,2,212,0.2971698113207547,4,rise_proportion,MC_PRECISION_MET,success_conditional_descriptive_resampling_range_not_population_CI,0,proportion,200000,False,0.0008659192416370365,0.23671497584541062,0.2358490566037736,4724,0.23696682464454977,5281,0.0013225180744136922,0.3598130841121495,0.3584905660377358,194720,0.36018957345971564,195277
0.001520996362834759,0.002,200000,0.13203159280386134,6,6.868131868131868e-05,2,212,0.39622641509433965,4,fall_proportion,MC_PRECISION_MET,success_conditional_descriptive_resampling_range_not_population_CI,0,proportion,200000,False,0.001520996362834759,0.3302325581395349,0.330188679245283,4724,0.33175355450236965,5281,0.0003593890386343057,0.46226415094339623,0.46190476190476193,194720,0.46261682242990654,195277
0.00122377233384513,0.002,200000,0.12438522757757309,6,6.868131868131868e-05,2,212,0.30660377358490565,4,unchanged_proportion,MC_PRECISION_MET,success_conditional_descriptive_resampling_range_not_population_CI,0,proportion,200000,False,0.0011624787624072153,0.24528301886792453,0.24413145539906103,4724,0.24644549763033174,5281,0.00122377233384513,0.3696682464454976,0.3691588785046729,194720,0.37089201877934275,195277
0.0033359407352873405,0.01,200000,0.40065447980139923,7,6.868131868131868e-05,2,211,-0.33649289099526064,5,mean_change,MC_PRECISION_MET,success_conditional_descriptive_resampling_range_not_population_CI,0,VAS,200000,False,0.0025746183640921183,-0.5380952380952381,-0.5406698564593302,4724,-0.5358851674641149,5281,0.0033359407352873405,-0.13744075829383887,-0.1407766990291262,194720,-0.13551401869158877,195277
0.0,0.01,200000,0.0,7,6.868131868131868e-05,2,211,0.0,5,median_change,MC_PRECISION_MET,success_conditional_descriptive_resampling_range_not_population_CI,0,VAS,200000,True,0.0,0.0,0.0,4724,0.0,5281,0.0,0.0,0.0,194720,0.0,195277
0.0016679703676436702,0.01,200000,0.20032723990069962,7,6.868131868131868e-05,2,211,-0.16824644549763032,5,mean_rate,MC_PRECISION_MET,success_conditional_descriptive_resampling_range_not_population_CI,0,VAS/minute,200000,False,0.0012873091820460592,-0.26904761904761904,-0.2703349282296651,4724,-0.2679425837320574,5281,0.0016679703676436702,-0.06872037914691943,-0.0703883495145631,194720,-0.06775700934579439,195277
0.0,0.01,200000,0.0,7,6.868131868131868e-05,2,211,0.0,5,median_rate,MC_PRECISION_MET,success_conditional_descriptive_resampling_range_not_population_CI,0,VAS/minute,200000,True,0.0,0.0,0.0,4724,0.0,5281,0.0,0.0,0.0,194720,0.0,195277
0.0012699564586357015,0.002,200000,0.11792452830188677,7,6.868131868131868e-05,2,211,0.2559241706161137,5,rise_proportion,MC_PRECISION_MET,success_conditional_descriptive_resampling_range_not_population_CI,0,proportion,200000,False,0.0009389251542519794,0.19811320754716982,0.19718309859154928,4724,0.1990521327014218,5281,0.0012699564586357015,0.3160377358490566,0.3157894736842105,194720,0.3173076923076923,195277
0.0015644411724106133,0.002,200000,0.13267927536873814,7,6.868131868131868e-05,2,211,0.3981042654028436,5,fall_proportion,MC_PRECISION_MET,success_conditional_descriptive_resampling_range_not_population_CI,0,proportion,200000,False,0.0015576323987538943,0.3317757009345794,0.33175355450236965,4724,0.3333333333333333,5281,0.0015644411724106133,0.46445497630331756,0.46411483253588515,194720,0.46601941747572817,195277
0.001105895097950671,0.002,200000,0.12808070777286273,7,6.868131868131868e-05,2,211,0.3459715639810427,5,unchanged_proportion,MC_PRECISION_MET,success_conditional_descriptive_resampling_range_not_population_CI,0,proportion,200000,False,0.000722217206824971,0.2822966507177033,0.28169014084507044,4724,0.2830188679245283,5281,0.001105895097950671,0.41037735849056606,0.41037735849056606,194720,0.41148325358851673,195277
0.0031671527524608084,0.01,200000,0.34123222748815163,8,6.868131868131868e-05,2,210,-0.2857142857142857,6,mean_change,MC_PRECISION_MET,success_conditional_descriptive_resampling_range_not_population_CI,0,VAS,200000,False,0.00257086649378524,-0.4549763033175355,-0.45754716981132076,4724,-0.4532710280373832,5281,0.0031671527524608084,-0.11374407582938388,-0.11483253588516747,194720,-0.11057692307692307,195277
0.0,0.01,200000,1.0,8,6.868131868131868e-05,2,210,0.0,6,median_change,MC_PRECISION_MET,success_conditional_descriptive_resampling_range_not_population_CI,0,VAS,200000,False,0.0,-1.0,-1.0,4724,-1.0,5281,0.0,0.0,0.0,194720,0.0,195277
0.0015835763762304042,0.01,200000,0.17061611374407581,8,6.868131868131868e-05,2,210,-0.14285714285714285,6,mean_rate,MC_PRECISION_MET,success_conditional_descriptive_resampling_range_not_population_CI,0,VAS/minute,200000,False,0.00128543324689262,-0.22748815165876776,-0.22877358490566038,4724,-0.2266355140186916,5281,0.0015835763762304042,-0.05687203791469194,-0.05741626794258373,194720,-0.055288461538461536,195277
0.0,0.01,200000,0.5,8,6.868131868131868e-05,2,210,0.0,6,median_rate,MC_PRECISION_MET,success_conditional_descriptive_resampling_range_not_population_CI,0,VAS/minute,200000,False,0.0,-0.5,-0.5,4724,-0.5,5281,0.0,0.0,0.0,194720,0.0,195277
0.0013796172674677698,0.002,200000,0.11863843734774326,8,6.868131868131868e-05,2,210,0.2619047619047619,6,rise_proportion,MC_PRECISION_MET,success_conditional_descriptive_resampling_range_not_population_CI,0,proportion,200000,False,0.0009704355675919651,0.2037914691943128,0.2028985507246377,4724,0.20476190476190476,5281,0.0013796172674677698,0.32242990654205606,0.3222748815165877,194720,0.3238095238095238,195277
0.0006097560975609762,0.002,200000,0.1339140534262485,8,6.868131868131868e-05,2,210,0.44285714285714284,6,fall_proportion,MC_PRECISION_MET,success_conditional_descriptive_resampling_range_not_population_CI,0,proportion,200000,False,0.0006097560975609762,0.375609756097561,0.375,4724,0.3761904761904762,5281,0.00018492834026817562,0.5095238095238095,0.5094339622641509,194720,0.5097087378640777,195277
0.001363751935834323,0.002,200000,0.12303816193976375,8,6.868131868131868e-05,2,210,0.29523809523809524,6,unchanged_proportion,MC_PRECISION_MET,success_conditional_descriptive_resampling_range_not_population_CI,0,proportion,200000,False,0.0011271623113728313,0.23444976076555024,0.23414634146341465,4724,0.23557692307692307,5281,0.001363751935834323,0.357487922705314,0.35714285714285715,194720,0.3588516746411483,195277
0.003182453007303618,0.01,200000,0.3159326485624502,9,6.868131868131868e-05,2,208,-0.2403846153846154,7,mean_change,MC_PRECISION_MET,success_conditional_descriptive_resampling_range_not_population_CI,0,VAS,200000,False,0.002820157189089234,-0.39805825242718446,-0.4,4724,-0.3952380952380952,5281,0.003182453007303618,-0.0821256038647343,-0.08530805687203792,194720,-0.08095238095238096,195277
0.0,0.01,200000,0.0,9,6.868131868131868e-05,2,208,0.0,7,median_change,MC_PRECISION_MET,success_conditional_descriptive_resampling_range_not_population_CI,0,VAS,200000,True,0.0,0.0,0.0,4724,0.0,5281,0.0,0.0,0.0,194720,0.0,195277
0.001591226503651809,0.01,200000,0.1579663242812251,9,6.868131868131868e-05,2,208,-0.1201923076923077,7,mean_rate,MC_PRECISION_MET,success_conditional_descriptive_resampling_range_not_population_CI,0,VAS/minute,200000,False,0.001410078594544617,-0.19902912621359223,-0.2,4724,-0.1976190476190476,5281,0.001591226503651809,-0.04106280193236715,-0.04265402843601896,194720,-0.04047619047619048,195277
0.0,0.01,200000,0.0,9,6.868131868131868e-05,2,208,0.0,7,median_rate,MC_PRECISION_MET,success_conditional_descriptive_resampling_range_not_population_CI,0,VAS/minute,200000,True,0.0,0.0,0.0,4724,0.0,5281,0.0,0.0,0.0,194720,0.0,195277
0.0009380863039399334,0.002,200000,0.11039794608472403,9,6.868131868131868e-05,2,208,0.21153846153846154,7,rise_proportion,MC_PRECISION_MET,success_conditional_descriptive_resampling_range_not_population_CI,0,proportion,200000,False,0.0007518796992481147,0.15789473684210525,0.15714285714285714,4724,0.15841584158415842,5281,0.0009380863039399334,0.2682926829268293,0.2679425837320574,194720,0.2692307692307692,195277
0.0012134533049431018,0.002,200000,0.13206876953680025,9,6.868131868131868e-05,2,208,0.3798076923076923,7,fall_proportion,MC_PRECISION_MET,success_conditional_descriptive_resampling_range_not_population_CI,0,proportion,200000,False,0.0012134533049431018,0.3140096618357488,0.3127962085308057,4724,0.3145539906103286,5281,0.0011023548175251308,0.44607843137254904,0.4449760765550239,194720,0.44711538461538464,195277
0.0013937282229964931,0.002,200000,0.13310439560439558,9,6.868131868131868e-05,2,208,0.40865384615384615,7,unchanged_proportion,MC_PRECISION_MET,success_conditional_descriptive_resampling_range_not_population_CI,0,proportion,200000,False,0.0013937282229964931,0.34285714285714286,0.34146341463414637,4724,0.34299516908212563,5281,0.0002333831217325999,0.47596153846153844,0.47572815533980584,194720,0.47619047619047616,195277
0.0020602443876100995,0.01,200000,0.26281600300173535,10,6.868131868131868e-05,2,206,-0.27184466019417475,8,mean_change,MC_PRECISION_MET,success_conditional_descriptive_resampling_range_not_population_CI,0,VAS,200000,False,0.001965427421264543,-0.4029126213592233,-0.40487804878048783,4724,-0.400990099009901,5281,0.0020602443876100995,-0.14009661835748793,-0.14215686274509803,194720,-0.13875598086124402,195277
0.0,0.01,200000,0.0,10,6.868131868131868e-05,2,206,0.0,8,median_change,MC_PRECISION_MET,success_conditional_descriptive_resampling_range_not_population_CI,0,VAS,200000,True,0.0,0.0,0.0,4724,0.0,5281,0.0,0.0,0.0,194720,0.0,195277
0.0010301221938050498,0.01,200000,0.13140800150086768,10,6.868131868131868e-05,2,206,-0.13592233009708737,8,mean_rate,MC_PRECISION_MET,success_conditional_descriptive_resampling_range_not_population_CI,0,VAS/minute,200000,False,0.0009827137106322714,-0.20145631067961164,-0.20243902439024392,4724,-0.2004950495049505,5281,0.0010301221938050498,-0.07004830917874397,-0.07107843137254902,194720,-0.06937799043062201,195277
0.0,0.01,200000,0.0,10,6.868131868131868e-05,2,206,0.0,8,median_rate,MC_PRECISION_MET,success_conditional_descriptive_resampling_range_not_population_CI,0,VAS/minute,200000,True,0.0,0.0,0.0,4724,0.0,5281,0.0,0.0,0.0,194720,0.0,195277
0.0008826125330979873,0.002,200000,0.10375342593022717,10,6.868131868131868e-05,2,206,0.17475728155339806,8,rise_proportion,MC_PRECISION_MET,success_conditional_descriptive_resampling_range_not_population_CI,0,proportion,200000,False,0.000598086124401917,0.12440191387559808,0.12380952380952381,4724,0.125,5281,0.0008826125330979873,0.22815533980582525,0.22727272727272727,194720,0.22885572139303484,195277
0.001225490196078427,0.002,200000,0.13304455445544555,10,6.868131868131868e-05,2,206,0.3786407766990291,8,fall_proportion,MC_PRECISION_MET,success_conditional_descriptive_resampling_range_not_population_CI,0,proportion,200000,False,0.001225490196078427,0.3125,0.3121951219512195,4724,0.3137254901960784,5281,0.001100110011001132,0.44554455445544555,0.4444444444444444,194720,0.44660194174757284,195277
0.001166915608663166,0.002,200000,0.13592233009708737,10,6.868131868131868e-05,2,206,0.44660194174757284,8,unchanged_proportion,MC_PRECISION_MET,success_conditional_descriptive_resampling_range_not_population_CI,0,proportion,200000,False,0.001166915608663166,0.3786407766990291,0.37799043062200954,4724,0.3798076923076923,5281,0.0002883783523983663,0.5145631067961165,0.5144230769230769,194720,0.5148514851485149,195277
0.0022391401701746527,0.01,200000,0.3254714634024979,11,6.868131868131868e-05,2,194,-0.25257731958762886,9,mean_change,MC_PRECISION_MET,success_conditional_descriptive_resampling_range_not_population_CI,0,VAS,200000,False,0.002102240680920908,-0.41414141414141414,-0.41624365482233505,4724,-0.41237113402061853,5281,0.0022391401701746527,-0.08866995073891626,-0.09090909090909091,194720,-0.08695652173913043,195277
0.0,0.01,200000,0.0,11,6.868131868131868e-05,2,194,0.0,9,median_change,MC_PRECISION_MET,success_conditional_descriptive_resampling_range_not_population_CI,0,VAS,200000,True,0.0,0.0,0.0,4724,0.0,5281,0.0,0.0,0.0,194720,0.0,195277
0.0011195700850873264,0.01,200000,0.16273573170124894,11,6.868131868131868e-05,2,194,-0.12628865979381443,9,mean_rate,MC_PRECISION_MET,success_conditional_descriptive_resampling_range_not_population_CI,0,VAS/minute,200000,False,0.001051120340460454,-0.20707070707070707,-0.20812182741116753,4724,-0.20618556701030927,5281,0.0011195700850873264,-0.04433497536945813,-0.045454545454545456,194720,-0.043478260869565216,195277
0.0,0.01,200000,0.0,11,6.868131868131868e-05,2,194,0.0,9,median_rate,MC_PRECISION_MET,success_conditional_descriptive_resampling_range_not_population_CI,0,VAS/minute,200000,True,0.0,0.0,0.0,4724,0.0,5281,0.0,0.0,0.0,194720,0.0,195277
0.0007825993091536976,0.002,200000,0.11350859788359788,11,6.868131868131868e-05,2,194,0.20618556701030927,9,rise_proportion,MC_PRECISION_MET,success_conditional_descriptive_resampling_range_not_population_CI,0,proportion,200000,False,0.0007825993091536976,0.15104166666666666,0.15025906735751296,4724,0.15151515151515152,5281,0.0007558578987150733,0.26455026455026454,0.2639593908629442,194720,0.2653061224489796,195277
0.0013495276653170962,0.002,200000,0.13846153846153847,11,6.868131868131868e-05,2,194,0.4175257731958763,9,fall_proportion,MC_PRECISION_MET,success_conditional_descriptive_resampling_range_not_population_CI,0,proportion,200000,False,0.0013495276653170962,0.3487179487179487,0.3473684210526316,4724,0.3492063492063492,5281,0.0002684924150892498,0.48717948717948717,0.4869109947643979,194720,0.48743718592964824,195277
0.0008197154794013506,0.002,200000,0.1361256544502618,11,6.868131868131868e-05,2,194,0.37628865979381443,9,unchanged_proportion,MC_PRECISION_MET,success_conditional_descriptive_resampling_range_not_population_CI,0,proportion,200000,False,0.0008197154794013506,0.3089005235602094,0.30808080808080807,4724,0.3096446700507614,5281,0.0005817335660268097,0.44502617801047123,0.4444444444444444,194720,0.44559585492227977,195277
0.002537664280371832,0.01,200000,0.36684480373274014,12,6.868131868131868e-05,2,193,-0.27979274611398963,10,mean_change,MC_PRECISION_MET,success_conditional_descriptive_resampling_range_not_population_CI,0,VAS,200000,False,0.0024287564766839465,-0.46632124352331605,-0.46875,4724,-0.4639175257731959,5281,0.002537664280371832,-0.09947643979057591,-0.10152284263959391,194720,-0.09693877551020408,195277
0.0,0.01,200000,0.0,12,6.868131868131868e-05,2,193,0.0,10,median_change,MC_PRECISION_MET,success_conditional_descriptive_resampling_range_not_population_CI,0,VAS,200000,True,0.0,0.0,0.0,4724,0.0,5281,0.0,0.0,0.0,194720,0.0,195277
0.001268832140185916,0.01,200000,0.18342240186637007,12,6.868131868131868e-05,2,193,-0.13989637305699482,10,mean_rate,MC_PRECISION_MET,success_conditional_descriptive_resampling_range_not_population_CI,0,VAS/minute,200000,False,0.0012143782383419732,-0.23316062176165803,-0.234375,4724,-0.23195876288659795,5281,0.001268832140185916,-0.049738219895287955,-0.050761421319796954,194720,-0.04846938775510204,195277
0.0,0.01,200000,0.0,12,6.868131868131868e-05,2,193,0.0,10,median_rate,MC_PRECISION_MET,success_conditional_descriptive_resampling_range_not_population_CI,0,VAS/minute,200000,True,0.0,0.0,0.0,4724,0.0,5281,0.0,0.0,0.0,194720,0.0,195277
0.001136724119699728,0.002,200000,0.11299595980524191,12,6.868131868131868e-05,2,193,0.20207253886010362,10,rise_proportion,MC_PRECISION_MET,success_conditional_descriptive_resampling_range_not_population_CI,0,proportion,200000,False,0.0007434753627647006,0.14720812182741116,0.14646464646464646,4724,0.14736842105263157,5281,0.001136724119699728,0.2602040816326531,0.25906735751295334,194720,0.26063829787234044,195277
0.0012679861072826815,0.002,200000,0.1370391218688432,12,6.868131868131868e-05,2,193,0.38860103626943004,10,fall_proportion,MC_PRECISION_MET,success_conditional_descriptive_resampling_range_not_population_CI,0,proportion,200000,False,0.0012679861072826815,0.32085561497326204,0.31958762886597936,4724,0.32124352331606215,5281,0.0010419449639326728,0.45789473684210524,0.45685279187817257,194720,0.4583333333333333,195277
0.0015225985682230658,0.002,200000,0.1390673071733146,12,6.868131868131868e-05,2,193,0.40932642487046633,10,unchanged_proportion,MC_PRECISION_MET,success_conditional_descriptive_resampling_range_not_population_CI,0,proportion,200000,False,0.0015225985682230658,0.3403141361256545,0.3401015228426396,4724,0.34183673469387754,5281,0.00043407487791646826,0.4793814432989691,0.4789473684210526,194720,0.4797979797979798,195277
0.0029686403627138536,0.01,200000,0.3860568434242752,13,6.868131868131868e-05,2,187,-0.33689839572192515,11,mean_change,MC_PRECISION_MET,success_conditional_descriptive_resampling_range_not_population_CI,0,VAS,200000,False,0.0025802926355412703,-0.5303867403314917,-0.532967032967033,4724,-0.5284090909090909,5281,0.0029686403627138536,-0.14432989690721648,-0.14606741573033707,194720,-0.14136125654450263,195277
0.0,0.01,200000,0.0,13,6.868131868131868e-05,2,187,0.0,11,median_change,MC_PRECISION_MET,success_conditional_descriptive_resampling_range_not_population_CI,0,VAS,200000,True,0.0,0.0,0.0,4724,0.0,5281,0.0,0.0,0.0,194720,0.0,195277
0.0014843201813569268,0.01,200000,0.1930284217121376,13,6.868131868131868e-05,2,187,-0.16844919786096257,11,mean_rate,MC_PRECISION_MET,success_conditional_descriptive_resampling_range_not_population_CI,0,VAS/minute,200000,False,0.0012901463177706352,-0.26519337016574585,-0.2664835164835165,4724,-0.26420454545454547,5281,0.0014843201813569268,-0.07216494845360824,-0.07303370786516854,194720,-0.07068062827225131,195277
0.0,0.01,200000,0.0,13,6.868131868131868e-05,2,187,0.0,11,median_rate,MC_PRECISION_MET,success_conditional_descriptive_resampling_range_not_population_CI,0,VAS/minute,200000,True,0.0,0.0,0.0,4724,0.0,5281,0.0,0.0,0.0,194720,0.0,195277
0.001157535001653609,0.002,200000,0.11170212765957446,13,6.868131868131868e-05,2,187,0.18716577540106952,11,rise_proportion,MC_PRECISION_MET,success_conditional_descriptive_resampling_range_not_population_CI,0,proportion,200000,False,0.0007111161679372036,0.13297872340425532,0.13227513227513227,4724,0.13368983957219252,5281,0.001157535001653609,0.24468085106382978,0.24352331606217617,194720,0.24561403508771928,195277
0.0015745692216280194,0.002,200000,0.1400889262753109,13,6.868131868131868e-05,2,187,0.39572192513368987,11,fall_proportion,MC_PRECISION_MET,success_conditional_descriptive_resampling_range_not_population_CI,0,proportion,200000,False,0.0015745692216280194,0.32620320855614976,0.3259668508287293,4724,0.3277777777777778,5281,0.0010991695163654613,0.46629213483146065,0.4656084656084656,194720,0.4673913043478261,195277
0.002099994246591075,0.002,200000,0.14186072994363147,13,6.868131868131868e-05,2,187,0.41711229946524064,11,unchanged_proportion,MC_PRECISION_INSUFFICIENT,success_conditional_descriptive_resampling_range_not_population_CI,0,proportion,200000,False,0.0012043131214115599,0.3471502590673575,0.34594594594594597,4724,0.34759358288770054,5281,0.002099994246591075,0.489010989010989,0.4869109947643979,194720,0.489247311827957,195277
0.0028248587570621764,0.01,200000,0.33615819209039555,14,6.868131868131868e-05,2,177,-0.3333333333333333,12,mean_change,MC_PRECISION_MET,success_conditional_descriptive_resampling_range_not_population_CI,0,VAS,200000,False,0.0028248587570621764,-0.5028248587570622,-0.5055555555555555,4724,-0.5,5281,0.002732240437158473,-0.16666666666666666,-0.16853932584269662,194720,-0.16393442622950818,195277
0.0,0.01,200000,0.0,14,6.868131868131868e-05,2,177,0.0,12,median_change,MC_PRECISION_MET,success_conditional_descriptive_resampling_range_not_population_CI,0,VAS,200000,True,0.0,0.0,0.0,4724,0.0,5281,0.0,0.0,0.0,194720,0.0,195277
0.0014124293785310882,0.01,200000,0.16807909604519777,14,6.868131868131868e-05,2,177,-0.16666666666666666,12,mean_rate,MC_PRECISION_MET,success_conditional_descriptive_resampling_range_not_population_CI,0,VAS/minute,200000,False,0.0014124293785310882,-0.2514124293785311,-0.25277777777777777,4724,-0.25,5281,0.0013661202185792365,-0.08333333333333333,-0.08426966292134831,194720,-0.08196721311475409,195277
0.0,0.01,200000,0.0,14,6.868131868131868e-05,2,177,0.0,12,median_rate,MC_PRECISION_MET,success_conditional_descriptive_resampling_range_not_population_CI,0,VAS/minute,200000,True,0.0,0.0,0.0,4724,0.0,5281,0.0,0.0,0.0,194720,0.0,195277
0.0008695652173912882,0.002,200000,0.11341614906832298,14,6.868131868131868e-05,2,177,0.1807909604519774,12,rise_proportion,MC_PRECISION_MET,success_conditional_descriptive_resampling_range_not_population_CI,0,proportion,200000,False,0.0007224958949096916,0.12571428571428572,0.125,4724,0.12643678160919541,5281,0.0008695652173912882,0.2391304347826087,0.23863636363636365,194720,0.24,195277
0.0013448090371167565,0.002,200000,0.14431818181818185,14,6.868131868131868e-05,2,177,0.3898305084745763,12,fall_proportion,MC_PRECISION_MET,success_conditional_descriptive_resampling_range_not_population_CI,0,proportion,200000,False,0.0013448090371167565,0.3181818181818182,0.3176470588235294,4724,0.31952662721893493,5281,0.001041666666666663,0.4625,0.46153846153846156,194720,0.4635416666666667,195277
0.000816753242510404,0.002,200000,0.1460997125582318,14,6.868131868131868e-05,2,177,0.4293785310734463,12,unchanged_proportion,MC_PRECISION_MET,success_conditional_descriptive_resampling_range_not_population_CI,0,proportion,200000,False,0.000816753242510404,0.3567251461988304,0.3559322033898305,4724,0.3575418994413408,5281,9.26183199037034e-05,0.5028248587570622,0.5027322404371585,194720,0.5028901734104047,195277
0.002267895109851148,0.01,200000,0.3339869281045752,15,6.868131868131868e-05,2,168,-0.23809523809523808,13,mean_change,MC_PRECISION_MET,success_conditional_descriptive_resampling_range_not_population_CI,0,VAS,200000,False,0.002267895109851148,-0.40588235294117647,-0.4074074074074074,4724,-0.4036144578313253,5281,0.0021786492374727684,-0.0718954248366013,-0.07407407407407407,194720,-0.06976744186046512,195277
0.0,0.01,200000,0.0,15,6.868131868131868e-05,2,168,0.0,13,median_change,MC_PRECISION_MET,success_conditional_descriptive_resampling_range_not_population_CI,0,VAS,200000,True,0.0,0.0,0.0,4724,0.0,5281,0.0,0.0,0.0,194720,0.0,195277
0.001133947554925574,0.01,200000,0.1669934640522876,15,6.868131868131868e-05,2,168,-0.11904761904761904,13,mean_rate,MC_PRECISION_MET,success_conditional_descriptive_resampling_range_not_population_CI,0,VAS/minute,200000,False,0.001133947554925574,-0.20294117647058824,-0.2037037037037037,4724,-0.20180722891566266,5281,0.0010893246187363842,-0.03594771241830065,-0.037037037037037035,194720,-0.03488372093023256,195277
0.0,0.01,200000,0.0,15,6.868131868131868e-05,2,168,0.0,13,median_rate,MC_PRECISION_MET,success_conditional_descriptive_resampling_range_not_population_CI,0,VAS/minute,200000,True,0.0,0.0,0.0,4724,0.0,5281,0.0,0.0,0.0,194720,0.0,195277
0.0008357127933699693,0.002,200000,0.12141383212407644,15,6.868131868131868e-05,2,168,0.20238095238095238,13,rise_proportion,MC_PRECISION_MET,success_conditional_descriptive_resampling_range_not_population_CI,0,proportion,200000,False,0.0007892659826361503,0.143646408839779,0.14285714285714285,4724,0.1437125748502994,5281,0.0008357127933699693,0.26506024096385544,0.26436781609195403,194720,0.2658959537572254,195277
0.0012123805448580605,0.002,200000,0.14153398911537035,15,6.868131868131868e-05,2,168,0.3273809523809524,13,fall_proportion,MC_PRECISION_MET,success_conditional_descriptive_resampling_range_not_population_CI,0,proportion,200000,False,0.0012123805448580605,0.2573099415204678,0.25609756097560976,4724,0.2578616352201258,5281,0.0011560693641618491,0.3988439306358382,0.3987341772151899,194720,0.4,195277
0.0011293054771316369,0.002,200000,0.1503928170594837,15,6.868131868131868e-05,2,168,0.47023809523809523,13,unchanged_proportion,MC_PRECISION_MET,success_conditional_descriptive_resampling_range_not_population_CI,0,proportion,200000,False,0.001122334455667784,0.3950617283950617,0.3939393939393939,4724,0.3954802259887006,5281,0.0011293054771316369,0.5454545454545454,0.5449101796407185,194720,0.546583850931677,195277
0.0037733514784114783,0.01,200000,0.36588061901252766,16,6.868131868131868e-05,2,124,-0.20967741935483872,14,mean_change,MC_PRECISION_MET,success_conditional_descriptive_resampling_range_not_population_CI,0,VAS,200000,False,0.0021382751247326914,-0.391304347826087,-0.39344262295081966,4724,-0.3893129770992366,5281,0.0037733514784114783,-0.025423728813559324,-0.029197080291970802,194720,-0.024193548387096774,195277
0.0,0.01,200000,0.0,16,6.868131868131868e-05,2,124,0.0,14,median_change,MC_PRECISION_MET,success_conditional_descriptive_resampling_range_not_population_CI,0,VAS,200000,True,0.0,0.0,0.0,4724,0.0,5281,0.0,0.0,0.0,194720,0.0,195277
0.0018866757392057391,0.01,200000,0.18294030950626383,16,6.868131868131868e-05,2,124,-0.10483870967741936,14,mean_rate,MC_PRECISION_MET,success_conditional_descriptive_resampling_range_not_population_CI,0,VAS/minute,200000,False,0.0010691375623663457,-0.1956521739130435,-0.19672131147540983,4724,-0.1946564885496183,5281,0.0018866757392057391,-0.012711864406779662,-0.014598540145985401,194720,-0.012096774193548387,195277
0.0,0.01,200000,0.0,16,6.868131868131868e-05,2,124,0.0,14,median_rate,MC_PRECISION_MET,success_conditional_descriptive_resampling_range_not_population_CI,0,VAS/minute,200000,True,0.0,0.0,0.0,4724,0.0,5281,0.0,0.0,0.0,194720,0.0,195277
0.0009803921568627416,0.002,200000,0.14086021505376342,16,6.868131868131868e-05,2,124,0.20161290322580644,14,rise_proportion,MC_PRECISION_MET,success_conditional_descriptive_resampling_range_not_population_CI,0,proportion,200000,False,0.0009803921568627416,0.13333333333333333,0.1323529411764706,4724,0.13385826771653545,5281,0.0008064516129032695,0.27419354838709675,0.2734375,194720,0.275,195277
0.0013365410318096904,0.002,200000,0.16920609462710506,16,6.868131868131868e-05,2,124,0.3629032258064516,14,fall_proportion,MC_PRECISION_MET,success_conditional_descriptive_resampling_range_not_population_CI,0,proportion,200000,False,0.0009302325581395654,0.27906976744186046,0.2781954887218045,4724,0.28,5281,0.0013365410318096904,0.4482758620689655,0.4473684210526316,194720,0.4496124031007752,195277
0.0013795821836815048,0.002,200000,0.1746002906976744,16,6.868131868131868e-05,2,124,0.43548387096774194,14,unchanged_proportion,MC_PRECISION_MET,success_conditional_descriptive_resampling_range_not_population_CI,0,proportion,200000,False,0.0013795821836815048,0.3488372093023256,0.3474576271186441,4724,0.34959349593495936,5281,0.0011526639344262568,0.5234375,0.5223880597014925,194720,0.5245901639344263,195277
0.004091653027823217,0.01,200000,0.5987025023169601,17,6.868131868131868e-05,2,82,-0.24390243902439024,15,mean_change,MC_PRECISION_MET,success_conditional_descriptive_resampling_range_not_population_CI,0,VAS,200000,False,0.004091653027823217,-0.5384615384615384,-0.5425531914893617,4724,-0.5352112676056338,5281,0.004061188574522812,0.060240963855421686,0.056179775280898875,194720,0.0641025641025641,195277
0.0,0.01,200000,1.0,17,6.868131868131868e-05,2,82,0.0,15,median_change,MC_PRECISION_MET,success_conditional_descriptive_resampling_range_not_population_CI,0,VAS,200000,False,0.0,-1.0,-1.0,4724,-1.0,5281,0.0,0.0,0.0,194720,0.0,195277
0.0020458265139116083,0.01,200000,0.29935125115848005,17,6.868131868131868e-05,2,82,-0.12195121951219512,15,mean_rate,MC_PRECISION_MET,success_conditional_descriptive_resampling_range_not_population_CI,0,VAS/minute,200000,False,0.0020458265139116083,-0.2692307692307692,-0.2712765957446808,4724,-0.2676056338028169,5281,0.002030594287261406,0.030120481927710843,0.028089887640449437,194720,0.03205128205128205,195277
0.0,0.01,200000,0.5,17,6.868131868131868e-05,2,82,0.0,15,median_rate,MC_PRECISION_MET,success_conditional_descriptive_resampling_range_not_population_CI,0,VAS/minute,200000,False,0.0,-0.5,-0.5,4724,-0.5,5281,0.0,0.0,0.0,194720,0.0,195277
0.00146520146520146,0.002,200000,0.17916666666666667,17,6.868131868131868e-05,2,82,0.21951219512195122,15,rise_proportion,MC_PRECISION_MET,success_conditional_descriptive_resampling_range_not_population_CI,0,proportion,200000,False,0.00146520146520146,0.13333333333333333,0.13186813186813187,4724,0.13414634146341464,5281,0.0014534883720930258,0.3125,0.3116883116883117,194720,0.313953488372093,195277
0.004321382842509602,0.002,200000,0.21406633906633904,17,6.868131868131868e-05,2,82,0.4024390243902439,15,fall_proportion,MC_PRECISION_INSUFFICIENT,success_conditional_descriptive_resampling_range_not_population_CI,0,proportion,200000,False,0.0015226494099733756,0.2972972972972973,0.29577464788732394,4724,0.2987012987012987,5281,0.004321382842509602,0.5113636363636364,0.5070422535211268,194720,0.5119047619047619,195277
0.0020898641588296685,0.002,200000,0.20984848484848484,17,6.868131868131868e-05,2,82,0.3780487804878049,15,unchanged_proportion,MC_PRECISION_INSUFFICIENT,success_conditional_descriptive_resampling_range_not_population_CI,0,proportion,200000,False,0.0011904761904761862,0.275,0.27380952380952384,4724,0.27586206896551724,5281,0.0020898641588296685,0.48484848484848486,0.4827586206896552,194720,0.4868421052631579,195277
0.00765639589169001,0.01,200000,0.6825396825396826,18,6.868131868131868e-05,2,69,-0.3188405797101449,16,mean_change,MC_PRECISION_MET,success_conditional_descriptive_resampling_range_not_population_CI,0,VAS,200000,False,0.00512820512820511,-0.6666666666666666,-0.6712328767123288,4724,-0.6615384615384615,5281,0.00765639589169001,0.015873015873015872,0.014705882352941176,194720,0.023529411764705882,195277
0.0,0.01,200000,0.0,18,6.868131868131868e-05,2,69,0.0,16,median_change,MC_PRECISION_MET,success_conditional_descriptive_resampling_range_not_population_CI,0,VAS,200000,True,0.0,0.0,0.0,4724,0.0,5281,0.0,0.0,0.0,194720,0.0,195277
0.003828197945845005,0.01,200000,0.3412698412698413,18,6.868131868131868e-05,2,69,-0.15942028985507245,16,mean_rate,MC_PRECISION_MET,success_conditional_descriptive_resampling_range_not_population_CI,0,VAS/minute,200000,False,0.002564102564102555,-0.3333333333333333,-0.3356164383561644,4724,-0.33076923076923076,5281,0.003828197945845005,0.007936507936507936,0.007352941176470588,194720,0.011764705882352941,195277
0.0,0.01,200000,0.0,18,6.868131868131868e-05,2,69,0.0,16,median_rate,MC_PRECISION_MET,success_conditional_descriptive_resampling_range_not_population_CI,0,VAS/minute,200000,True,0.0,0.0,0.0,4724,0.0,5281,0.0,0.0,0.0,194720,0.0,195277
0.001716247139588123,0.002,200000,0.1915204678362573,18,6.868131868131868e-05,2,69,0.2028985507246377,16,rise_proportion,MC_PRECISION_MET,success_conditional_descriptive_resampling_range_not_population_CI,0,proportion,200000,False,0.0015649452269170666,0.1111111111111111,0.1111111111111111,4724,0.11267605633802817,5281,0.001716247139588123,0.3026315789473684,0.3013698630136986,194720,0.30434782608695654,195277
0.0014214641080312895,0.002,200000,0.22761194029850745,18,6.868131868131868e-05,2,69,0.36231884057971014,16,fall_proportion,MC_PRECISION_MET,success_conditional_descriptive_resampling_range_not_population_CI,0,proportion,200000,False,0.0,0.25,0.25,4724,0.25,5281,0.0014214641080312895,0.47761194029850745,0.47619047619047616,194720,0.4788732394366197,195277
0.0017094017094017033,0.002,200000,0.2356643356643357,18,6.868131868131868e-05,2,69,0.43478260869565216,16,unchanged_proportion,MC_PRECISION_MET,success_conditional_descriptive_resampling_range_not_population_CI,0,proportion,200000,False,0.001262626262626243,0.3181818181818182,0.31746031746031744,4724,0.3194444444444444,5281,0.0017094017094017033,0.5538461538461539,0.5522388059701493,194720,0.5555555555555556,195277
0.004617871161394598,0.01,200000,0.721311475409836,19,6.868131868131868e-05,2,59,-0.3898305084745763,17,mean_change,MC_PRECISION_MET,success_conditional_descriptive_resampling_range_not_population_CI,0,VAS,200000,False,0.004098360655737654,-0.7540983606557377,-0.7580645161290323,4724,-0.75,5281,0.004617871161394598,-0.03278688524590164,-0.03508771929824561,194720,-0.028169014084507043,195277
0.0,0.01,200000,1.0,19,6.868131868131868e-05,2,59,0.0,17,median_change,MC_PRECISION_MET,success_conditional_descriptive_resampling_range_not_population_CI,0,VAS,200000,False,0.0,-1.0,-1.0,4724,-1.0,5281,0.0,0.0,0.0,194720,0.0,195277
0.002308935580697299,0.01,200000,0.360655737704918,19,6.868131868131868e-05,2,59,-0.19491525423728814,17,mean_rate,MC_PRECISION_MET,success_conditional_descriptive_resampling_range_not_population_CI,0,VAS/minute,200000,False,0.002049180327868827,-0.3770491803278688,-0.3790322580645161,4724,-0.375,5281,0.002308935580697299,-0.01639344262295082,-0.017543859649122806,194720,-0.014084507042253521,195277
0.0,0.01,200000,0.5,19,6.868131868131868e-05,2,59,0.0,17,median_rate,MC_PRECISION_MET,success_conditional_descriptive_resampling_range_not_population_CI,0,VAS/minute,200000,False,0.0,-0.5,-0.5,4724,-0.5,5281,0.0,0.0,0.0,194720,0.0,195277
0.002194357366771149,0.002,200000,0.19860139860139858,19,6.868131868131868e-05,2,59,0.1864406779661017,17,rise_proportion,MC_PRECISION_INSUFFICIENT,success_conditional_descriptive_resampling_range_not_population_CI,0,proportion,200000,False,0.0013986013986014012,0.09230769230769231,0.09090909090909091,4724,0.09259259259259259,5281,0.002194357366771149,0.2909090909090909,0.2903225806451613,194720,0.29310344827586204,195277
0.0022246941045606095,0.002,200000,0.25243147656940756,19,6.868131868131868e-05,2,59,0.4067796610169492,17,fall_proportion,MC_PRECISION_INSUFFICIENT,success_conditional_descriptive_resampling_range_not_population_CI,0,proportion,200000,False,0.0013495276653171517,0.28205128205128205,0.2807017543859649,4724,0.2833333333333333,5281,0.0022246941045606095,0.5344827586206896,0.532258064516129,194720,0.5357142857142857,195277
0.00164319248826289,0.002,200000,0.2527926177756192,19,6.868131868131868e-05,2,59,0.4067796610169492,17,unchanged_proportion,MC_PRECISION_MET,success_conditional_descriptive_resampling_range_not_population_CI,0,proportion,200000,False,0.00164319248826289,0.28169014084507044,0.2807017543859649,4724,0.2833333333333333,5281,0.0012315270935960854,0.5344827586206896,0.5333333333333333,194720,0.5357142857142857,195277
0.0070372976776917895,0.01,200000,0.6372413793103449,20,6.868131868131868e-05,2,56,-0.19642857142857142,18,mean_change,MC_PRECISION_MET,success_conditional_descriptive_resampling_range_not_population_CI,0,VAS,200000,False,0.0070372976776917895,-0.5172413793103449,-0.5192307692307693,4724,-0.5102040816326531,5281,0.0046153846153846045,0.12,0.11538461538461539,194720,0.12307692307692308,195277
0.0,0.01,200000,1.0,20,6.868131868131868e-05,2,56,0.0,18,median_change,MC_PRECISION_MET,success_conditional_descriptive_resampling_range_not_population_CI,0,VAS,200000,False,0.0,-1.0,-1.0,4724,-1.0,5281,0.0,0.0,0.0,194720,0.0,195277
0.0035186488388458947,0.01,200000,0.31862068965517243,20,6.868131868131868e-05,2,56,-0.09821428571428571,18,mean_rate,MC_PRECISION_MET,success_conditional_descriptive_resampling_range_not_population_CI,0,VAS/minute,200000,False,0.0035186488388458947,-0.25862068965517243,-0.25961538461538464,4724,-0.25510204081632654,5281,0.0023076923076923023,0.06,0.057692307692307696,194720,0.06153846153846154,195277
0.0,0.01,200000,0.5,20,6.868131868131868e-05,2,56,0.0,18,median_rate,MC_PRECISION_MET,success_conditional_descriptive_resampling_range_not_population_CI,0,VAS/minute,200000,False,0.0,-0.5,-0.5,4724,-0.5,5281,0.0,0.0,0.0,194720,0.0,195277
0.0017921146953405187,0.002,200000,0.23371647509578544,20,6.868131868131868e-05,2,56,0.26785714285714285,18,rise_proportion,MC_PRECISION_MET,success_conditional_descriptive_resampling_range_not_population_CI,0,proportion,200000,False,0.0013262599469495984,0.15517241379310345,0.15384615384615385,4724,0.15625,5281,0.0017921146953405187,0.3888888888888889,0.3870967741935484,194720,0.3898305084745763,195277
0.007462686567164201,0.002,200000,0.2574626865671642,20,6.868131868131868e-05,2,56,0.375,18,fall_proportion,MC_PRECISION_INSUFFICIENT,success_conditional_descriptive_resampling_range_not_population_CI,0,proportion,200000,False,0.0,0.25,0.25,4724,0.25,5281,0.007462686567164201,0.5074626865671642,0.5,194720,0.5084745762711864,195277
0.004501125281320295,0.002,200000,0.25503875968992246,20,6.868131868131868e-05,2,56,0.35714285714285715,18,unchanged_proportion,MC_PRECISION_INSUFFICIENT,success_conditional_descriptive_resampling_range_not_population_CI,0,proportion,200000,False,0.0019607843137254832,0.23333333333333334,0.23214285714285715,4724,0.23529411764705882,5281,0.004501125281320295,0.4883720930232558,0.4838709677419355,194720,0.4897959183673469,195277
0.0046948356807512415,0.01,200000,0.7417840375586855,6,6.868131868131868e-05,5,212,1.0047169811320755,1,mean_change,MC_PRECISION_MET,success_conditional_descriptive_resampling_range_not_population_CI,0,VAS,200000,False,0.0046948356807512415,0.6338028169014085,0.6291079812206573,4724,0.638095238095238,5281,0.0046948356807512415,1.375586854460094,1.3708920187793427,194720,1.380281690140845,195277
0.0,0.01,200000,0.0,6,6.868131868131868e-05,5,212,1.0,1,median_change,MC_PRECISION_MET,success_conditional_descriptive_resampling_range_not_population_CI,0,VAS,200000,True,0.0,1.0,1.0,4724,1.0,5281,0.0,1.0,1.0,194720,1.0,195277
0.0009389671361502705,0.01,200000,0.14835680751173713,6,6.868131868131868e-05,5,212,0.2009433962264151,1,mean_rate,MC_PRECISION_MET,success_conditional_descriptive_resampling_range_not_population_CI,0,VAS/minute,200000,False,0.0009389671361502427,0.1267605633802817,0.12582159624413145,4724,0.1276190476190476,5281,0.0009389671361502705,0.2751173708920188,0.27417840375586855,194720,0.276056338028169,195277
0.0,0.01,200000,0.0,6,6.868131868131868e-05,5,212,0.2,1,median_rate,MC_PRECISION_MET,success_conditional_descriptive_resampling_range_not_population_CI,0,VAS/minute,200000,True,0.0,0.2,0.2,4724,0.2,5281,0.0,0.2,0.2,194720,0.2,195277
0.0015429377534826871,0.002,200000,0.13207547169811318,6,6.868131868131868e-05,5,212,0.5990566037735849,1,rise_proportion,MC_PRECISION_MET,success_conditional_descriptive_resampling_range_not_population_CI,0,proportion,200000,False,0.00031446540880497587,0.5330188679245284,0.5327102803738317,4724,0.5333333333333333,5281,0.0015429377534826871,0.6650943396226415,0.6635514018691588,194720,0.6650943396226415,195277
0.0011125945705385276,0.002,200000,0.11703554661301141,6,6.868131868131868e-05,5,212,0.25,1,fall_proportion,MC_PRECISION_MET,success_conditional_descriptive_resampling_range_not_population_CI,0,proportion,200000,False,0.0009079635042962275,0.19248826291079812,0.19248826291079812,4724,0.19339622641509435,5281,0.0011125945705385276,0.30952380952380953,0.308411214953271,194720,0.30985915492957744,195277
0.0009345794392523199,0.002,200000,0.09716099453359195,6,6.868131868131868e-05,5,212,0.1509433962264151,1,unchanged_proportion,MC_PRECISION_MET,success_conditional_descriptive_resampling_range_not_population_CI,0,proportion,200000,False,0.0004918179379415077,0.10377358490566038,0.10377358490566038,4724,0.10426540284360189,5281,0.0009345794392523199,0.20093457943925233,0.2,194720,0.20095693779904306,195277
0.004761904761904745,0.01,200000,0.7050301810865192,7,6.868131868131868e-05,5,211,-0.037914691943127965,2,mean_change,MC_PRECISION_MET,success_conditional_descriptive_resampling_range_not_population_CI,0,VAS,200000,False,0.004761904761904745,-0.3904761904761905,-0.3952380952380952,4724,-0.3867924528301887,5281,0.004493628437290398,0.3145539906103286,0.31100478468899523,194720,0.319047619047619,195277
0.0,0.01,200000,0.0,7,6.868131868131868e-05,5,211,0.0,2,median_change,MC_PRECISION_MET,success_conditional_descriptive_resampling_range_not_population_CI,0,VAS,200000,True,0.0,0.0,0.0,4724,0.0,5281,0.0,0.0,0.0,194720,0.0,195277
0.0009523809523809545,0.01,200000,0.14100603621730382,7,6.868131868131868e-05,5,211,-0.007582938388625593,2,mean_rate,MC_PRECISION_MET,success_conditional_descriptive_resampling_range_not_population_CI,0,VAS/minute,200000,False,0.0009523809523809545,-0.07809523809523809,-0.07904761904761905,4724,-0.07735849056603775,5281,0.0008987256874580796,0.06291079812206572,0.06220095693779905,194720,0.0638095238095238,195277
0.0,0.01,200000,0.0,7,6.868131868131868e-05,5,211,0.0,2,median_rate,MC_PRECISION_MET,success_conditional_descriptive_resampling_range_not_population_CI,0,VAS/minute,200000,True,0.0,0.0,0.0,4724,0.0,5281,0.0,0.0,0.0,194720,0.0,195277
0.0021217045864933004,0.002,200000,0.1328126738312974,7,6.868131868131868e-05,5,211,0.4218009478672986,2,rise_proportion,MC_PRECISION_INSUFFICIENT,success_conditional_descriptive_resampling_range_not_population_CI,0,proportion,200000,False,0.0013572747702645382,0.35545023696682465,0.35514018691588783,4724,0.3568075117370892,5281,0.0021217045864933004,0.48826291079812206,0.4881516587677725,194720,0.49038461538461536,195277
0.0015352780188238602,0.002,200000,0.1327014218009479,7,6.868131868131868e-05,5,211,0.4028436018957346,2,fall_proportion,MC_PRECISION_MET,success_conditional_descriptive_resampling_range_not_population_CI,0,proportion,200000,False,0.0015352780188238602,0.33649289099526064,0.3364485981308411,4724,0.3380281690140845,5281,0.0013939224979090947,0.46919431279620855,0.46919431279620855,194720,0.47058823529411764,195277
0.0011682242990654068,0.002,200000,0.10173875244512065,7,6.868131868131868e-05,5,211,0.17535545023696683,2,unchanged_proportion,MC_PRECISION_MET,success_conditional_descriptive_resampling_range_not_population_CI,0,proportion,200000,False,0.0011682242990654068,0.1261682242990654,0.125,4724,0.1267605633802817,5281,0.0006644518272425071,0.22790697674418606,0.22748815165876776,194720,0.22857142857142856,195277
0.004807692307692291,0.01,200000,0.7039187227866474,8,6.868131868131868e-05,5,210,-0.45714285714285713,3,mean_change,MC_PRECISION_MET,success_conditional_descriptive_resampling_range_not_population_CI,0,VAS,200000,False,0.004807692307692291,-0.8076923076923077,-0.812206572769953,4724,-0.8028846153846154,5281,0.004247518554949481,-0.10377358490566038,-0.107981220657277,194720,-0.0995260663507109,195277
0.0,0.01,200000,1.0,8,6.868131868131868e-05,5,210,0.0,3,median_change,MC_PRECISION_MET,success_conditional_descriptive_resampling_range_not_population_CI,0,VAS,200000,False,0.0,-1.0,-1.0,4724,-1.0,5281,0.0,0.0,0.0,194720,0.0,195277
0.0009615384615384581,0.01,200000,0.14078374455732948,8,6.868131868131868e-05,5,210,-0.09142857142857143,3,mean_rate,MC_PRECISION_MET,success_conditional_descriptive_resampling_range_not_population_CI,0,VAS/minute,200000,False,0.0009615384615384581,-0.16153846153846155,-0.1624413145539906,4724,-0.1605769230769231,5281,0.0008495037109898969,-0.020754716981132078,-0.0215962441314554,194720,-0.01990521327014218,195277
0.0,0.01,200000,0.2,8,6.868131868131868e-05,5,210,0.0,3,median_rate,MC_PRECISION_MET,success_conditional_descriptive_resampling_range_not_population_CI,0,VAS/minute,200000,False,0.0,-0.2,-0.2,4724,-0.2,5281,0.0,0.0,0.0,194720,0.0,195277
0.0013089596027984762,0.002,200000,0.12796208530805686,8,6.868131868131868e-05,5,210,0.3380952380952381,3,rise_proportion,MC_PRECISION_MET,success_conditional_descriptive_resampling_range_not_population_CI,0,proportion,200000,False,0.0013089596027984762,0.27488151658767773,0.27403846153846156,4724,0.2761904761904762,5281,0.000929726297648481,0.4028436018957346,0.4019138755980861,194720,0.40375586854460094,195277
0.0018108651911469265,0.002,200000,0.13615023474178406,8,6.868131868131868e-05,5,210,0.4714285714285714,3,fall_proportion,MC_PRECISION_MET,success_conditional_descriptive_resampling_range_not_population_CI,0,proportion,200000,False,0.0010060362173038295,0.40375586854460094,0.4028436018957346,4724,0.40476190476190477,5281,0.0018108651911469265,0.539906103286385,0.5380952380952381,194720,0.5402843601895735,195277
0.001151563468863498,0.002,200000,0.10718778077268643,8,6.868131868131868e-05,5,210,0.19047619047619047,3,unchanged_proportion,MC_PRECISION_MET,success_conditional_descriptive_resampling_range_not_population_CI,0,proportion,200000,False,0.0006607427660059173,0.1380952380952381,0.1380952380952381,4724,0.13875598086124402,5281,0.001151563468863498,0.24528301886792453,0.24413145539906103,194720,0.2463768115942029,195277
0.00455354459931101,0.01,200000,0.6229110325220164,9,6.868131868131868e-05,5,208,-0.7163461538461539,4,mean_change,MC_PRECISION_MET,success_conditional_descriptive_resampling_range_not_population_CI,0,VAS,200000,False,0.00455354459931101,-1.0287081339712918,-1.033175355450237,4724,-1.0241545893719808,5281,0.003883225851189276,-0.4057971014492754,-0.4095238095238095,194720,-0.4019138755980861,195277
0.0,0.01,200000,1.0,9,6.868131868131868e-05,5,208,-1.0,4,median_change,MC_PRECISION_MET,success_conditional_descriptive_resampling_range_not_population_CI,0,VAS,200000,False,0.0,-1.0,-1.0,4724,-1.0,5281,0.0,0.0,0.0,194720,0.0,195277
0.0009107089198621965,0.01,200000,0.12458220650440328,9,6.868131868131868e-05,5,208,-0.14326923076923076,4,mean_rate,MC_PRECISION_MET,success_conditional_descriptive_resampling_range_not_population_CI,0,VAS/minute,200000,False,0.0009107089198621965,-0.20574162679425836,-0.2066350710900474,4724,-0.20483091787439617,5281,0.000776645170237858,-0.08115942028985508,-0.0819047619047619,194720,-0.08038277511961722,195277
0.0,0.01,200000,0.2,9,6.868131868131868e-05,5,208,-0.2,4,median_rate,MC_PRECISION_MET,success_conditional_descriptive_resampling_range_not_population_CI,0,VAS/minute,200000,False,0.0,-0.2,-0.2,4724,-0.2,5281,0.0,0.0,0.0,194720,0.0,195277
0.0012362637362637319,0.002,200000,0.12505175983436853,9,6.868131868131868e-05,5,208,0.3076923076923077,4,rise_proportion,MC_PRECISION_MET,success_conditional_descriptive_resampling_range_not_population_CI,0,proportion,200000,False,0.0011845039018952286,0.2463768115942029,0.24519230769230768,4724,0.24644549763033174,5281,0.0012362637362637319,0.37142857142857144,0.3701923076923077,194720,0.3719806763285024,195277
0.0013343762941149806,0.002,200000,0.13503547423450335,9,6.868131868131868e-05,5,208,0.5240384615384616,4,fall_proportion,MC_PRECISION_MET,success_conditional_descriptive_resampling_range_not_population_CI,0,proportion,200000,False,0.0013343762941149806,0.4563106796116505,0.4549763033175355,4724,0.4567307692307692,5281,0.0008868558625839684,0.5913461538461539,0.5904761904761905,194720,0.5922330097087378,195277
0.0010581523739418286,0.002,200000,0.10104807473228528,9,6.868131868131868e-05,5,208,0.16826923076923078,4,unchanged_proportion,MC_PRECISION_MET,success_conditional_descriptive_resampling_range_not_population_CI,0,proportion,200000,False,0.0005696058327637338,0.11904761904761904,0.11848341232227488,4724,0.11961722488038277,5281,0.0010581523739418286,0.22009569377990432,0.22009569377990432,194720,0.22115384615384615,195277
0.004692891649413333,0.01,200000,0.5701863354037268,10,6.868131868131868e-05,5,206,-0.7038834951456311,5,mean_change,MC_PRECISION_MET,success_conditional_descriptive_resampling_range_not_population_CI,0,VAS,200000,False,0.004692891649413333,-0.9904761904761905,-0.9951690821256038,4724,-0.9901960784313726,5281,0.0035196687370600555,-0.42028985507246375,-0.4238095238095238,194720,-0.41706161137440756,195277
0.0,0.01,200000,1.0,10,6.868131868131868e-05,5,206,0.0,5,median_change,MC_PRECISION_MET,success_conditional_descriptive_resampling_range_not_population_CI,0,VAS,200000,False,0.0,-1.0,-1.0,4724,-1.0,5281,0.0,0.0,0.0,194720,0.0,195277
0.0009385783298826722,0.01,200000,0.11403726708074535,10,6.868131868131868e-05,5,206,-0.1407766990291262,5,mean_rate,MC_PRECISION_MET,success_conditional_descriptive_resampling_range_not_population_CI,0,VAS/minute,200000,False,0.0009385783298826722,-0.1980952380952381,-0.19903381642512077,4724,-0.19803921568627453,5281,0.0007039337474120111,-0.08405797101449275,-0.08476190476190476,194720,-0.08341232227488152,195277
0.0,0.01,200000,0.2,10,6.868131868131868e-05,5,206,0.0,5,median_rate,MC_PRECISION_MET,success_conditional_descriptive_resampling_range_not_population_CI,0,VAS/minute,200000,False,0.0,-0.2,-0.2,4724,-0.2,5281,0.0,0.0,0.0,194720,0.0,195277
0.0009710117468738066,0.002,200000,0.12515615056449902,10,6.868131868131868e-05,5,206,0.2961165048543689,5,rise_proportion,MC_PRECISION_MET,success_conditional_descriptive_resampling_range_not_population_CI,0,proportion,200000,False,0.0008443568815085789,0.23444976076555024,0.23414634146341465,4724,0.23529411764705882,5281,0.0009710117468738066,0.35960591133004927,0.3588516746411483,194720,0.3605769230769231,195277
0.001057387292127343,0.002,200000,0.1363364468780196,10,6.868131868131868e-05,5,206,0.4854368932038835,5,fall_proportion,MC_PRECISION_MET,success_conditional_descriptive_resampling_range_not_population_CI,0,proportion,200000,False,0.0007936687906754947,0.41706161137440756,0.41626794258373206,4724,0.4174757281553398,5281,0.001057387292127343,0.5533980582524272,0.5528846153846154,194720,0.5544554455445545,195277
0.0008281573498964967,0.002,200000,0.11272893772893774,10,6.868131868131868e-05,5,206,0.21844660194174756,5,unchanged_proportion,MC_PRECISION_MET,success_conditional_descriptive_resampling_range_not_population_CI,0,proportion,200000,False,0.0007821126242179011,0.16346153846153846,0.16267942583732056,4724,0.16417910447761194,5281,0.0008281573498964967,0.2761904761904762,0.2753623188405797,194720,0.2766990291262136,195277
0.0045351473922902175,0.01,200000,0.5075106184605822,11,6.868131868131868e-05,5,194,-0.7268041237113402,6,mean_change,MC_PRECISION_MET,success_conditional_descriptive_resampling_range_not_population_CI,0,VAS,200000,False,0.0045351473922902175,-0.9795918367346939,-0.9841269841269841,4724,-0.9783783783783784,5281,0.0035944574015639996,-0.4720812182741117,-0.4756756756756757,194720,-0.4690721649484536,195277
0.0,0.01,200000,1.0,11,6.868131868131868e-05,5,194,-1.0,6,median_change,MC_PRECISION_MET,success_conditional_descriptive_resampling_range_not_population_CI,0,VAS,200000,False,0.0,-1.0,-1.0,4724,-1.0,5281,0.0,0.0,0.0,194720,0.0,195277
0.0009070294784580546,0.01,200000,0.10150212369211642,11,6.868131868131868e-05,5,194,-0.14536082474226802,6,mean_rate,MC_PRECISION_MET,success_conditional_descriptive_resampling_range_not_population_CI,0,VAS/minute,200000,False,0.0009070294784580546,-0.19591836734693877,-0.19682539682539682,4724,-0.19567567567567568,5281,0.0007188914803127888,-0.09441624365482235,-0.09513513513513513,194720,-0.09381443298969072,195277
0.0,0.01,200000,0.2,11,6.868131868131868e-05,5,194,-0.2,6,median_rate,MC_PRECISION_MET,success_conditional_descriptive_resampling_range_not_population_CI,0,VAS/minute,200000,False,0.0,-0.2,-0.2,4724,-0.2,5281,0.0,0.0,0.0,194720,0.0,195277
0.0014248704663212264,0.002,200000,0.12435233160621761,11,6.868131868131868e-05,5,194,0.26288659793814434,6,rise_proportion,MC_PRECISION_MET,success_conditional_descriptive_resampling_range_not_population_CI,0,proportion,200000,False,0.0010143378019025762,0.20207253886010362,0.20105820105820105,4724,0.20304568527918782,5281,0.0014248704663212264,0.32642487046632124,0.325,194720,0.32663316582914576,195277
0.0011337868480725266,0.002,200000,0.1406926406926407,11,6.868131868131868e-05,5,194,0.5309278350515464,6,fall_proportion,MC_PRECISION_MET,success_conditional_descriptive_resampling_range_not_population_CI,0,proportion,200000,False,0.0011337868480725266,0.4603174603174603,0.45918367346938777,4724,0.46113989637305697,5281,0.0010307153164296201,0.601010101010101,0.6,194720,0.6020408163265306,195277
0.0010574177857671785,0.002,200000,0.11320703799654577,11,6.868131868131868e-05,5,194,0.20618556701030927,6,unchanged_proportion,MC_PRECISION_MET,success_conditional_descriptive_resampling_range_not_population_CI,0,proportion,200000,False,0.0007825993091536976,0.15104166666666666,0.15025906735751296,4724,0.15151515151515152,5281,0.0010574177857671785,0.26424870466321243,0.2639593908629442,194720,0.2653061224489796,195277
0.0033024567055980336,0.01,200000,0.5119703825586178,12,6.868131868131868e-05,5,193,-0.6528497409326425,7,mean_change,MC_PRECISION_MET,success_conditional_descriptive_resampling_range_not_population_CI,0,VAS,200000,False,0.0033024567055980336,-0.9076923076923077,-0.9109947643979057,4724,-0.905,5281,0.0032142450790760835,-0.39572192513368987,-0.39893617021276595,194720,-0.39267015706806285,195277
0.0,0.01,200000,1.0,12,6.868131868131868e-05,5,193,-1.0,7,median_change,MC_PRECISION_MET,success_conditional_descriptive_resampling_range_not_population_CI,0,VAS,200000,False,0.0,-1.0,-1.0,4724,-1.0,5281,0.0,0.0,0.0,194720,0.0,195277
0.0006604913411196178,0.01,200000,0.10239407651172357,12,6.868131868131868e-05,5,193,-0.1305699481865285,7,mean_rate,MC_PRECISION_MET,success_conditional_descriptive_resampling_range_not_population_CI,0,VAS/minute,200000,False,0.0006604913411196178,-0.18153846153846154,-0.18219895287958116,4724,-0.181,5281,0.000642849015815225,-0.07914438502673797,-0.0797872340425532,194720,-0.07853403141361257,195277
0.0,0.01,200000,0.2,12,6.868131868131868e-05,5,193,-0.2,7,median_rate,MC_PRECISION_MET,success_conditional_descriptive_resampling_range_not_population_CI,0,VAS/minute,200000,False,0.0,-0.2,-0.2,4724,-0.2,5281,0.0,0.0,0.0,194720,0.0,195277
0.0010257489282238796,0.002,200000,0.12014455969984553,12,6.868131868131868e-05,5,193,0.23834196891191708,7,rise_proportion,MC_PRECISION_MET,success_conditional_descriptive_resampling_range_not_population_CI,0,proportion,200000,False,0.0007763975155279379,0.1793478260869565,0.17857142857142858,4724,0.17989417989417988,5281,0.0010257489282238796,0.29949238578680204,0.29896907216494845,194720,0.3005181347150259,195277
0.0015604337476857744,0.002,200000,0.1403419716804702,12,6.868131868131868e-05,5,193,0.5492227979274611,7,fall_proportion,MC_PRECISION_MET,success_conditional_descriptive_resampling_range_not_population_CI,0,proportion,200000,False,0.0015604337476857744,0.4789473684210526,0.47738693467336685,4724,0.4793814432989691,5281,0.0008223917420525639,0.6192893401015228,0.6185567010309279,194720,0.6201117318435754,195277
0.0009057971014492794,0.002,200000,0.1154891304347826,12,6.868131868131868e-05,5,193,0.21243523316062177,7,unchanged_proportion,MC_PRECISION_MET,success_conditional_descriptive_resampling_range_not_population_CI,0,proportion,200000,False,0.00081806282722513,0.15625,0.15544041450777202,4724,0.15706806282722513,5281,0.0009057971014492794,0.2717391304347826,0.2708333333333333,194720,0.27225130890052357,195277
0.004368279569892497,0.01,200000,0.53125,13,6.868131868131868e-05,5,187,-0.7647058823529411,8,mean_change,MC_PRECISION_MET,success_conditional_descriptive_resampling_range_not_population_CI,0,VAS,200000,False,0.004368279569892497,-1.03125,-1.0326086956521738,4724,-1.0268817204301075,5281,0.002732240437158473,-0.5,-0.5027027027027027,194720,-0.4972677595628415,195277
0.0,0.01,200000,1.0,13,6.868131868131868e-05,5,187,-1.0,8,median_change,MC_PRECISION_MET,success_conditional_descriptive_resampling_range_not_population_CI,0,VAS,200000,False,0.0,-1.0,-1.0,4724,-1.0,5281,0.0,0.0,0.0,194720,0.0,195277
0.0008736559139784772,0.01,200000,0.10624999999999998,13,6.868131868131868e-05,5,187,-0.15294117647058822,8,mean_rate,MC_PRECISION_MET,success_conditional_descriptive_resampling_range_not_population_CI,0,VAS/minute,200000,False,0.0008736559139784772,-0.20625,-0.20652173913043476,4724,-0.2053763440860215,5281,0.0005464480874317057,-0.1,-0.10054054054054054,194720,-0.0994535519125683,195277
0.0,0.01,200000,0.2,13,6.868131868131868e-05,5,187,-0.2,8,median_rate,MC_PRECISION_MET,success_conditional_descriptive_resampling_range_not_population_CI,0,VAS/minute,200000,False,0.0,-0.2,-0.2,4724,-0.2,5281,0.0,0.0,0.0,194720,0.0,195277
0.001157535001653609,0.002,200000,0.11170212765957446,13,6.868131868131868e-05,5,187,0.18716577540106952,8,rise_proportion,MC_PRECISION_MET,success_conditional_descriptive_resampling_range_not_population_CI,0,proportion,200000,False,0.0007111161679372036,0.13297872340425532,0.13227513227513227,4724,0.13368983957219252,5281,0.001157535001653609,0.24468085106382978,0.24352331606217617,194720,0.24489795918367346,195277
0.0020517395182872433,0.002,200000,0.14295874822190607,13,6.868131868131868e-05,5,187,0.5614973262032086,8,fall_proportion,MC_PRECISION_INSUFFICIENT,success_conditional_descriptive_resampling_range_not_population_CI,0,proportion,200000,False,0.0020517395182872433,0.48947368421052634,0.4891304347826087,4724,0.4915254237288136,5281,0.0010754209707088958,0.6324324324324324,0.631578947368421,194720,0.6335078534031413,195277
0.0010873398377806431,0.002,200000,0.12444093659563271,13,6.868131868131868e-05,5,187,0.25133689839572193,8,unchanged_proportion,MC_PRECISION_MET,success_conditional_descriptive_resampling_range_not_population_CI,0,proportion,200000,False,0.0007806401249024209,0.19047619047619047,0.18974358974358974,4724,0.1912568306010929,5281,0.0010873398377806431,0.3149171270718232,0.31382978723404253,194720,0.3155080213903743,195277
0.005101381893322987,0.01,200000,0.5913082784450471,14,6.868131868131868e-05,5,177,-0.7288135593220338,9,mean_change,MC_PRECISION_MET,success_conditional_descriptive_resampling_range_not_population_CI,0,VAS,200000,False,0.005101381893322987,-1.0280898876404494,-1.0320512820512822,4724,-1.0229885057471264,5281,0.003626528981498567,-0.4367816091954023,-0.44,194720,-0.43315508021390375,195277
0.0,0.01,200000,1.0,14,6.868131868131868e-05,5,177,-1.0,9,median_change,MC_PRECISION_MET,success_conditional_descriptive_resampling_range_not_population_CI,0,VAS,200000,False,0.0,-1.0,-1.0,4724,-1.0,5281,0.0,0.0,0.0,194720,0.0,195277
0.001020276378664614,0.01,200000,0.11826165568900943,14,6.868131868131868e-05,5,177,-0.14576271186440676,9,mean_rate,MC_PRECISION_MET,success_conditional_descriptive_resampling_range_not_population_CI,0,VAS/minute,200000,False,0.001020276378664614,-0.20561797752808988,-0.20641025641025643,4724,-0.20459770114942527,5281,0.0007253057962997023,-0.08735632183908046,-0.088,194720,-0.08663101604278076,195277
0.0,0.01,200000,0.2,14,6.868131868131868e-05,5,177,-0.2,9,median_rate,MC_PRECISION_MET,success_conditional_descriptive_resampling_range_not_population_CI,0,VAS/minute,200000,False,0.0,-0.2,-0.2,4724,-0.2,5281,0.0,0.0,0.0,194720,0.0,195277
0.0009740259740259882,0.002,200000,0.12472617743702083,14,6.868131868131868e-05,5,177,0.23163841807909605,9,rise_proportion,MC_PRECISION_MET,success_conditional_descriptive_resampling_range_not_population_CI,0,proportion,200000,False,0.0009740259740259882,0.17045454545454544,0.1702127659574468,4724,0.17142857142857143,5281,0.0009086625832940842,0.29518072289156627,0.29444444444444445,194720,0.29608938547486036,195277
0.001259079903147664,0.002,200000,0.1473123486682809,14,6.868131868131868e-05,5,177,0.536723163841808,9,fall_proportion,MC_PRECISION_MET,success_conditional_descriptive_resampling_range_not_population_CI,0,proportion,200000,False,0.0008688387635756301,0.46285714285714286,0.4619883040935672,4724,0.46368715083798884,5281,0.001259079903147664,0.6101694915254238,0.6094674556213018,194720,0.6114285714285714,195277
0.0008403361344537785,0.002,200000,0.12486631016042782,14,6.868131868131868e-05,5,177,0.23163841807909605,9,unchanged_proportion,MC_PRECISION_MET,success_conditional_descriptive_resampling_range_not_population_CI,0,proportion,200000,False,0.0008403361344537785,0.17058823529411765,0.17032967032967034,4724,0.17142857142857143,5281,0.0007177033492823393,0.29545454545454547,0.29473684210526313,194720,0.29608938547486036,195277
0.0038767598449294116,0.01,200000,0.6020015090743022,15,6.868131868131868e-05,5,168,-0.7619047619047619,10,mean_change,MC_PRECISION_MET,success_conditional_descriptive_resampling_range_not_population_CI,0,VAS,200000,False,0.0038767598449294116,-1.0650887573964498,-1.0689655172413792,4724,-1.0613496932515338,5281,0.0035794183445190253,-0.46308724832214765,-0.4666666666666667,194720,-0.4601226993865031,195277
0.0,0.01,200000,1.0,15,6.868131868131868e-05,5,168,-1.0,10,median_change,MC_PRECISION_MET,success_conditional_descriptive_resampling_range_not_population_CI,0,VAS,200000,False,0.0,-1.0,-1.0,4724,-1.0,5281,0.0,0.0,0.0,194720,0.0,195277
0.0007753519689858712,0.01,200000,0.12040030181486044,15,6.868131868131868e-05,5,168,-0.15238095238095237,10,mean_rate,MC_PRECISION_MET,success_conditional_descriptive_resampling_range_not_population_CI,0,VAS/minute,200000,False,0.0007753519689858712,-0.21301775147928997,-0.21379310344827585,4724,-0.21226993865030677,5281,0.0007158836689038078,-0.09261744966442953,-0.09333333333333334,194720,-0.09202453987730061,195277
0.0,0.01,200000,0.2,15,6.868131868131868e-05,5,168,-0.2,10,median_rate,MC_PRECISION_MET,success_conditional_descriptive_resampling_range_not_population_CI,0,VAS/minute,200000,False,0.0,-0.2,-0.2,4724,-0.2,5281,0.0,0.0,0.0,194720,0.0,195277
0.0009709491999378428,0.002,200000,0.12627494456762747,15,6.868131868131868e-05,5,168,0.2261904761904762,10,rise_proportion,MC_PRECISION_MET,success_conditional_descriptive_resampling_range_not_population_CI,0,proportion,200000,False,0.0009709491999378428,0.16463414634146342,0.16374269005847952,4724,0.16560509554140126,5281,0.0009682625067240491,0.2909090909090909,0.28994082840236685,194720,0.2916666666666667,195277
0.001141389641888979,0.002,200000,0.15050879835421183,15,6.868131868131868e-05,5,168,0.5416666666666666,10,fall_proportion,MC_PRECISION_MET,success_conditional_descriptive_resampling_range_not_population_CI,0,proportion,200000,False,0.001141389641888979,0.4662576687116564,0.46511627906976744,4724,0.46706586826347307,5281,0.0009128085292828825,0.6167664670658682,0.6158536585365854,194720,0.6176470588235294,195277
0.001107419712070845,0.002,200000,0.12802840434419382,15,6.868131868131868e-05,5,168,0.23214285714285715,10,unchanged_proportion,MC_PRECISION_MET,success_conditional_descriptive_resampling_range_not_population_CI,0,proportion,200000,False,0.0009975920192638599,0.1695906432748538,0.1686746987951807,4724,0.17058823529411765,5281,0.001107419712070845,0.2976190476190476,0.29651162790697677,194720,0.2982456140350877,195277
0.004648760330578483,0.01,200000,0.7378512396694215,16,6.868131868131868e-05,5,124,-0.6854838709677419,11,mean_change,MC_PRECISION_MET,success_conditional_descriptive_resampling_range_not_population_CI,0,VAS,200000,False,0.004648760330578483,-1.0578512396694215,-1.0625,4724,-1.0535714285714286,5281,0.004561403508771933,-0.32,-0.32456140350877194,194720,-0.3157894736842105,195277
0.0,0.01,200000,1.0,16,6.868131868131868e-05,5,124,0.0,11,median_change,MC_PRECISION_MET,success_conditional_descriptive_resampling_range_not_population_CI,0,VAS,200000,False,0.0,-1.0,-1.0,4724,-1.0,5281,0.0,0.0,0.0,194720,0.0,195277
0.0009297520661157022,0.01,200000,0.1475702479338843,16,6.868131868131868e-05,5,124,-0.13709677419354838,11,mean_rate,MC_PRECISION_MET,success_conditional_descriptive_resampling_range_not_population_CI,0,VAS/minute,200000,False,0.0009297520661157022,-0.2115702479338843,-0.2125,4724,-0.21071428571428572,5281,0.0009122807017543921,-0.064,-0.0649122807017544,194720,-0.06315789473684211,195277
0.0,0.01,200000,0.2,16,6.868131868131868e-05,5,124,0.0,11,median_rate,MC_PRECISION_MET,success_conditional_descriptive_resampling_range_not_population_CI,0,VAS/minute,200000,False,0.0,-0.2,-0.2,4724,-0.2,5281,0.0,0.0,0.0,194720,0.0,195277
0.0012132457893234139,0.002,200000,0.151530538227187,16,6.868131868131868e-05,5,124,0.24193548387096775,11,rise_proportion,MC_PRECISION_MET,success_conditional_descriptive_resampling_range_not_population_CI,0,proportion,200000,False,0.0012132457893234139,0.168141592920354,0.168,4724,0.1693548387096774,5281,0.0011536126290224713,0.319672131147541,0.31851851851851853,194720,0.3203125,195277
0.0013329778725673092,0.002,200000,0.1756728120364484,16,6.868131868131868e-05,5,124,0.47580645161290325,11,fall_proportion,MC_PRECISION_MET,success_conditional_descriptive_resampling_range_not_population_CI,0,proportion,200000,False,0.0013329778725673092,0.3884297520661157,0.3870967741935484,4724,0.3893129770992366,5281,0.0011148272017836858,0.5641025641025641,0.5630252100840336,194720,0.5652173913043478,195277
0.0014378594648661869,0.002,200000,0.15817881635763273,16,6.868131868131868e-05,5,124,0.28225806451612906,11,unchanged_proportion,MC_PRECISION_MET,success_conditional_descriptive_resampling_range_not_population_CI,0,proportion,200000,False,0.0013345789403443054,0.2047244094488189,0.2033898305084746,4724,0.20512820512820512,5281,0.0014378594648661869,0.3629032258064516,0.36220472440944884,194720,0.3643410852713178,195277
0.009810671256454406,0.01,200000,0.8072289156626506,17,6.868131868131868e-05,5,82,-0.573170731707317,12,mean_change,MC_PRECISION_MET,success_conditional_descriptive_resampling_range_not_population_CI,0,VAS,200000,False,0.009810671256454406,-0.9759036144578314,-0.9857142857142858,4724,-0.9736842105263158,5281,0.005743905855982084,-0.1686746987951807,-0.1744186046511628,194720,-0.1643835616438356,195277
0.0,0.01,200000,1.0,17,6.868131868131868e-05,5,82,-1.0,12,median_change,MC_PRECISION_MET,success_conditional_descriptive_resampling_range_not_population_CI,0,VAS,200000,False,0.0,-1.0,-1.0,4724,-1.0,5281,0.0,0.0,0.0,194720,0.0,195277
0.0019621342512908813,0.01,200000,0.1614457831325301,17,6.868131868131868e-05,5,82,-0.1146341463414634,12,mean_rate,MC_PRECISION_MET,success_conditional_descriptive_resampling_range_not_population_CI,0,VAS/minute,200000,False,0.0019621342512908813,-0.19518072289156627,-0.19714285714285715,4724,-0.19473684210526315,5281,0.0011487811711964127,-0.033734939759036145,-0.03488372093023256,194720,-0.03287671232876712,195277
0.0,0.01,200000,0.2,17,6.868131868131868e-05,5,82,-0.2,12,median_rate,MC_PRECISION_MET,success_conditional_descriptive_resampling_range_not_population_CI,0,VAS/minute,200000,False,0.0,-0.2,-0.2,4724,-0.2,5281,0.0,0.0,0.0,194720,0.0,195277
0.003185727938833982,0.002,200000,0.18272425249169438,17,6.868131868131868e-05,5,82,0.23170731707317074,12,rise_proportion,MC_PRECISION_INSUFFICIENT,success_conditional_descriptive_resampling_range_not_population_CI,0,proportion,200000,False,0.0017211703958691926,0.14285714285714285,0.14285714285714285,4724,0.14457831325301204,5281,0.003185727938833982,0.32558139534883723,0.325,194720,0.3287671232876712,195277
0.0011497556769186623,0.002,200000,0.21706864564007422,17,6.868131868131868e-05,5,82,0.524390243902439,12,fall_proportion,MC_PRECISION_MET,success_conditional_descriptive_resampling_range_not_population_CI,0,proportion,200000,False,0.0010822510822510734,0.4155844155844156,0.4146341463414634,4724,0.4166666666666667,5281,0.0011497556769186623,0.6326530612244898,0.631578947368421,194720,0.6338028169014085,195277
0.0028215028215028415,0.002,200000,0.18771816418875242,17,6.868131868131868e-05,5,82,0.24390243902439024,12,unchanged_proportion,MC_PRECISION_INSUFFICIENT,success_conditional_descriptive_resampling_range_not_population_CI,0,proportion,200000,False,0.0009049773755656076,0.15294117647058825,0.15217391304347827,4724,0.15384615384615385,5281,0.0028215028215028415,0.34065934065934067,0.33783783783783783,194720,0.34146341463414637,195277
0.005490570541895438,0.01,200000,0.8848384424192212,18,6.868131868131868e-05,5,69,-0.5072463768115942,13,mean_change,MC_PRECISION_MET,success_conditional_descriptive_resampling_range_not_population_CI,0,VAS,200000,False,0.005490196078431375,-0.9411764705882353,-0.9466666666666667,4724,-0.9365079365079365,5281,0.005490570541895438,-0.056338028169014086,-0.06153846153846154,194720,-0.05084745762711865,195277
0.0,0.01,200000,1.0,18,6.868131868131868e-05,5,69,-1.0,13,median_change,MC_PRECISION_MET,success_conditional_descriptive_resampling_range_not_population_CI,0,VAS,200000,False,0.0,-1.0,-1.0,4724,-1.0,5281,0.0,0.0,0.0,194720,0.0,195277
0.0010981141083790877,0.01,200000,0.17696768848384423,18,6.868131868131868e-05,5,69,-0.10144927536231885,13,mean_rate,MC_PRECISION_MET,success_conditional_descriptive_resampling_range_not_population_CI,0,VAS/minute,200000,False,0.0010980392156862695,-0.18823529411764706,-0.18933333333333333,4724,-0.1873015873015873,5281,0.0010981141083790877,-0.011267605633802818,-0.012307692307692308,194720,-0.01016949152542373,195277
0.0,0.01,200000,0.2,18,6.868131868131868e-05,5,69,-0.2,13,median_rate,MC_PRECISION_MET,success_conditional_descriptive_resampling_range_not_population_CI,0,VAS/minute,200000,False,0.0,-0.2,-0.2,4724,-0.2,5281,0.0,0.0,0.0,194720,0.0,195277
0.0017334777898158626,0.002,200000,0.20457169244978063,18,6.868131868131868e-05,5,69,0.2463768115942029,13,rise_proportion,MC_PRECISION_MET,success_conditional_descriptive_resampling_range_not_population_CI,0,proportion,200000,False,0.0017127477367261945,0.14754098360655737,0.14705882352941177,4724,0.14925373134328357,5281,0.0017334777898158626,0.352112676056338,0.3508771929824561,194720,0.35384615384615387,195277
0.004385964912280715,0.002,200000,0.23563218390804597,18,6.868131868131868e-05,5,69,0.5507246376811594,13,fall_proportion,MC_PRECISION_INSUFFICIENT,success_conditional_descriptive_resampling_range_not_population_CI,0,proportion,200000,False,0.0018013381369016979,0.43103448275862066,0.4305555555555556,4724,0.43283582089552236,5281,0.004385964912280715,0.6666666666666666,0.6666666666666666,194720,0.6710526315789473,195277
0.0014839940640237748,0.002,200000,0.1893867924528302,18,6.868131868131868e-05,5,69,0.2028985507246377,13,unchanged_proportion,MC_PRECISION_MET,success_conditional_descriptive_resampling_range_not_population_CI,0,proportion,200000,False,0.0013888888888888978,0.1125,0.1111111111111111,4724,0.11290322580645161,5281,0.0014839940640237748,0.3018867924528302,0.3013698630136986,194720,0.30337078651685395,195277
0.007936507936507908,0.01,200000,0.9393939393939394,19,6.868131868131868e-05,5,59,-0.6949152542372882,14,mean_change,MC_PRECISION_MET,success_conditional_descriptive_resampling_range_not_population_CI,0,VAS,200000,False,0.007936507936507908,-1.1666666666666667,-1.1724137931034482,4724,-1.1587301587301588,5281,0.005603985056039845,-0.22727272727272727,-0.2328767123287671,194720,-0.2222222222222222,195277
0.0,0.01,200000,1.0,19,6.868131868131868e-05,5,59,-1.0,14,median_change,MC_PRECISION_MET,success_conditional_descriptive_resampling_range_not_population_CI,0,VAS,200000,False,0.0,-1.0,-1.0,4724,-1.0,5281,0.0,0.0,0.0,194720,0.0,195277
0.0015873015873015817,0.01,200000,0.18787878787878787,19,6.868131868131868e-05,5,59,-0.13898305084745763,14,mean_rate,MC_PRECISION_MET,success_conditional_descriptive_resampling_range_not_population_CI,0,VAS/minute,200000,False,0.0015873015873015817,-0.23333333333333334,-0.23448275862068962,4724,-0.23174603174603176,5281,0.0011207970112079649,-0.045454545454545456,-0.04657534246575342,194720,-0.04444444444444444,195277
0.0,0.01,200000,0.2,19,6.868131868131868e-05,5,59,-0.2,14,median_rate,MC_PRECISION_MET,success_conditional_descriptive_resampling_range_not_population_CI,0,VAS/minute,200000,False,0.0,-0.2,-0.2,4724,-0.2,5281,0.0,0.0,0.0,194720,0.0,195277
0.0012578616352201255,0.002,200000,0.21880172128434291,19,6.868131868131868e-05,5,59,0.23728813559322035,14,rise_proportion,MC_PRECISION_MET,success_conditional_descriptive_resampling_range_not_population_CI,0,proportion,200000,False,0.0012578616352201255,0.1320754716981132,0.13114754098360656,4724,0.13333333333333333,5281,0.0012354830738818823,0.3508771929824561,0.35,194720,0.352112676056338,195277
0.0021978021978022455,0.002,200000,0.2555052790346908,19,6.868131868131868e-05,5,59,0.559322033898305,14,fall_proportion,MC_PRECISION_INSUFFICIENT,success_conditional_descriptive_resampling_range_not_population_CI,0,proportion,200000,False,0.0021978021978022455,0.4307692307692308,0.42857142857142855,4724,0.43137254901960786,5281,0.0020639834881320818,0.6862745098039216,0.6842105263157895,194720,0.6875,195277
0.0019574259848299524,0.002,200000,0.20621225194132875,19,6.868131868131868e-05,5,59,0.2033898305084746,14,unchanged_proportion,MC_PRECISION_MET,success_conditional_descriptive_resampling_range_not_population_CI,0,proportion,200000,False,0.0018148820326678722,0.10526315789473684,0.10344827586206896,4724,0.10526315789473684,5281,0.0019574259848299524,0.3114754098360656,0.3103448275862069,194720,0.31343283582089554,195277
0.007575757575757569,0.01,200000,1.1666666666666667,20,6.868131868131868e-05,5,56,-0.5892857142857143,15,mean_change,MC_PRECISION_MET,success_conditional_descriptive_resampling_range_not_population_CI,0,VAS,200000,False,0.007575757575757569,-1.1666666666666667,-1.1730769230769231,4724,-1.1590909090909092,5281,0.0,0.0,0.0,194720,0.0,195277
0.0,0.01,200000,1.0,20,6.868131868131868e-05,5,56,-1.0,15,median_change,MC_PRECISION_MET,success_conditional_descriptive_resampling_range_not_population_CI,0,VAS,200000,False,0.0,-1.0,-1.0,4724,-1.0,5281,0.0,0.0,0.0,194720,0.0,195277
0.0015151515151514972,0.01,200000,0.23333333333333334,20,6.868131868131868e-05,5,56,-0.11785714285714285,15,mean_rate,MC_PRECISION_MET,success_conditional_descriptive_resampling_range_not_population_CI,0,VAS/minute,200000,False,0.0015151515151514972,-0.23333333333333334,-0.23461538461538461,4724,-0.23181818181818184,5281,0.0,0.0,0.0,194720,0.0,195277
0.0,0.01,200000,0.2,20,6.868131868131868e-05,5,56,-0.2,15,median_rate,MC_PRECISION_MET,success_conditional_descriptive_resampling_range_not_population_CI,0,VAS/minute,200000,False,0.0,-0.2,-0.2,4724,-0.2,5281,0.0,0.0,0.0,194720,0.0,195277
0.0018853695324283493,0.002,200000,0.20808323329331735,20,6.868131868131868e-05,5,56,0.19642857142857142,15,rise_proportion,MC_PRECISION_MET,success_conditional_descriptive_resampling_range_not_population_CI,0,proportion,200000,False,0.0018853695324283493,0.09803921568627451,0.09615384615384616,4724,0.09836065573770492,5281,0.0015698587127158659,0.30612244897959184,0.3050847457627119,194720,0.3076923076923077,195277
0.0020242914979757276,0.002,200000,0.262280701754386,20,6.868131868131868e-05,5,56,0.5535714285714286,15,fall_proportion,MC_PRECISION_INSUFFICIENT,success_conditional_descriptive_resampling_range_not_population_CI,0,proportion,200000,False,0.0020242914979757276,0.42105263157894735,0.41935483870967744,4724,0.4230769230769231,5281,0.0018518518518518823,0.6833333333333333,0.6818181818181818,194720,0.6851851851851852,195277
0.0020689655172413945,0.002,200000,0.2284210526315789,20,6.868131868131868e-05,5,56,0.25,15,unchanged_proportion,MC_PRECISION_INSUFFICIENT,success_conditional_descriptive_resampling_range_not_population_CI,0,proportion,200000,False,0.0020689655172413945,0.14,0.13793103448275862,4724,0.14035087719298245,5281,0.0017543859649122862,0.3684210526315789,0.36666666666666664,194720,0.3695652173913043,195277
