MC_max_endpoint_half_width,attempted,empirical_range_width,gamma_per_endpoint,point,statistic,status,uncertainty_role,undefined,unit,valid,zero_width,source_role,source_file,lower_estimate,upper_estimate,absolute_MC_tolerance,cell,collapsed_fits,constant_OOB_partitions,descriptive_lower,descriptive_upper,failed_replicates,interval_publication_status,maximum_OOB_people,minimum_OOB_people,eligible_blocks,eligible_people,interval_role,primary_p,primary_q,MC_absolute_tolerance,aggregation,original_eligible_people,resampled_support_max,resampled_support_min,failed,index,metric,publication,role,absolute_MC_target,end_minute,h_minutes,people,start_minute,code,denominator_people,kind,label
0.0005322943693431004,200000,0.09309286788193871,0.00022727272727272727,0.5958288385472852,window_equal_MAE_last_value,MC_PRECISION_MET,descriptive_empirical_resampling_not_population_coverage,0,VAS,200000,False,observations,next_rating_summary.json,0.5500179275726067,0.6431107954545454,,,,,,,,,,,,,,,,,,,,,,,,,,,,,,,,,,
0.00047403848331728504,200000,0.08492876098108171,0.00022727272727272727,0.644378285884084,window_equal_MAE_ridge,MC_PRECISION_MET,descriptive_empirical_resampling_not_population_coverage,0,VAS,200000,False,observations,next_rating_summary.json,0.6026038460487584,0.6875326070298401,,,,,,,,,,,,,,,,,,,,,,,,,,,,,,,,,,
0.0005277195711371752,200000,0.08501001160932542,0.00022727272727272727,0.6543674335564217,window_equal_MAE_random_forest,MC_PRECISION_MET,descriptive_empirical_resampling_not_population_coverage,0,VAS,200000,False,observations,next_rating_summary.json,0.6125340944146264,0.6975441060239518,,,,,,,,,,,,,,,,,,,,,,,,,,,,,,,,,,
0.0007048006570395948,200000,0.11152621285377018,0.00022727272727272727,0.9445237608676562,window_equal_RMSE_last_value,MC_PRECISION_MET,descriptive_empirical_resampling_not_population_coverage,0,VAS,200000,False,observations,next_rating_summary.json,0.8890008890013334,1.0005271018551036,,,,,,,,,,,,,,,,,,,,,,,,,,,,,,,,,,
0.0006823256341065287,200000,0.10796378201397872,0.00022727272727272727,0.9156244295571284,window_equal_RMSE_ridge,MC_PRECISION_MET,descriptive_empirical_resampling_not_population_coverage,0,VAS,200000,False,observations,next_rating_summary.json,0.8618551864296372,0.9698189684436159,,,,,,,,,,,,,,,,,,,,,,,,,,,,,,,,,,
0.0006499683204189699,200000,0.1091477719093441,0.00022727272727272727,0.9197670285800694,window_equal_RMSE_random_forest,MC_PRECISION_MET,descriptive_empirical_resampling_not_population_coverage,0,VAS,200000,False,observations,next_rating_summary.json,0.865396920032538,0.9745446919418821,,,,,,,,,,,,,,,,,,,,,,,,,,,,,,,,,,
0.00015159626471994425,200000,0.02521140346685735,0.00022727272727272727,0.04854944733679878,window_equal_MAE_ridge_minus_last_value,MC_PRECISION_MET,descriptive_empirical_resampling_not_population_coverage,0,VAS,200000,False,observations,next_rating_summary.json,0.0362742320441134,0.06148563551097075,,,,,,,,,,,,,,,,,,,,,,,,,,,,,,,,,,
0.0001931318888681588,200000,0.027729318602752073,0.00022727272727272727,0.058538595009136496,window_equal_MAE_random_forest_minus_last_value,MC_PRECISION_MET,descriptive_empirical_resampling_not_population_coverage,0,VAS,200000,False,observations,next_rating_summary.json,0.04515536039429624,0.07288467899704831,,,,,,,,,,,,,,,,,,,,,,,,,,,,,,,,,,
0.00012920506450408986,200000,0.02040321642938725,0.00022727272727272727,-0.028899331310527798,window_equal_RMSE_ridge_minus_last_value,MC_PRECISION_MET,descriptive_empirical_resampling_not_population_coverage,0,VAS,200000,False,observations,next_rating_summary.json,-0.03893369453961948,-0.01853047811023223,,,,,,,,,,,,,,,,,,,,,,,,,,,,,,,,,,
0.00015883126313220863,200000,0.025715979893265906,0.00022727272727272727,-0.02475673228758679,window_equal_RMSE_random_forest_minus_last_value,MC_PRECISION_MET,descriptive_empirical_resampling_not_population_coverage,0,VAS,200000,False,observations,next_rating_summary.json,-0.03728241438237079,-0.011566434489104882,,,,,,,,,,,,,,,,,,,,,,,,,,,,,,,,,,
0.0005153186284091449,200000,0.0897709017945143,0.00022727272727272727,0.5832909243016949,person_equal_MAE_last_value,MC_PRECISION_MET,descriptive_empirical_resampling_not_population_coverage,0,VAS,200000,False,observations,next_rating_summary.json,0.5392491794314493,0.6290200812259636,,,,,,,,,,,,,,,,,,,,,,,,,,,,,,,,,,
0.000500503909490968,200000,0.08244887359415198,0.00022727272727272727,0.6396539987672295,person_equal_MAE_ridge,MC_PRECISION_MET,descriptive_empirical_resampling_not_population_coverage,0,VAS,200000,False,observations,next_rating_summary.json,0.5992265054644162,0.6816753790585682,,,,,,,,,,,,,,,,,,,,,,,,,,,,,,,,,,
0.0005187364708199027,200000,0.08447141005325343,0.00022727272727272727,0.6510369891042107,person_equal_MAE_random_forest,MC_PRECISION_MET,descriptive_empirical_resampling_not_population_coverage,0,VAS,200000,False,observations,next_rating_summary.json,0.6096113949013923,0.6940828049546457,,,,,,,,,,,,,,,,,,,,,,,,,,,,,,,,,,
0.000601842276628517,200000,0.10623678934976699,0.00022727272727272727,0.9352388857111177,person_equal_RMSE_last_value,MC_PRECISION_MET,descriptive_empirical_resampling_not_population_coverage,0,VAS,200000,False,observations,next_rating_summary.json,0.8824160929012471,0.9886528822510141,,,,,,,,,,,,,,,,,,,,,,,,,,,,,,,,,,
0.0006356693454269147,200000,0.10197317363127623,0.00022727272727272727,0.9107835052590614,person_equal_RMSE_ridge,MC_PRECISION_MET,descriptive_empirical_resampling_not_population_coverage,0,VAS,200000,False,observations,next_rating_summary.json,0.860107847371461,0.9620810210027372,,,,,,,,,,,,,,,,,,,,,,,,,,,,,,,,,,
0.0006567249015988486,200000,0.10620367919773777,0.00022727272727272727,0.9153551978676089,person_equal_RMSE_random_forest,MC_PRECISION_MET,descriptive_empirical_resampling_not_population_coverage,0,VAS,200000,False,observations,next_rating_summary.json,0.8625561818018797,0.9687598609996174,,,,,,,,,,,,,,,,,,,,,,,,,,,,,,,,,,
0.0001789928104443117,200000,0.03040081582253895,0.00022727272727272727,0.05636307446553457,person_equal_MAE_ridge_minus_last_value,MC_PRECISION_MET,descriptive_empirical_resampling_not_population_coverage,0,VAS,200000,False,observations,next_rating_summary.json,0.04170779952569592,0.07210861534823487,,,,,,,,,,,,,,,,,,,,,,,,,,,,,,,,,,
0.00021219882628831233,200000,0.03382496144761493,0.00022727272727272727,0.06774606480251577,person_equal_MAE_random_forest_minus_last_value,MC_PRECISION_MET,descriptive_empirical_resampling_not_population_coverage,0,VAS,200000,False,observations,next_rating_summary.json,0.051715554973369326,0.08554051642098426,,,,,,,,,,,,,,,,,,,,,,,,,,,,,,,,,,
0.00017744293895127772,200000,0.026774387961497337,0.00022727272727272727,-0.024455380452056308,person_equal_RMSE_ridge_minus_last_value,MC_PRECISION_MET,descriptive_empirical_resampling_not_population_coverage,0,VAS,200000,False,observations,next_rating_summary.json,-0.03738269156966445,-0.010608303608167113,,,,,,,,,,,,,,,,,,,,,,,,,,,,,,,,,,
0.00022376039293414696,200000,0.03322981608074549,0.00022727272727272727,-0.0198836878435088,person_equal_RMSE_random_forest_minus_last_value,MC_PRECISION_MET,descriptive_empirical_resampling_not_population_coverage,0,VAS,200000,False,observations,next_rating_summary.json,-0.03565005283705713,-0.0024202367563116445,,,,,,,,,,,,,,,,,,,,,,,,,,,,,,,,,,
0.004854368932038833,200000,0.4077669902912622,0.00022727272727272727,1.6262135922330097,MAE_last_value,MC_PRECISION_MET,descriptive_empirical_resampling_not_population_coverage,0,VAS,200000,False,observations,five_to_ten_summary.json,1.4271844660194175,1.8349514563106797,,,,,,,,,,,,,,,,,,,,,,,,,,,,,,,,,,
0.0017635912996352143,200000,0.28474569059313093,0.00022727272727272727,1.3574305111004608,MAE_ridge,MC_PRECISION_MET,descriptive_empirical_resampling_not_population_coverage,0,VAS,200000,False,observations,five_to_ten_summary.json,1.2176460383523966,1.5023917289455275,,,,,,,,,,,,,,,,,,,,,,,,,,,,,,,,,,
0.0017374930445139825,200000,0.2974398973395864,0.00022727272727272727,1.3687678079612344,MAE_random_forest,MC_PRECISION_MET,descriptive_empirical_resampling_not_population_coverage,0,VAS,200000,False,observations,five_to_ten_summary.json,1.2233419763758016,1.520781873715388,,,,,,,,,,,,,,,,,,,,,,,,,,,,,,,,,,
0.0029448192266956497,200000,0.5345154531563487,0.00022727272727272727,2.2065656661053508,RMSE_last_value,MC_PRECISION_MET,descriptive_empirical_resampling_not_population_coverage,0,VAS,200000,False,observations,five_to_ten_summary.json,1.9396226236900045,2.4741380768463532,,,,,,,,,,,,,,,,,,,,,,,,,,,,,,,,,,
0.0020080454361062205,200000,0.32352892180532367,0.00022727272727272727,1.7125280389685105,RMSE_ridge,MC_PRECISION_MET,descriptive_empirical_resampling_not_population_coverage,0,VAS,200000,False,observations,five_to_ten_summary.json,1.5489211912304626,1.8724501130357862,,,,,,,,,,,,,,,,,,,,,,,,,,,,,,,,,,
0.002131199211158119,200000,0.3599105632031212,0.00022727272727272727,1.749018433370237,RMSE_random_forest,MC_PRECISION_MET,descriptive_empirical_resampling_not_population_coverage,0,VAS,200000,False,observations,five_to_ten_summary.json,1.5680983138357465,1.9280088770388677,,,,,,,,,,,,,,,,,,,,,,,,,,,,,,,,,,
0.002106317673438607,200000,0.34514752493727796,0.00022727272727272727,-0.2687830811325489,MAE_ridge_minus_last_value,MC_PRECISION_MET,descriptive_empirical_resampling_not_population_coverage,0,VAS,200000,False,observations,five_to_ten_summary.json,-0.4424277641891585,-0.09728023925188056,,,,,,,,,,,,,,,,,,,,,,,,,,,,,,,,,,
0.002099692925501273,200000,0.35535678574043983,0.00022727272727272727,-0.2574457842717752,MAE_random_forest_minus_last_value,MC_PRECISION_MET,descriptive_empirical_resampling_not_population_coverage,0,VAS,200000,False,observations,five_to_ten_summary.json,-0.4366087841454642,-0.0812519984050244,,,,,,,,,,,,,,,,,,,,,,,,,,,,,,,,,,
0.0025046640376198415,200000,0.40005219149847027,0.00022727272727272727,-0.4940376271368403,RMSE_ridge_minus_last_value,MC_PRECISION_MET,descriptive_empirical_resampling_not_population_coverage,0,VAS,200000,False,observations,five_to_ten_summary.json,-0.6909179877555178,-0.29086579625704756,,,,,,,,,,,,,,,,,,,,,,,,,,,,,,,,,,
0.002799707722164202,200000,0.47463587695041265,0.00022727272727272727,-0.4575472327351138,RMSE_random_forest_minus_last_value,MC_PRECISION_MET,descriptive_empirical_resampling_not_population_coverage,0,VAS,200000,False,observations,five_to_ten_summary.json,-0.6956722682100831,-0.22103639125967045,,,,,,,,,,,,,,,,,,,,,,,,,,,,,,,,,,
0.004651162790697327,200000,0.5488372093023259,0.00022727272727272727,3.0046511627906978,mean_observed_minute1,MC_PRECISION_MET,descriptive_empirical_resampling_not_population_coverage,0,VAS,200000,False,observations,VAS_observation_summary.json,2.7348837209302324,3.2837209302325583,,,,,,,,,,,,,,,,,,,,,,,,,,,,,,,,,,
0.004651162790697327,200000,0.548837209302325,0.00022727272727272727,3.8130841121495327,mean_observed_minute2,MC_PRECISION_MET,descriptive_empirical_resampling_not_population_coverage,0,VAS,200000,False,observations,VAS_observation_summary.json,3.5395348837209304,4.088372093023255,,,,,,,,,,,,,,,,,,,,,,,,,,,,,,,,,,
0.004168312053003387,200000,0.5514018691588789,0.00022727272727272727,4.163551401869159,mean_observed_minute3,MC_PRECISION_MET,descriptive_empirical_resampling_not_population_coverage,0,VAS,200000,False,observations,VAS_observation_summary.json,3.8878504672897196,4.4392523364485985,,,,,,,,,,,,,,,,,,,,,,,,,,,,,,,,,,
0.004451235716183888,200000,0.549295774647887,0.00022727272727272727,4.215962441314554,mean_observed_minute4,MC_PRECISION_MET,descriptive_empirical_resampling_not_population_coverage,0,VAS,200000,False,observations,VAS_observation_summary.json,3.943661971830986,4.492957746478873,,,,,,,,,,,,,,,,,,,,,,,,,,,,,,,,,,
0.003649310191366606,200000,0.577303070761015,0.00022727272727272727,4.09433962264151,mean_observed_minute5,MC_PRECISION_MET,descriptive_empirical_resampling_not_population_coverage,0,VAS,200000,False,observations,VAS_observation_summary.json,3.808411214953271,4.385714285714286,,,,,,,,,,,,,,,,,,,,,,,,,,,,,,,,,,
0.0034768358579153613,200000,0.5759949102715987,0.00022727272727272727,3.9716981132075473,mean_observed_minute6,MC_PRECISION_MET,descriptive_empirical_resampling_not_population_coverage,0,VAS,200000,False,observations,VAS_observation_summary.json,3.6869158878504673,4.262910798122066,,,,,,,,,,,,,,,,,,,,,,,,,,,,,,,,,,
0.004560055709054822,200000,0.577464788732394,0.00022727272727272727,3.772511848341232,mean_observed_minute7,MC_PRECISION_MET,descriptive_empirical_resampling_not_population_coverage,0,VAS,200000,False,observations,VAS_observation_summary.json,3.488262910798122,4.065727699530516,,,,,,,,,,,,,,,,,,,,,,,,,,,,,,,,,,
0.004649063416835908,200000,0.5970661250282103,0.00022727272727272727,3.676190476190476,mean_observed_minute8,MC_PRECISION_MET,descriptive_empirical_resampling_not_population_coverage,0,VAS,200000,False,observations,VAS_observation_summary.json,3.3838862559241707,3.980952380952381,,,,,,,,,,,,,,,,,,,,,,,,,,,,,,,,,,
0.003623356714823167,200000,0.5833216078045123,0.00022727272727272727,3.451923076923077,mean_observed_minute9,MC_PRECISION_MET,descriptive_empirical_resampling_not_population_coverage,0,VAS,200000,False,observations,VAS_observation_summary.json,3.1642512077294684,3.7475728155339807,,,,,,,,,,,,,,,,,,,,,,,,,,,,,,,,,,
0.004262574595055746,200000,0.5715217391304348,0.00022727272727272727,3.325242718446602,mean_observed_minute10,MC_PRECISION_MET,descriptive_empirical_resampling_not_population_coverage,0,VAS,200000,False,observations,VAS_observation_summary.json,3.0434782608695654,3.615,,,,,,,,,,,,,,,,,,,,,,,,,,,,,,,,,,
0.004503526858382845,200000,0.5970833549189245,0.00022727272727272727,3.329896907216495,mean_observed_minute11,MC_PRECISION_MET,descriptive_empirical_resampling_not_population_coverage,0,VAS,200000,False,observations,VAS_observation_summary.json,3.036082474226804,3.6331658291457285,,,,,,,,,,,,,,,,,,,,,,,,,,,,,,,,,,
0.0034737299174989467,200000,0.582488581931603,0.00022727272727272727,3.2020725388601035,mean_observed_minute12,MC_PRECISION_MET,descriptive_empirical_resampling_not_population_coverage,0,VAS,200000,False,observations,VAS_observation_summary.json,2.9148936170212765,3.4973821989528795,,,,,,,,,,,,,,,,,,,,,,,,,,,,,,,,,,
0.003670612337809853,200000,0.5941554746187117,0.00022727272727272727,3.0802139037433154,mean_observed_minute13,MC_PRECISION_MET,descriptive_empirical_resampling_not_population_coverage,0,VAS,200000,False,observations,VAS_observation_summary.json,2.7880434782608696,3.3821989528795813,,,,,,,,,,,,,,,,,,,,,,,,,,,,,,,,,,
0.003853564547206201,200000,0.5941856511390684,0.00022727272727272727,3.0282485875706215,mean_observed_minute14,MC_PRECISION_MET,descriptive_empirical_resampling_not_population_coverage,0,VAS,200000,False,observations,VAS_observation_summary.json,2.735294117647059,3.3294797687861273,,,,,,,,,,,,,,,,,,,,,,,,,,,,,,,,,,
0.003311491580356485,200000,0.609941520467836,0.00022727272727272727,3.0,mean_observed_minute15,MC_PRECISION_MET,descriptive_empirical_resampling_not_population_coverage,0,VAS,200000,False,observations,VAS_observation_summary.json,2.7,3.309941520467836,,,,,,,,,,,,,,,,,,,,,,,,,,,,,,,,,,
0.004751722499405808,200000,0.6964264653850689,0.00022727272727272727,3.1048387096774195,mean_observed_minute16,MC_PRECISION_MET,descriptive_empirical_resampling_not_population_coverage,0,VAS,200000,False,observations,VAS_observation_summary.json,2.762589928057554,3.459016393442623,,,,,,,,,,,,,,,,,,,,,,,,,,,,,,,,,,
0.005956813104988967,200000,0.8591331269349842,0.00022727272727272727,2.975609756097561,mean_observed_minute17,MC_PRECISION_MET,descriptive_empirical_resampling_not_population_coverage,0,VAS,200000,False,observations,VAS_observation_summary.json,2.5526315789473686,3.411764705882353,,,,,,,,,,,,,,,,,,,,,,,,,,,,,,,,,,
0.005247376311844132,200000,0.864293659621802,0.00022727272727272727,2.9565217391304346,mean_observed_minute18,MC_PRECISION_MET,descriptive_empirical_resampling_not_population_coverage,0,VAS,200000,False,observations,VAS_observation_summary.json,2.532258064516129,3.396551724137931,,,,,,,,,,,,,,,,,,,,,,,,,,,,,,,,,,
0.006674082313681939,200000,1.0172413793103448,0.00022727272727272727,2.8983050847457625,mean_observed_minute19,MC_PRECISION_MET,descriptive_empirical_resampling_not_population_coverage,0,VAS,200000,False,observations,VAS_observation_summary.json,2.396551724137931,3.413793103448276,,,,,,,,,,,,,,,,,,,,,,,,,,,,,,,,,,
0.006546644844517058,200000,1.1246684350132625,0.00022727272727272727,2.9642857142857144,mean_observed_minute20,MC_PRECISION_MET,descriptive_empirical_resampling_not_population_coverage,0,VAS,200000,False,observations,VAS_observation_summary.json,2.413793103448276,3.5384615384615383,,,,,,,,,,,,,,,,,,,,,,,,,,,,,,,,,,
0.0,200000,0.0,0.00022727272727272727,1.0,fraction_observed_minute1,MC_PRECISION_MET,descriptive_empirical_resampling_not_population_coverage,0,proportion,200000,True,observations,VAS_observation_summary.json,1.0,1.0,,,,,,,,,,,,,,,,,,,,,,,,,,,,,,,,,,
0.0,200000,0.013953488372092981,0.00022727272727272727,0.9953488372093023,fraction_observed_minute2,MC_PRECISION_MET,descriptive_empirical_resampling_not_population_coverage,0,proportion,200000,False,observations,VAS_observation_summary.json,0.986046511627907,1.0,,,,,,,,,,,,,,,,,,,,,,,,,,,,,,,,,,
0.0,200000,0.013953488372092981,0.00022727272727272727,0.9953488372093023,fraction_observed_minute3,MC_PRECISION_MET,descriptive_empirical_resampling_not_population_coverage,0,proportion,200000,False,observations,VAS_observation_summary.json,0.986046511627907,1.0,,,,,,,,,,,,,,,,,,,,,,,,,,,,,,,,,,
0.0,200000,0.023255813953488413,0.00022727272727272727,0.9906976744186047,fraction_observed_minute4,MC_PRECISION_MET,descriptive_empirical_resampling_not_population_coverage,0,proportion,200000,False,observations,VAS_observation_summary.json,0.9767441860465116,1.0,,,,,,,,,,,,,,,,,,,,,,,,,,,,,,,,,,
0.0,200000,0.032558139534883734,0.00022727272727272727,0.986046511627907,fraction_observed_minute5,MC_PRECISION_MET,descriptive_empirical_resampling_not_population_coverage,0,proportion,200000,False,observations,VAS_observation_summary.json,0.9674418604651163,1.0,,,,,,,,,,,,,,,,,,,,,,,,,,,,,,,,,,
0.0,200000,0.032558139534883734,0.00022727272727272727,0.986046511627907,fraction_observed_minute6,MC_PRECISION_MET,descriptive_empirical_resampling_not_population_coverage,0,proportion,200000,False,observations,VAS_observation_summary.json,0.9674418604651163,1.0,,,,,,,,,,,,,,,,,,,,,,,,,,,,,,,,,,
0.0,200000,0.032558139534883734,0.00022727272727272727,0.9813953488372092,fraction_observed_minute7,MC_PRECISION_MET,descriptive_empirical_resampling_not_population_coverage,0,proportion,200000,False,observations,VAS_observation_summary.json,0.9627906976744186,0.9953488372093023,,,,,,,,,,,,,,,,,,,,,,,,,,,,,,,,,,
0.0,200000,0.041860465116279055,0.00022727272727272727,0.9767441860465116,fraction_observed_minute8,MC_PRECISION_MET,descriptive_empirical_resampling_not_population_coverage,0,proportion,200000,False,observations,VAS_observation_summary.json,0.9534883720930233,0.9953488372093023,,,,,,,,,,,,,,,,,,,,,,,,,,,,,,,,,,
0.0046511627906976605,200000,0.04651162790697683,0.00022727272727272727,0.9674418604651163,fraction_observed_minute9,MC_PRECISION_INSUFFICIENT,descriptive_empirical_resampling_not_population_coverage,0,proportion,200000,False,observations,VAS_observation_summary.json,0.9441860465116279,0.9906976744186047,,,,,,,,,,,,,,,,,,,,,,,,,,,,,,,,,,
0.0,200000,0.051162790697674376,0.00022727272727272727,0.958139534883721,fraction_observed_minute10,MC_PRECISION_MET,descriptive_empirical_resampling_not_population_coverage,0,proportion,200000,False,observations,VAS_observation_summary.json,0.9302325581395349,0.9813953488372092,,,,,,,,,,,,,,,,,,,,,,,,,,,,,,,,,,
0.0,200000,0.07906976744186045,0.00022727272727272727,0.9023255813953488,fraction_observed_minute11,MC_PRECISION_MET,descriptive_empirical_resampling_not_population_coverage,0,proportion,200000,False,observations,VAS_observation_summary.json,0.8604651162790697,0.9395348837209302,,,,,,,,,,,,,,,,,,,,,,,,,,,,,,,,,,
0.0,200000,0.07906976744186045,0.00022727272727272727,0.8976744186046511,fraction_observed_minute12,MC_PRECISION_MET,descriptive_empirical_resampling_not_population_coverage,0,proportion,200000,False,observations,VAS_observation_summary.json,0.8558139534883721,0.9348837209302325,,,,,,,,,,,,,,,,,,,,,,,,,,,,,,,,,,
0.0,200000,0.08837209302325588,0.00022727272727272727,0.8697674418604651,fraction_observed_minute13,MC_PRECISION_MET,descriptive_empirical_resampling_not_population_coverage,0,proportion,200000,False,observations,VAS_observation_summary.json,0.8232558139534883,0.9116279069767442,,,,,,,,,,,,,,,,,,,,,,,,,,,,,,,,,,
0.0,200000,0.10232558139534886,0.00022727272727272727,0.8232558139534883,fraction_observed_minute14,MC_PRECISION_MET,descriptive_empirical_resampling_not_population_coverage,0,proportion,200000,False,observations,VAS_observation_summary.json,0.772093023255814,0.8744186046511628,,,,,,,,,,,,,,,,,,,,,,,,,,,,,,,,,,
0.0,200000,0.11162790697674418,0.00022727272727272727,0.7813953488372093,fraction_observed_minute15,MC_PRECISION_MET,descriptive_empirical_resampling_not_population_coverage,0,proportion,200000,False,observations,VAS_observation_summary.json,0.7255813953488373,0.8372093023255814,,,,,,,,,,,,,,,,,,,,,,,,,,,,,,,,,,
0.0,200000,0.13023255813953483,0.00022727272727272727,0.5767441860465117,fraction_observed_minute16,MC_PRECISION_MET,descriptive_empirical_resampling_not_population_coverage,0,proportion,200000,False,observations,VAS_observation_summary.json,0.5116279069767442,0.641860465116279,,,,,,,,,,,,,,,,,,,,,,,,,,,,,,,,,,
0.0,200000,0.13023255813953488,0.00022727272727272727,0.3813953488372093,fraction_observed_minute17,MC_PRECISION_MET,descriptive_empirical_resampling_not_population_coverage,0,proportion,200000,False,observations,VAS_observation_summary.json,0.31627906976744186,0.44651162790697674,,,,,,,,,,,,,,,,,,,,,,,,,,,,,,,,,,
0.0046511627906976605,200000,0.12558139534883722,0.00022727272727272727,0.3209302325581395,fraction_observed_minute18,MC_PRECISION_INSUFFICIENT,descriptive_empirical_resampling_not_population_coverage,0,proportion,200000,False,observations,VAS_observation_summary.json,0.26046511627906976,0.386046511627907,,,,,,,,,,,,,,,,,,,,,,,,,,,,,,,,,,
0.004651162790697688,200000,0.12093023255813953,0.00022727272727272727,0.2744186046511628,fraction_observed_minute19,MC_PRECISION_INSUFFICIENT,descriptive_empirical_resampling_not_population_coverage,0,proportion,200000,False,observations,VAS_observation_summary.json,0.21395348837209302,0.33488372093023255,,,,,,,,,,,,,,,,,,,,,,,,,,,,,,,,,,
0.0,200000,0.11627906976744184,0.00022727272727272727,0.26046511627906976,fraction_observed_minute20,MC_PRECISION_MET,descriptive_empirical_resampling_not_population_coverage,0,proportion,200000,False,observations,VAS_observation_summary.json,0.20465116279069767,0.3209302325581395,,,,,,,,,,,,,,,,,,,,,,,,,,,,,,,,,,
0.0,200000,0.0,0.00022727272727272727,0.0,cumulative_E_marker_minute1,MC_PRECISION_MET,descriptive_empirical_resampling_not_population_coverage,0,proportion,200000,True,observations,VAS_observation_summary.json,0.0,0.0,,,,,,,,,,,,,,,,,,,,,,,,,,,,,,,,,,
0.0,200000,0.0,0.00022727272727272727,0.0,cumulative_E_marker_minute2,MC_PRECISION_MET,descriptive_empirical_resampling_not_population_coverage,0,proportion,200000,True,observations,VAS_observation_summary.json,0.0,0.0,,,,,,,,,,,,,,,,,,,,,,,,,,,,,,,,,,
0.0,200000,0.0,0.00022727272727272727,0.0,cumulative_E_marker_minute3,MC_PRECISION_MET,descriptive_empirical_resampling_not_population_coverage,0,proportion,200000,True,observations,VAS_observation_summary.json,0.0,0.0,,,,,,,,,,,,,,,,,,,,,,,,,,,,,,,,,,
0.0,200000,0.0,0.00022727272727272727,0.0,cumulative_E_marker_minute4,MC_PRECISION_MET,descriptive_empirical_resampling_not_population_coverage,0,proportion,200000,True,observations,VAS_observation_summary.json,0.0,0.0,,,,,,,,,,,,,,,,,,,,,,,,,,,,,,,,,,
0.0,200000,0.0,0.00022727272727272727,0.0,cumulative_E_marker_minute5,MC_PRECISION_MET,descriptive_empirical_resampling_not_population_coverage,0,proportion,200000,True,observations,VAS_observation_summary.json,0.0,0.0,,,,,,,,,,,,,,,,,,,,,,,,,,,,,,,,,,
0.0,200000,0.0,0.00022727272727272727,0.0,cumulative_E_marker_minute6,MC_PRECISION_MET,descriptive_empirical_resampling_not_population_coverage,0,proportion,200000,True,observations,VAS_observation_summary.json,0.0,0.0,,,,,,,,,,,,,,,,,,,,,,,,,,,,,,,,,,
0.0,200000,0.013953488372093023,0.00022727272727272727,0.004651162790697674,cumulative_E_marker_minute7,MC_PRECISION_MET,descriptive_empirical_resampling_not_population_coverage,0,proportion,200000,False,observations,VAS_observation_summary.json,0.0,0.013953488372093023,,,,,,,,,,,,,,,,,,,,,,,,,,,,,,,,,,
0.0,200000,0.023255813953488372,0.00022727272727272727,0.009302325581395349,cumulative_E_marker_minute8,MC_PRECISION_MET,descriptive_empirical_resampling_not_population_coverage,0,proportion,200000,False,observations,VAS_observation_summary.json,0.0,0.023255813953488372,,,,,,,,,,,,,,,,,,,,,,,,,,,,,,,,,,
0.0,200000,0.023255813953488372,0.00022727272727272727,0.009302325581395349,cumulative_E_marker_minute9,MC_PRECISION_MET,descriptive_empirical_resampling_not_population_coverage,0,proportion,200000,False,observations,VAS_observation_summary.json,0.0,0.023255813953488372,,,,,,,,,,,,,,,,,,,,,,,,,,,,,,,,,,
0.0,200000,0.03255813953488372,0.00022727272727272727,0.013953488372093023,cumulative_E_marker_minute10,MC_PRECISION_MET,descriptive_empirical_resampling_not_population_coverage,0,proportion,200000,False,observations,VAS_observation_summary.json,0.0,0.03255813953488372,,,,,,,,,,,,,,,,,,,,,,,,,,,,,,,,,,
0.0,200000,0.06976744186046512,0.00022727272727272727,0.06976744186046512,cumulative_E_marker_minute11,MC_PRECISION_MET,descriptive_empirical_resampling_not_population_coverage,0,proportion,200000,False,observations,VAS_observation_summary.json,0.037209302325581395,0.10697674418604651,,,,,,,,,,,,,,,,,,,,,,,,,,,,,,,,,,
0.0,200000,0.06976744186046512,0.00022727272727272727,0.07441860465116279,cumulative_E_marker_minute12,MC_PRECISION_MET,descriptive_empirical_resampling_not_population_coverage,0,proportion,200000,False,observations,VAS_observation_summary.json,0.04186046511627907,0.11162790697674418,,,,,,,,,,,,,,,,,,,,,,,,,,,,,,,,,,
0.0,200000,0.07906976744186048,0.00022727272727272727,0.10232558139534884,cumulative_E_marker_minute13,MC_PRECISION_MET,descriptive_empirical_resampling_not_population_coverage,0,proportion,200000,False,observations,VAS_observation_summary.json,0.06511627906976744,0.14418604651162792,,,,,,,,,,,,,,,,,,,,,,,,,,,,,,,,,,
0.0046511627906976605,200000,0.0930232558139535,0.00022727272727272727,0.14418604651162792,cumulative_E_marker_minute14,MC_PRECISION_INSUFFICIENT,descriptive_empirical_resampling_not_population_coverage,0,proportion,200000,False,observations,VAS_observation_summary.json,0.09767441860465116,0.19069767441860466,,,,,,,,,,,,,,,,,,,,,,,,,,,,,,,,,,
0.0046511627906976605,200000,0.10232558139534884,0.00022727272727272727,0.18604651162790697,cumulative_E_marker_minute15,MC_PRECISION_INSUFFICIENT,descriptive_empirical_resampling_not_population_coverage,0,proportion,200000,False,observations,VAS_observation_summary.json,0.13488372093023257,0.2372093023255814,,,,,,,,,,,,,,,,,,,,,,,,,,,,,,,,,,
0.0,200000,0.13023255813953488,0.00022727272727272727,0.386046511627907,cumulative_E_marker_minute16,MC_PRECISION_MET,descriptive_empirical_resampling_not_population_coverage,0,proportion,200000,False,observations,VAS_observation_summary.json,0.3209302325581395,0.4511627906976744,,,,,,,,,,,,,,,,,,,,,,,,,,,,,,,,,,
0.0,200000,0.13023255813953483,0.00022727272727272727,0.5767441860465117,cumulative_E_marker_minute17,MC_PRECISION_MET,descriptive_empirical_resampling_not_population_coverage,0,proportion,200000,False,observations,VAS_observation_summary.json,0.5116279069767442,0.641860465116279,,,,,,,,,,,,,,,,,,,,,,,,,,,,,,,,,,
0.0046511627906976605,200000,0.13023255813953494,0.00022727272727272727,0.6372093023255814,cumulative_E_marker_minute18,MC_PRECISION_INSUFFICIENT,descriptive_empirical_resampling_not_population_coverage,0,proportion,200000,False,observations,VAS_observation_summary.json,0.5720930232558139,0.7023255813953488,,,,,,,,,,,,,,,,,,,,,,,,,,,,,,,,,,
0.0046511627906976605,200000,0.1209302325581395,0.00022727272727272727,0.6837209302325581,cumulative_E_marker_minute19,MC_PRECISION_INSUFFICIENT,descriptive_empirical_resampling_not_population_coverage,0,proportion,200000,False,observations,VAS_observation_summary.json,0.6232558139534884,0.7441860465116279,,,,,,,,,,,,,,,,,,,,,,,,,,,,,,,,,,
0.0046511627906976605,200000,0.1209302325581395,0.00022727272727272727,0.6976744186046512,cumulative_E_marker_minute20,MC_PRECISION_INSUFFICIENT,descriptive_empirical_resampling_not_population_coverage,0,proportion,200000,False,observations,VAS_observation_summary.json,0.6372093023255814,0.7581395348837209,,,,,,,,,,,,,,,,,,,,,,,,,,,,,,,,,,
0.0,200000,0.0,0.00022727272727272727,0.0,cumulative_T_marker_minute1,MC_PRECISION_MET,descriptive_empirical_resampling_not_population_coverage,0,proportion,200000,True,observations,VAS_observation_summary.json,0.0,0.0,,,,,,,,,,,,,,,,,,,,,,,,,,,,,,,,,,
0.0,200000,0.013953488372093023,0.00022727272727272727,0.004651162790697674,cumulative_T_marker_minute2,MC_PRECISION_MET,descriptive_empirical_resampling_not_population_coverage,0,proportion,200000,False,observations,VAS_observation_summary.json,0.0,0.013953488372093023,,,,,,,,,,,,,,,,,,,,,,,,,,,,,,,,,,
0.0,200000,0.013953488372093023,0.00022727272727272727,0.004651162790697674,cumulative_T_marker_minute3,MC_PRECISION_MET,descriptive_empirical_resampling_not_population_coverage,0,proportion,200000,False,observations,VAS_observation_summary.json,0.0,0.013953488372093023,,,,,,,,,,,,,,,,,,,,,,,,,,,,,,,,,,
0.0,200000,0.023255813953488372,0.00022727272727272727,0.009302325581395349,cumulative_T_marker_minute4,MC_PRECISION_MET,descriptive_empirical_resampling_not_population_coverage,0,proportion,200000,False,observations,VAS_observation_summary.json,0.0,0.023255813953488372,,,,,,,,,,,,,,,,,,,,,,,,,,,,,,,,,,
0.0,200000,0.03255813953488372,0.00022727272727272727,0.013953488372093023,cumulative_T_marker_minute5,MC_PRECISION_MET,descriptive_empirical_resampling_not_population_coverage,0,proportion,200000,False,observations,VAS_observation_summary.json,0.0,0.03255813953488372,,,,,,,,,,,,,,,,,,,,,,,,,,,,,,,,,,
0.0,200000,0.03255813953488372,0.00022727272727272727,0.013953488372093023,cumulative_T_marker_minute6,MC_PRECISION_MET,descriptive_empirical_resampling_not_population_coverage,0,proportion,200000,False,observations,VAS_observation_summary.json,0.0,0.03255813953488372,,,,,,,,,,,,,,,,,,,,,,,,,,,,,,,,,,
0.0,200000,0.03255813953488372,0.00022727272727272727,0.013953488372093023,cumulative_T_marker_minute7,MC_PRECISION_MET,descriptive_empirical_resampling_not_population_coverage,0,proportion,200000,False,observations,VAS_observation_summary.json,0.0,0.03255813953488372,,,,,,,,,,,,,,,,,,,,,,,,,,,,,,,,,,
0.0,200000,0.03255813953488372,0.00022727272727272727,0.013953488372093023,cumulative_T_marker_minute8,MC_PRECISION_MET,descriptive_empirical_resampling_not_population_coverage,0,proportion,200000,False,observations,VAS_observation_summary.json,0.0,0.03255813953488372,,,,,,,,,,,,,,,,,,,,,,,,,,,,,,,,,,
0.0,200000,0.04186046511627907,0.00022727272727272727,0.023255813953488372,cumulative_T_marker_minute9,MC_PRECISION_MET,descriptive_empirical_resampling_not_population_coverage,0,proportion,200000,False,observations,VAS_observation_summary.json,0.004651162790697674,0.046511627906976744,,,,,,,,,,,,,,,,,,,,,,,,,,,,,,,,,,
0.0,200000,0.04186046511627907,0.00022727272727272727,0.027906976744186046,cumulative_T_marker_minute10,MC_PRECISION_MET,descriptive_empirical_resampling_not_population_coverage,0,proportion,200000,False,observations,VAS_observation_summary.json,0.009302325581395349,0.05116279069767442,,,,,,,,,,,,,,,,,,,,,,,,,,,,,,,,,,
0.0,200000,0.04186046511627907,0.00022727272727272727,0.027906976744186046,cumulative_T_marker_minute11,MC_PRECISION_MET,descriptive_empirical_resampling_not_population_coverage,0,proportion,200000,False,observations,VAS_observation_summary.json,0.009302325581395349,0.05116279069767442,,,,,,,,,,,,,,,,,,,,,,,,,,,,,,,,,,
0.0,200000,0.04186046511627907,0.00022727272727272727,0.027906976744186046,cumulative_T_marker_minute12,MC_PRECISION_MET,descriptive_empirical_resampling_not_population_coverage,0,proportion,200000,False,observations,VAS_observation_summary.json,0.009302325581395349,0.05116279069767442,,,,,,,,,,,,,,,,,,,,,,,,,,,,,,,,,,
0.0,200000,0.04186046511627907,0.00022727272727272727,0.027906976744186046,cumulative_T_marker_minute13,MC_PRECISION_MET,descriptive_empirical_resampling_not_population_coverage,0,proportion,200000,False,observations,VAS_observation_summary.json,0.009302325581395349,0.05116279069767442,,,,,,,,,,,,,,,,,,,,,,,,,,,,,,,,,,
0.004651162790697674,200000,0.046511627906976744,0.00022727272727272727,0.03255813953488372,cumulative_T_marker_minute14,MC_PRECISION_INSUFFICIENT,descriptive_empirical_resampling_not_population_coverage,0,proportion,200000,False,observations,VAS_observation_summary.json,0.009302325581395349,0.05581395348837209,,,,,,,,,,,,,,,,,,,,,,,,,,,,,,,,,,
0.004651162790697674,200000,0.046511627906976744,0.00022727272727272727,0.03255813953488372,cumulative_T_marker_minute15,MC_PRECISION_INSUFFICIENT,descriptive_empirical_resampling_not_population_coverage,0,proportion,200000,False,observations,VAS_observation_summary.json,0.009302325581395349,0.05581395348837209,,,,,,,,,,,,,,,,,,,,,,,,,,,,,,,,,,
0.0,200000,0.05116279069767442,0.00022727272727272727,0.037209302325581395,cumulative_T_marker_minute16,MC_PRECISION_MET,descriptive_empirical_resampling_not_population_coverage,0,proportion,200000,False,observations,VAS_observation_summary.json,0.013953488372093023,0.06511627906976744,,,,,,,,,,,,,,,,,,,,,,,,,,,,,,,,,,
0.0,200000,0.05116279069767442,0.00022727272727272727,0.04186046511627907,cumulative_T_marker_minute17,MC_PRECISION_MET,descriptive_empirical_resampling_not_population_coverage,0,proportion,200000,False,observations,VAS_observation_summary.json,0.018604651162790697,0.06976744186046512,,,,,,,,,,,,,,,,,,,,,,,,,,,,,,,,,,
0.0,200000,0.05116279069767442,0.00022727272727272727,0.04186046511627907,cumulative_T_marker_minute18,MC_PRECISION_MET,descriptive_empirical_resampling_not_population_coverage,0,proportion,200000,False,observations,VAS_observation_summary.json,0.018604651162790697,0.06976744186046512,,,,,,,,,,,,,,,,,,,,,,,,,,,,,,,,,,
0.0,200000,0.05116279069767442,0.00022727272727272727,0.04186046511627907,cumulative_T_marker_minute19,MC_PRECISION_MET,descriptive_empirical_resampling_not_population_coverage,0,proportion,200000,False,observations,VAS_observation_summary.json,0.018604651162790697,0.06976744186046512,,,,,,,,,,,,,,,,,,,,,,,,,,,,,,,,,,
0.0,200000,0.05116279069767442,0.00022727272727272727,0.04186046511627907,cumulative_T_marker_minute20,MC_PRECISION_MET,descriptive_empirical_resampling_not_population_coverage,0,proportion,200000,False,observations,VAS_observation_summary.json,0.018604651162790697,0.06976744186046512,,,,,,,,,,,,,,,,,,,,,,,,,,,,,,,,,,
0.053224279421163034,5000,0.5144019939503846,0.00014204545454545457,,legacy_ARI,MC_PRECISION_INSUFFICIENT,descriptive_empirical_resampling_not_population_coverage,0,,5000,False,python_remaining,cluster_summary.json,0.48559800604961545,1.0,0.005,C10_raw_euclidean_kmeans_k2,0.0,0.0,0.48559800604961545,1.0,0.0,descriptive_range,91.0,61.0,,,,,,,,,,,,,,,,,,,,,,,,
0.04452825000711108,5000,0.5278195488721804,0.00014204545454545457,,OOB_ARI,MC_PRECISION_INSUFFICIENT,descriptive_empirical_resampling_not_population_coverage,0,,5000,False,python_remaining,cluster_summary.json,0.47218045112781953,1.0,0.005,C10_raw_euclidean_kmeans_k2,0.0,0.0,0.47218045112781953,1.0,0.0,descriptive_range,91.0,61.0,,,,,,,,,,,,,,,,,,,,,,,,
0.03229224314017487,5000,0.2753748125937032,0.00014204545454545457,,legacy_matched_mean_Jaccard,MC_PRECISION_INSUFFICIENT,descriptive_empirical_resampling_not_population_coverage,0,,5000,False,python_remaining,cluster_summary.json,0.7246251874062968,1.0,0.002,C10_raw_euclidean_kmeans_k2,0.0,0.0,0.7246251874062968,1.0,0.0,descriptive_range,91.0,61.0,,,,,,,,,,,,,,,,,,,,,,,,
0.023864363926529797,5000,0.3507775327732706,0.00014204545454545457,,legacy_ARI,MC_PRECISION_INSUFFICIENT,descriptive_empirical_resampling_not_population_coverage,0,,5000,False,python_remaining,cluster_summary.json,0.6492224672267294,1.0,0.005,C10_raw_euclidean_kmeans_k3,0.0,0.0,0.6492224672267294,1.0,0.0,descriptive_range,91.0,61.0,,,,,,,,,,,,,,,,,,,,,,,,
0.038833904916709905,5000,0.36330711840395424,0.00014204545454545457,,OOB_ARI,MC_PRECISION_INSUFFICIENT,descriptive_empirical_resampling_not_population_coverage,0,,5000,False,python_remaining,cluster_summary.json,0.6366928815960458,1.0,0.005,C10_raw_euclidean_kmeans_k3,0.0,0.0,0.6366928815960458,1.0,0.0,descriptive_range,91.0,61.0,,,,,,,,,,,,,,,,,,,,,,,,
0.022462575120599904,5000,0.2848593603722368,0.00014204545454545457,,legacy_matched_mean_Jaccard,MC_PRECISION_INSUFFICIENT,descriptive_empirical_resampling_not_population_coverage,0,,5000,False,python_remaining,cluster_summary.json,0.7151406396277632,1.0,0.002,C10_raw_euclidean_kmeans_k3,0.0,0.0,0.7151406396277632,1.0,0.0,descriptive_range,91.0,61.0,,,,,,,,,,,,,,,,,,,,,,,,
0.01761327099036958,5000,0.5114169848753878,0.00014204545454545457,,legacy_ARI,MC_PRECISION_INSUFFICIENT,descriptive_empirical_resampling_not_population_coverage,0,,5000,False,python_remaining,cluster_summary.json,0.47374944019720516,0.9851664250725929,0.005,C10_raw_euclidean_kmeans_k4,0.0,0.0,0.47374944019720516,0.9851664250725929,0.0,descriptive_range,91.0,61.0,,,,,,,,,,,,,,,,,,,,,,,,
0.020257022482078224,5000,0.5517465622160302,0.00014204545454545457,,OOB_ARI,MC_PRECISION_INSUFFICIENT,descriptive_empirical_resampling_not_population_coverage,0,,5000,False,python_remaining,cluster_summary.json,0.4482534377839698,1.0,0.005,C10_raw_euclidean_kmeans_k4,0.0,0.0,0.4482534377839698,1.0,0.0,descriptive_range,91.0,61.0,,,,,,,,,,,,,,,,,,,,,,,,
0.010668212095667873,5000,0.545944499116141,0.00014204545454545457,,legacy_matched_mean_Jaccard,MC_PRECISION_INSUFFICIENT,descriptive_empirical_resampling_not_population_coverage,0,,5000,False,python_remaining,cluster_summary.json,0.4450811419095001,0.9910256410256411,0.002,C10_raw_euclidean_kmeans_k4,0.0,0.0,0.4450811419095001,0.9910256410256411,0.0,descriptive_range,91.0,61.0,,,,,,,,,,,,,,,,,,,,,,,,
0.01437265580940783,5000,0.46106317516823286,0.00014204545454545457,,legacy_ARI,MC_PRECISION_INSUFFICIENT,descriptive_empirical_resampling_not_population_coverage,0,,5000,False,python_remaining,cluster_summary.json,0.42652924685374655,0.8875924220219794,0.005,C10_raw_euclidean_kmeans_k5,0.0,0.0,0.42652924685374655,0.8875924220219794,0.0,descriptive_range,91.0,61.0,,,,,,,,,,,,,,,,,,,,,,,,
0.018514844337003122,5000,0.5059540457124925,0.00014204545454545457,,OOB_ARI,MC_PRECISION_INSUFFICIENT,descriptive_empirical_resampling_not_population_coverage,0,,5000,False,python_remaining,cluster_summary.json,0.3846519983417525,0.8906060440542449,0.005,C10_raw_euclidean_kmeans_k5,0.0,0.0,0.3846519983417525,0.8906060440542449,0.0,descriptive_range,91.0,61.0,,,,,,,,,,,,,,,,,,,,,,,,
0.021329980626525635,5000,0.4482769563472922,0.00014204545454545457,,legacy_matched_mean_Jaccard,MC_PRECISION_INSUFFICIENT,descriptive_empirical_resampling_not_population_coverage,0,,5000,False,python_remaining,cluster_summary.json,0.45494564934727205,0.9032226056945643,0.002,C10_raw_euclidean_kmeans_k5,0.0,0.0,0.45494564934727205,0.9032226056945643,0.0,descriptive_range,91.0,61.0,,,,,,,,,,,,,,,,,,,,,,,,
0.04768674751592664,5000,0.9200508195423123,0.00014204545454545457,,legacy_ARI,MC_PRECISION_INSUFFICIENT,descriptive_empirical_resampling_not_population_coverage,0,,5000,False,python_remaining,cluster_summary.json,0.07994918045768779,1.0,0.005,C10_raw_dtw_pam_k2,0.0,0.0,0.07994918045768779,1.0,0.0,descriptive_range,91.0,61.0,,,,,,,,,,,,,,,,,,,,,,,,
0.03637057868681451,5000,0.9376703509190591,0.00014204545454545457,,OOB_ARI,MC_PRECISION_INSUFFICIENT,descriptive_empirical_resampling_not_population_coverage,0,,5000,False,python_remaining,cluster_summary.json,0.06232964908094088,1.0,0.005,C10_raw_dtw_pam_k2,0.0,0.0,0.06232964908094088,1.0,0.0,descriptive_range,91.0,61.0,,,,,,,,,,,,,,,,,,,,,,,,
0.05487268112268112,5000,0.5401058201058201,0.00014204545454545457,,legacy_matched_mean_Jaccard,MC_PRECISION_INSUFFICIENT,descriptive_empirical_resampling_not_population_coverage,0,,5000,False,python_remaining,cluster_summary.json,0.4598941798941799,1.0,0.002,C10_raw_dtw_pam_k2,0.0,0.0,0.4598941798941799,1.0,0.0,descriptive_range,91.0,61.0,,,,,,,,,,,,,,,,,,,,,,,,
0.030351214593044684,5000,0.7179561442909361,0.00014204545454545457,,legacy_ARI,MC_PRECISION_INSUFFICIENT,descriptive_empirical_resampling_not_population_coverage,0,,5000,False,python_remaining,cluster_summary.json,0.167510601913689,0.8854667462046251,0.005,C10_raw_dtw_pam_k3,0.0,0.0,0.167510601913689,0.8854667462046251,0.0,descriptive_range,91.0,61.0,,,,,,,,,,,,,,,,,,,,,,,,
0.025513159997293533,5000,0.7551186010402835,0.00014204545454545457,,OOB_ARI,MC_PRECISION_INSUFFICIENT,descriptive_empirical_resampling_not_population_coverage,0,,5000,False,python_remaining,cluster_summary.json,0.14974605595546497,0.9048646569957485,0.005,C10_raw_dtw_pam_k3,0.0,0.0,0.14974605595546497,0.9048646569957485,0.0,descriptive_range,91.0,61.0,,,,,,,,,,,,,,,,,,,,,,,,
0.019734583833575126,5000,0.5523018839059357,0.00014204545454545457,,legacy_matched_mean_Jaccard,MC_PRECISION_INSUFFICIENT,descriptive_empirical_resampling_not_population_coverage,0,,5000,False,python_remaining,cluster_summary.json,0.37986275024040567,0.9321646341463414,0.002,C10_raw_dtw_pam_k3,0.0,0.0,0.37986275024040567,0.9321646341463414,0.0,descriptive_range,91.0,61.0,,,,,,,,,,,,,,,,,,,,,,,,
0.03934565743600549,5000,0.5697779625461322,0.00014204545454545457,,legacy_ARI,MC_PRECISION_INSUFFICIENT,descriptive_empirical_resampling_not_population_coverage,0,,5000,False,python_remaining,cluster_summary.json,0.3109402221722092,0.8807181847183414,0.005,C10_raw_dtw_pam_k4,0.0,0.0,0.3109402221722092,0.8807181847183414,0.0,descriptive_range,91.0,61.0,,,,,,,,,,,,,,,,,,,,,,,,
0.026041846523217504,5000,0.6042616593716892,0.00014204545454545457,,OOB_ARI,MC_PRECISION_INSUFFICIENT,descriptive_empirical_resampling_not_population_coverage,0,,5000,False,python_remaining,cluster_summary.json,0.28214142185254015,0.8864030812242293,0.005,C10_raw_dtw_pam_k4,0.0,0.0,0.28214142185254015,0.8864030812242293,0.0,descriptive_range,91.0,61.0,,,,,,,,,,,,,,,,,,,,,,,,
0.03335921798768571,5000,0.4678291411274193,0.00014204545454545457,,legacy_matched_mean_Jaccard,MC_PRECISION_INSUFFICIENT,descriptive_empirical_resampling_not_population_coverage,0,,5000,False,python_remaining,cluster_summary.json,0.4262279270340578,0.8940570681614771,0.002,C10_raw_dtw_pam_k4,0.0,0.0,0.4262279270340578,0.8940570681614771,0.0,descriptive_range,91.0,61.0,,,,,,,,,,,,,,,,,,,,,,,,
0.024676848401825935,5000,0.43678254747304035,0.00014204545454545457,,legacy_ARI,MC_PRECISION_INSUFFICIENT,descriptive_empirical_resampling_not_population_coverage,0,,5000,False,python_remaining,cluster_summary.json,0.3442112066752244,0.7809937541482648,0.005,C10_raw_dtw_pam_k5,0.0,0.0,0.3442112066752244,0.7809937541482648,0.0,descriptive_range,91.0,61.0,,,,,,,,,,,,,,,,,,,,,,,,
0.02478559485962961,5000,0.4887481573136572,0.00014204545454545457,,OOB_ARI,MC_PRECISION_INSUFFICIENT,descriptive_empirical_resampling_not_population_coverage,0,,5000,False,python_remaining,cluster_summary.json,0.30058489099758684,0.7893330483112441,0.005,C10_raw_dtw_pam_k5,0.0,0.0,0.30058489099758684,0.7893330483112441,0.0,descriptive_range,91.0,61.0,,,,,,,,,,,,,,,,,,,,,,,,
0.024970152013856994,5000,0.406183745560616,0.00014204545454545457,,legacy_matched_mean_Jaccard,MC_PRECISION_INSUFFICIENT,descriptive_empirical_resampling_not_population_coverage,0,,5000,False,python_remaining,cluster_summary.json,0.3909648115696819,0.7971485571302979,0.002,C10_raw_dtw_pam_k5,0.0,0.0,0.3909648115696819,0.7971485571302979,0.0,descriptive_range,91.0,61.0,,,,,,,,,,,,,,,,,,,,,,,,
0.032912839154097706,5000,0.27141706389639364,0.00014204545454545457,,legacy_ARI,MC_PRECISION_INSUFFICIENT,descriptive_empirical_resampling_not_population_coverage,0,,5000,False,python_remaining,cluster_summary.json,0.7285829361036064,1.0,0.005,C10_raw_fuzzy_cmeans_k2,0.0,0.0,0.7285829361036064,1.0,0.0,descriptive_range,91.0,61.0,,,,,,,,,,,,,,,,,,,,,,,,
0.023767290783298534,5000,0.32215113263012274,0.00014204545454545457,,OOB_ARI,MC_PRECISION_INSUFFICIENT,descriptive_empirical_resampling_not_population_coverage,0,,5000,False,python_remaining,cluster_summary.json,0.6778488673698773,1.0,0.005,C10_raw_fuzzy_cmeans_k2,0.0,0.0,0.6778488673698773,1.0,0.0,descriptive_range,91.0,61.0,,,,,,,,,,,,,,,,,,,,,,,,
0.014071876940056516,5000,0.1384711779448622,0.00014204545454545457,,legacy_matched_mean_Jaccard,MC_PRECISION_INSUFFICIENT,descriptive_empirical_resampling_not_population_coverage,0,,5000,False,python_remaining,cluster_summary.json,0.8615288220551378,1.0,0.002,C10_raw_fuzzy_cmeans_k2,0.0,0.0,0.8615288220551378,1.0,0.0,descriptive_range,91.0,61.0,,,,,,,,,,,,,,,,,,,,,,,,
0.002280650769129866,5000,0.046040447949048546,0.00014204545454545457,,entropy_all,MC_PRECISION_INSUFFICIENT,descriptive_empirical_resampling_not_population_coverage,0,,5000,False,python_remaining,cluster_summary.json,0.48156375278691005,0.5276042007359586,0.002,C10_raw_fuzzy_cmeans_k2,0.0,0.0,0.48156375278691005,0.5276042007359586,0.0,descriptive_range,91.0,61.0,,,,,,,,,,,,,,,,,,,,,,,,
0.0026149523550257348,5000,0.05640697893595076,0.00014204545454545457,,entropy_OOB,MC_PRECISION_INSUFFICIENT,descriptive_empirical_resampling_not_population_coverage,0,,5000,False,python_remaining,cluster_summary.json,0.4795507324084119,0.5359577113443627,0.002,C10_raw_fuzzy_cmeans_k2,0.0,0.0,0.4795507324084119,0.5359577113443627,0.0,descriptive_range,91.0,61.0,,,,,,,,,,,,,,,,,,,,,,,,
0.017792168750502935,5000,0.29123214675573184,0.00014204545454545457,,legacy_ARI,MC_PRECISION_INSUFFICIENT,descriptive_empirical_resampling_not_population_coverage,0,,5000,False,python_remaining,cluster_summary.json,0.6832340947385578,0.9744662414942896,0.005,C10_raw_fuzzy_cmeans_k3,0.0,0.0,0.6832340947385578,0.9744662414942896,0.0,descriptive_range,91.0,61.0,,,,,,,,,,,,,,,,,,,,,,,,
0.025284059125960656,5000,0.3494864556150924,0.00014204545454545457,,OOB_ARI,MC_PRECISION_INSUFFICIENT,descriptive_empirical_resampling_not_population_coverage,0,,5000,False,python_remaining,cluster_summary.json,0.6505135443849076,1.0,0.005,C10_raw_fuzzy_cmeans_k3,0.0,0.0,0.6505135443849076,1.0,0.0,descriptive_range,91.0,61.0,,,,,,,,,,,,,,,,,,,,,,,,
0.018330824184873973,5000,0.2112753652083338,0.00014204545454545457,,legacy_matched_mean_Jaccard,MC_PRECISION_INSUFFICIENT,descriptive_empirical_resampling_not_population_coverage,0,,5000,False,python_remaining,cluster_summary.json,0.7690000783024039,0.9802754435107377,0.002,C10_raw_fuzzy_cmeans_k3,0.0,0.0,0.7690000783024039,0.9802754435107377,0.0,descriptive_range,91.0,61.0,,,,,,,,,,,,,,,,,,,,,,,,
0.002788056265029426,5000,0.059230682239254095,0.00014204545454545457,,entropy_all,MC_PRECISION_INSUFFICIENT,descriptive_empirical_resampling_not_population_coverage,0,,5000,False,python_remaining,cluster_summary.json,0.7728481899615728,0.8320788722008269,0.002,C10_raw_fuzzy_cmeans_k3,0.0,0.0,0.7728481899615728,0.8320788722008269,0.0,descriptive_range,91.0,61.0,,,,,,,,,,,,,,,,,,,,,,,,
0.003672738344131621,5000,0.08059729914302882,0.00014204545454545457,,entropy_OOB,MC_PRECISION_INSUFFICIENT,descriptive_empirical_resampling_not_population_coverage,0,,5000,False,python_remaining,cluster_summary.json,0.7732425792840164,0.8538398784270452,0.002,C10_raw_fuzzy_cmeans_k3,0.0,0.0,0.7732425792840164,0.8538398784270452,0.0,descriptive_range,91.0,61.0,,,,,,,,,,,,,,,,,,,,,,,,
0.0128529251054873,5000,0.5114309405217499,0.00014204545454545457,,legacy_ARI,MC_PRECISION_INSUFFICIENT,descriptive_empirical_resampling_not_population_coverage,0,,5000,False,python_remaining,cluster_summary.json,0.35133717034609874,0.8627681108678487,0.005,C10_raw_fuzzy_cmeans_k4,0.0,0.0,0.35133717034609874,0.8627681108678487,0.0,descriptive_range,91.0,61.0,,,,,,,,,,,,,,,,,,,,,,,,
0.015257192193592561,5000,0.5882807242195438,0.00014204545454545457,,OOB_ARI,MC_PRECISION_INSUFFICIENT,descriptive_empirical_resampling_not_population_coverage,0,,5000,False,python_remaining,cluster_summary.json,0.3014023087201702,0.8896830329397141,0.005,C10_raw_fuzzy_cmeans_k4,0.0,0.0,0.3014023087201702,0.8896830329397141,0.0,descriptive_range,91.0,61.0,,,,,,,,,,,,,,,,,,,,,,,,
0.009983889098663545,5000,0.4596372880258211,0.00014204545454545457,,legacy_matched_mean_Jaccard,MC_PRECISION_INSUFFICIENT,descriptive_empirical_resampling_not_population_coverage,0,,5000,False,python_remaining,cluster_summary.json,0.43522468752154336,0.8948619755473645,0.002,C10_raw_fuzzy_cmeans_k4,0.0,0.0,0.43522468752154336,0.8948619755473645,0.0,descriptive_range,91.0,61.0,,,,,,,,,,,,,,,,,,,,,,,,
0.005636717639385891,5000,0.10689098074275039,0.00014204545454545457,,entropy_all,MC_PRECISION_INSUFFICIENT,descriptive_empirical_resampling_not_population_coverage,0,,5000,False,python_remaining,cluster_summary.json,0.967441101333614,1.0743320820763644,0.002,C10_raw_fuzzy_cmeans_k4,0.0,0.0,0.967441101333614,1.0743320820763644,0.0,descriptive_range,91.0,61.0,,,,,,,,,,,,,,,,,,,,,,,,
0.008060616941629739,5000,0.12421412675010357,0.00014204545454545457,,entropy_OOB,MC_PRECISION_INSUFFICIENT,descriptive_empirical_resampling_not_population_coverage,0,,5000,False,python_remaining,cluster_summary.json,0.9850035822513983,1.1092177090015019,0.002,C10_raw_fuzzy_cmeans_k4,0.0,0.0,0.9850035822513983,1.1092177090015019,0.0,descriptive_range,91.0,61.0,,,,,,,,,,,,,,,,,,,,,,,,
0.0113909766811926,5000,0.45397377824377355,0.00014204545454545457,,legacy_ARI,MC_PRECISION_INSUFFICIENT,descriptive_empirical_resampling_not_population_coverage,0,,5000,False,python_remaining,cluster_summary.json,0.40593953490474183,0.8599133131485154,0.005,C10_raw_fuzzy_cmeans_k5,0.0,0.0,0.40593953490474183,0.8599133131485154,0.0,descriptive_range,91.0,61.0,,,,,,,,,,,,,,,,,,,,,,,,
0.013701100946083122,5000,0.5225472430581125,0.00014204545454545457,,OOB_ARI,MC_PRECISION_INSUFFICIENT,descriptive_empirical_resampling_not_population_coverage,0,,5000,False,python_remaining,cluster_summary.json,0.3608730054068311,0.8834202484649436,0.005,C10_raw_fuzzy_cmeans_k5,0.0,0.0,0.3608730054068311,0.8834202484649436,0.0,descriptive_range,91.0,61.0,,,,,,,,,,,,,,,,,,,,,,,,
0.011260285524493763,5000,0.4152568099281536,0.00014204545454545457,,legacy_matched_mean_Jaccard,MC_PRECISION_INSUFFICIENT,descriptive_empirical_resampling_not_population_coverage,0,,5000,False,python_remaining,cluster_summary.json,0.4725675651048785,0.8878243750330321,0.002,C10_raw_fuzzy_cmeans_k5,0.0,0.0,0.4725675651048785,0.8878243750330321,0.0,descriptive_range,91.0,61.0,,,,,,,,,,,,,,,,,,,,,,,,
0.003856558184588632,5000,0.10593192066338486,0.00014204545454545457,,entropy_all,MC_PRECISION_INSUFFICIENT,descriptive_empirical_resampling_not_population_coverage,0,,5000,False,python_remaining,cluster_summary.json,1.1431071183736687,1.2490390390370536,0.002,C10_raw_fuzzy_cmeans_k5,0.0,0.0,1.1431071183736687,1.2490390390370536,0.0,descriptive_range,91.0,61.0,,,,,,,,,,,,,,,,,,,,,,,,
0.004547541187689186,5000,0.12976961366223372,0.00014204545454545457,,entropy_OOB,MC_PRECISION_INSUFFICIENT,descriptive_empirical_resampling_not_population_coverage,0,,5000,False,python_remaining,cluster_summary.json,1.1634188903076819,1.2931885039699156,0.002,C10_raw_fuzzy_cmeans_k5,0.0,0.0,1.1634188903076819,1.2931885039699156,0.0,descriptive_range,91.0,61.0,,,,,,,,,,,,,,,,,,,,,,,,
0.011169050426498017,5000,0.687237482471091,0.00014204545454545457,,legacy_ARI,MC_PRECISION_INSUFFICIENT,descriptive_empirical_resampling_not_population_coverage,0,,5000,False,python_remaining,cluster_summary.json,0.3127625175289091,1.0,0.005,C10_within_person_centered_euclidean_kmeans_k2,0.0,0.0,0.3127625175289091,1.0,0.0,descriptive_range,91.0,61.0,,,,,,,,,,,,,,,,,,,,,,,,
0.01948279484532886,5000,0.7484134080649031,0.00014204545454545457,,OOB_ARI,MC_PRECISION_INSUFFICIENT,descriptive_empirical_resampling_not_population_coverage,0,,5000,False,python_remaining,cluster_summary.json,0.2515865919350969,1.0,0.005,C10_within_person_centered_euclidean_kmeans_k2,0.0,0.0,0.2515865919350969,1.0,0.0,descriptive_range,91.0,61.0,,,,,,,,,,,,,,,,,,,,,,,,
0.0067172948291043255,5000,0.35953017570664625,0.00014204545454545457,,legacy_matched_mean_Jaccard,MC_PRECISION_INSUFFICIENT,descriptive_empirical_resampling_not_population_coverage,0,,5000,False,python_remaining,cluster_summary.json,0.6404698242933538,1.0,0.002,C10_within_person_centered_euclidean_kmeans_k2,0.0,0.0,0.6404698242933538,1.0,0.0,descriptive_range,91.0,61.0,,,,,,,,,,,,,,,,,,,,,,,,
0.04793973072318175,5000,0.5367136946498602,0.00014204545454545457,,legacy_ARI,MC_PRECISION_INSUFFICIENT,descriptive_empirical_resampling_not_population_coverage,0,,5000,False,python_remaining,cluster_summary.json,0.44854688239884577,0.985260577048706,0.005,C10_within_person_centered_euclidean_kmeans_k3,0.0,0.0,0.44854688239884577,0.985260577048706,0.0,descriptive_range,91.0,61.0,,,,,,,,,,,,,,,,,,,,,,,,
0.043266445253132224,5000,0.5448528988916577,0.00014204545454545457,,OOB_ARI,MC_PRECISION_INSUFFICIENT,descriptive_empirical_resampling_not_population_coverage,0,,5000,False,python_remaining,cluster_summary.json,0.45514710110834233,1.0,0.005,C10_within_person_centered_euclidean_kmeans_k3,0.0,0.0,0.45514710110834233,1.0,0.0,descriptive_range,91.0,61.0,,,,,,,,,,,,,,,,,,,,,,,,
0.05143402812504094,5000,0.359447461800924,0.00014204545454545457,,legacy_matched_mean_Jaccard,MC_PRECISION_INSUFFICIENT,descriptive_empirical_resampling_not_population_coverage,0,,5000,False,python_remaining,cluster_summary.json,0.6304323610959767,0.9898798228969007,0.002,C10_within_person_centered_euclidean_kmeans_k3,0.0,0.0,0.6304323610959767,0.9898798228969007,0.0,descriptive_range,91.0,61.0,,,,,,,,,,,,,,,,,,,,,,,,
0.015639507420839527,5000,0.570228072070219,0.00014204545454545457,,legacy_ARI,MC_PRECISION_INSUFFICIENT,descriptive_empirical_resampling_not_population_coverage,0,,5000,False,python_remaining,cluster_summary.json,0.3613965396299901,0.931624611700209,0.005,C10_within_person_centered_euclidean_kmeans_k4,0.0,0.0,0.3613965396299901,0.931624611700209,0.0,descriptive_range,91.0,61.0,,,,,,,,,,,,,,,,,,,,,,,,
0.023867054425435574,5000,0.6017743603523749,0.00014204545454545457,,OOB_ARI,MC_PRECISION_INSUFFICIENT,descriptive_empirical_resampling_not_population_coverage,0,,5000,False,python_remaining,cluster_summary.json,0.3304098670301485,0.9321842273825234,0.005,C10_within_person_centered_euclidean_kmeans_k4,0.0,0.0,0.3304098670301485,0.9321842273825234,0.0,descriptive_range,91.0,61.0,,,,,,,,,,,,,,,,,,,,,,,,
0.009377770083952908,5000,0.5269717060242762,0.00014204545454545457,,legacy_matched_mean_Jaccard,MC_PRECISION_INSUFFICIENT,descriptive_empirical_resampling_not_population_coverage,0,,5000,False,python_remaining,cluster_summary.json,0.4258245287487026,0.9527962347729788,0.002,C10_within_person_centered_euclidean_kmeans_k4,0.0,0.0,0.4258245287487026,0.9527962347729788,0.0,descriptive_range,91.0,61.0,,,,,,,,,,,,,,,,,,,,,,,,
0.011979941725506205,5000,0.646619389105441,0.00014204545454545457,,legacy_ARI,MC_PRECISION_INSUFFICIENT,descriptive_empirical_resampling_not_population_coverage,0,,5000,False,python_remaining,cluster_summary.json,0.30613129890026586,0.952750688005707,0.005,C10_within_person_centered_euclidean_kmeans_k5,0.0,0.0,0.30613129890026586,0.952750688005707,0.0,descriptive_range,91.0,61.0,,,,,,,,,,,,,,,,,,,,,,,,
0.011819841472580084,5000,0.6832078315514503,0.00014204545454545457,,OOB_ARI,MC_PRECISION_INSUFFICIENT,descriptive_empirical_resampling_not_population_coverage,0,,5000,False,python_remaining,cluster_summary.json,0.27998846682588746,0.9631962983773377,0.005,C10_within_person_centered_euclidean_kmeans_k5,0.0,0.0,0.27998846682588746,0.9631962983773377,0.0,descriptive_range,91.0,61.0,,,,,,,,,,,,,,,,,,,,,,,,
0.013759188124636612,5000,0.6022040081870509,0.00014204545454545457,,legacy_matched_mean_Jaccard,MC_PRECISION_INSUFFICIENT,descriptive_empirical_resampling_not_population_coverage,0,,5000,False,python_remaining,cluster_summary.json,0.34943463872035296,0.9516386469074039,0.002,C10_within_person_centered_euclidean_kmeans_k5,0.0,0.0,0.34943463872035296,0.9516386469074039,0.0,descriptive_range,91.0,61.0,,,,,,,,,,,,,,,,,,,,,,,,
0.011681661215320716,5000,0.9584435439800258,0.00014204545454545457,,legacy_ARI,MC_PRECISION_INSUFFICIENT,descriptive_empirical_resampling_not_population_coverage,0,,5000,False,python_remaining,cluster_summary.json,0.04155645601997413,1.0,0.005,C10_within_person_centered_dtw_pam_k2,0.0,0.0,0.04155645601997413,1.0,0.0,descriptive_range,91.0,61.0,,,,,,,,,,,,,,,,,,,,,,,,
0.0159047634528221,5000,0.9856250173018218,0.00014204545454545457,,OOB_ARI,MC_PRECISION_INSUFFICIENT,descriptive_empirical_resampling_not_population_coverage,0,,5000,False,python_remaining,cluster_summary.json,0.014374982698178213,1.0,0.005,C10_within_person_centered_dtw_pam_k2,0.0,0.0,0.014374982698178213,1.0,0.0,descriptive_range,91.0,61.0,,,,,,,,,,,,,,,,,,,,,,,,
0.010261569416498972,5000,0.5492957746478873,0.00014204545454545457,,legacy_matched_mean_Jaccard,MC_PRECISION_INSUFFICIENT,descriptive_empirical_resampling_not_population_coverage,0,,5000,False,python_remaining,cluster_summary.json,0.4507042253521127,1.0,0.002,C10_within_person_centered_dtw_pam_k2,0.0,0.0,0.4507042253521127,1.0,0.0,descriptive_range,91.0,61.0,,,,,,,,,,,,,,,,,,,,,,,,
0.03562032780474811,5000,0.6346864419180605,0.00014204545454545457,,legacy_ARI,MC_PRECISION_INSUFFICIENT,descriptive_empirical_resampling_not_population_coverage,0,,5000,False,python_remaining,cluster_summary.json,0.30811121488222254,0.942797656800283,0.005,C10_within_person_centered_dtw_pam_k3,0.0,0.0,0.30811121488222254,0.942797656800283,0.0,descriptive_range,91.0,61.0,,,,,,,,,,,,,,,,,,,,,,,,
0.04202979850558808,5000,0.6905926892272862,0.00014204545454545457,,OOB_ARI,MC_PRECISION_INSUFFICIENT,descriptive_empirical_resampling_not_population_coverage,0,,5000,False,python_remaining,cluster_summary.json,0.26737751226712575,0.9579702014944119,0.005,C10_within_person_centered_dtw_pam_k3,0.0,0.0,0.26737751226712575,0.9579702014944119,0.0,descriptive_range,91.0,61.0,,,,,,,,,,,,,,,,,,,,,,,,
0.014849576028250489,5000,0.5640034859835241,0.00014204545454545457,,legacy_matched_mean_Jaccard,MC_PRECISION_INSUFFICIENT,descriptive_empirical_resampling_not_population_coverage,0,,5000,False,python_remaining,cluster_summary.json,0.39618726666005877,0.9601907526435829,0.002,C10_within_person_centered_dtw_pam_k3,0.0,0.0,0.39618726666005877,0.9601907526435829,0.0,descriptive_range,91.0,61.0,,,,,,,,,,,,,,,,,,,,,,,,
0.043104426751762515,5000,0.5528843788569359,0.00014204545454545457,,legacy_ARI,MC_PRECISION_INSUFFICIENT,descriptive_empirical_resampling_not_population_coverage,0,,5000,False,python_remaining,cluster_summary.json,0.2581176520840466,0.8110020309409824,0.005,C10_within_person_centered_dtw_pam_k4,0.0,0.0,0.2581176520840466,0.8110020309409824,0.0,descriptive_range,91.0,61.0,,,,,,,,,,,,,,,,,,,,,,,,
0.03465403399034295,5000,0.587444869570922,0.00014204545454545457,,OOB_ARI,MC_PRECISION_INSUFFICIENT,descriptive_empirical_resampling_not_population_coverage,0,,5000,False,python_remaining,cluster_summary.json,0.24459586681764045,0.8320407363885625,0.005,C10_within_person_centered_dtw_pam_k4,0.0,0.0,0.24459586681764045,0.8320407363885625,0.0,descriptive_range,91.0,61.0,,,,,,,,,,,,,,,,,,,,,,,,
0.025444315611335755,5000,0.5149211977538399,0.00014204545454545457,,legacy_matched_mean_Jaccard,MC_PRECISION_INSUFFICIENT,descriptive_empirical_resampling_not_population_coverage,0,,5000,False,python_remaining,cluster_summary.json,0.34925714805494074,0.8641783458087806,0.002,C10_within_person_centered_dtw_pam_k4,0.0,0.0,0.34925714805494074,0.8641783458087806,0.0,descriptive_range,91.0,61.0,,,,,,,,,,,,,,,,,,,,,,,,
0.026015692752049735,5000,0.5155146426125299,0.00014204545454545457,,legacy_ARI,MC_PRECISION_INSUFFICIENT,descriptive_empirical_resampling_not_population_coverage,0,,5000,False,python_remaining,cluster_summary.json,0.3271833494132777,0.8426979920258076,0.005,C10_within_person_centered_dtw_pam_k5,0.0,0.0,0.3271833494132777,0.8426979920258076,0.0,descriptive_range,91.0,61.0,,,,,,,,,,,,,,,,,,,,,,,,
0.025019395007943146,5000,0.5539934321279079,0.00014204545454545457,,OOB_ARI,MC_PRECISION_INSUFFICIENT,descriptive_empirical_resampling_not_population_coverage,0,,5000,False,python_remaining,cluster_summary.json,0.2943381125228623,0.8483315446507702,0.005,C10_within_person_centered_dtw_pam_k5,0.0,0.0,0.2943381125228623,0.8483315446507702,0.0,descriptive_range,91.0,61.0,,,,,,,,,,,,,,,,,,,,,,,,
0.02674840550655666,5000,0.4588936178984108,0.00014204545454545457,,legacy_matched_mean_Jaccard,MC_PRECISION_INSUFFICIENT,descriptive_empirical_resampling_not_population_coverage,0,,5000,False,python_remaining,cluster_summary.json,0.3612183478621835,0.8201119657605943,0.002,C10_within_person_centered_dtw_pam_k5,0.0,0.0,0.3612183478621835,0.8201119657605943,0.0,descriptive_range,91.0,61.0,,,,,,,,,,,,,,,,,,,,,,,,
0.027687123602324448,5000,0.5139643972669998,0.00014204545454545457,,legacy_ARI,MC_PRECISION_INSUFFICIENT,descriptive_empirical_resampling_not_population_coverage,0,,5000,False,python_remaining,cluster_summary.json,0.4860356027330001,1.0,0.005,C10_within_person_centered_fuzzy_cmeans_k2,0.0,0.0,0.4860356027330001,1.0,0.0,descriptive_range,91.0,61.0,,,,,,,,,,,,,,,,,,,,,,,,
0.04061733517319138,5000,0.5214264604472465,0.00014204545454545457,,OOB_ARI,MC_PRECISION_INSUFFICIENT,descriptive_empirical_resampling_not_population_coverage,0,,5000,False,python_remaining,cluster_summary.json,0.47857353955275345,1.0,0.005,C10_within_person_centered_fuzzy_cmeans_k2,0.0,0.0,0.47857353955275345,1.0,0.0,descriptive_range,91.0,61.0,,,,,,,,,,,,,,,,,,,,,,,,
0.014953479243361434,5000,0.26198117244330343,0.00014204545454545457,,legacy_matched_mean_Jaccard,MC_PRECISION_INSUFFICIENT,descriptive_empirical_resampling_not_population_coverage,0,,5000,False,python_remaining,cluster_summary.json,0.7380188275566966,1.0,0.002,C10_within_person_centered_fuzzy_cmeans_k2,0.0,0.0,0.7380188275566966,1.0,0.0,descriptive_range,91.0,61.0,,,,,,,,,,,,,,,,,,,,,,,,
0.00206338973830833,5000,0.0369902702808782,0.00014204545454545457,,entropy_all,MC_PRECISION_INSUFFICIENT,descriptive_empirical_resampling_not_population_coverage,0,,5000,False,python_remaining,cluster_summary.json,0.46643076666880623,0.5034210369496844,0.002,C10_within_person_centered_fuzzy_cmeans_k2,0.0,0.0,0.46643076666880623,0.5034210369496844,0.0,descriptive_range,91.0,61.0,,,,,,,,,,,,,,,,,,,,,,,,
0.002631928587325305,5000,0.05404155342279943,0.00014204545454545457,,entropy_OOB,MC_PRECISION_INSUFFICIENT,descriptive_empirical_resampling_not_population_coverage,0,,5000,False,python_remaining,cluster_summary.json,0.46048005051894775,0.5145216039417472,0.002,C10_within_person_centered_fuzzy_cmeans_k2,0.0,0.0,0.46048005051894775,0.5145216039417472,0.0,descriptive_range,91.0,61.0,,,,,,,,,,,,,,,,,,,,,,,,
0.01929970230668776,5000,0.3039191281966729,0.00014204545454545457,,legacy_ARI,MC_PRECISION_INSUFFICIENT,descriptive_empirical_resampling_not_population_coverage,0,,5000,False,python_remaining,cluster_summary.json,0.6521284844075106,0.9560476126041835,0.005,C10_within_person_centered_fuzzy_cmeans_k3,0.0,0.0,0.6521284844075106,0.9560476126041835,0.0,descriptive_range,91.0,61.0,,,,,,,,,,,,,,,,,,,,,,,,
0.02259289471940129,5000,0.37185636530601784,0.00014204545454545457,,OOB_ARI,MC_PRECISION_INSUFFICIENT,descriptive_empirical_resampling_not_population_coverage,0,,5000,False,python_remaining,cluster_summary.json,0.6281436346939822,1.0,0.005,C10_within_person_centered_fuzzy_cmeans_k3,0.0,0.0,0.6281436346939822,1.0,0.0,descriptive_range,91.0,61.0,,,,,,,,,,,,,,,,,,,,,,,,
0.014676224273952432,5000,0.19039207288757154,0.00014204545454545457,,legacy_matched_mean_Jaccard,MC_PRECISION_INSUFFICIENT,descriptive_empirical_resampling_not_population_coverage,0,,5000,False,python_remaining,cluster_summary.json,0.7813400509827102,0.9717321238702817,0.002,C10_within_person_centered_fuzzy_cmeans_k3,0.0,0.0,0.7813400509827102,0.9717321238702817,0.0,descriptive_range,91.0,61.0,,,,,,,,,,,,,,,,,,,,,,,,
0.002942903534242536,5000,0.06684601962441294,0.00014204545454545457,,entropy_all,MC_PRECISION_INSUFFICIENT,descriptive_empirical_resampling_not_population_coverage,0,,5000,False,python_remaining,cluster_summary.json,0.7631833922054748,0.8300294118298878,0.002,C10_within_person_centered_fuzzy_cmeans_k3,0.0,0.0,0.7631833922054748,0.8300294118298878,0.0,descriptive_range,91.0,61.0,,,,,,,,,,,,,,,,,,,,,,,,
0.004400866106895829,5000,0.07673099398542704,0.00014204545454545457,,entropy_OOB,MC_PRECISION_INSUFFICIENT,descriptive_empirical_resampling_not_population_coverage,0,,5000,False,python_remaining,cluster_summary.json,0.7677045554792679,0.8444355494646949,0.002,C10_within_person_centered_fuzzy_cmeans_k3,0.0,0.0,0.7677045554792679,0.8444355494646949,0.0,descriptive_range,91.0,61.0,,,,,,,,,,,,,,,,,,,,,,,,
0.016887091190430303,5000,0.5153831911453126,0.00014204545454545457,,legacy_ARI,MC_PRECISION_INSUFFICIENT,descriptive_empirical_resampling_not_population_coverage,0,,5000,False,python_remaining,cluster_summary.json,0.4420636502140148,0.9574468413593274,0.005,C10_within_person_centered_fuzzy_cmeans_k4,0.0,0.0,0.4420636502140148,0.9574468413593274,0.0,descriptive_range,91.0,61.0,,,,,,,,,,,,,,,,,,,,,,,,
0.03185728986188596,5000,0.5379594335894855,0.00014204545454545457,,OOB_ARI,MC_PRECISION_INSUFFICIENT,descriptive_empirical_resampling_not_population_coverage,0,,5000,False,python_remaining,cluster_summary.json,0.4301832765486285,0.968142710138114,0.005,C10_within_person_centered_fuzzy_cmeans_k4,0.0,0.0,0.4301832765486285,0.968142710138114,0.0,descriptive_range,91.0,61.0,,,,,,,,,,,,,,,,,,,,,,,,
0.023157308890120798,5000,0.39621576985839446,0.00014204545454545457,,legacy_matched_mean_Jaccard,MC_PRECISION_INSUFFICIENT,descriptive_empirical_resampling_not_population_coverage,0,,5000,False,python_remaining,cluster_summary.json,0.5745239555324937,0.9707397253908882,0.002,C10_within_person_centered_fuzzy_cmeans_k4,0.0,0.0,0.5745239555324937,0.9707397253908882,0.0,descriptive_range,91.0,61.0,,,,,,,,,,,,,,,,,,,,,,,,
0.0035500733563995635,5000,0.07419487500357946,0.00014204545454545457,,entropy_all,MC_PRECISION_INSUFFICIENT,descriptive_empirical_resampling_not_population_coverage,0,,5000,False,python_remaining,cluster_summary.json,1.0110243230882683,1.0852191980918477,0.002,C10_within_person_centered_fuzzy_cmeans_k4,0.0,0.0,1.0110243230882683,1.0852191980918477,0.0,descriptive_range,91.0,61.0,,,,,,,,,,,,,,,,,,,,,,,,
0.004158839337120801,5000,0.09085881860817246,0.00014204545454545457,,entropy_OOB,MC_PRECISION_INSUFFICIENT,descriptive_empirical_resampling_not_population_coverage,0,,5000,False,python_remaining,cluster_summary.json,1.0203146514812933,1.1111734700894658,0.002,C10_within_person_centered_fuzzy_cmeans_k4,0.0,0.0,1.0203146514812933,1.1111734700894658,0.0,descriptive_range,91.0,61.0,,,,,,,,,,,,,,,,,,,,,,,,
0.011927542117196266,5000,0.5116344347614604,0.00014204545454545457,,legacy_ARI,MC_PRECISION_INSUFFICIENT,descriptive_empirical_resampling_not_population_coverage,0,,5000,False,python_remaining,cluster_summary.json,0.39920649162388855,0.910840926385349,0.005,C10_within_person_centered_fuzzy_cmeans_k5,0.0,0.0,0.39920649162388855,0.910840926385349,0.0,descriptive_range,91.0,61.0,,,,,,,,,,,,,,,,,,,,,,,,
0.018716033007445954,5000,0.5774649890881691,0.00014204545454545457,,OOB_ARI,MC_PRECISION_INSUFFICIENT,descriptive_empirical_resampling_not_population_coverage,0,,5000,False,python_remaining,cluster_summary.json,0.3583855883102261,0.9358505773983953,0.005,C10_within_person_centered_fuzzy_cmeans_k5,0.0,0.0,0.3583855883102261,0.9358505773983953,0.0,descriptive_range,91.0,61.0,,,,,,,,,,,,,,,,,,,,,,,,
0.01501462301462303,5000,0.479638218418519,0.00014204545454545457,,legacy_matched_mean_Jaccard,MC_PRECISION_INSUFFICIENT,descriptive_empirical_resampling_not_population_coverage,0,,5000,False,python_remaining,cluster_summary.json,0.4467319522912743,0.9263701707097933,0.002,C10_within_person_centered_fuzzy_cmeans_k5,0.0,0.0,0.4467319522912743,0.9263701707097933,0.0,descriptive_range,91.0,61.0,,,,,,,,,,,,,,,,,,,,,,,,
0.003941236974498885,5000,0.08913969825735668,0.00014204545454545457,,entropy_all,MC_PRECISION_INSUFFICIENT,descriptive_empirical_resampling_not_population_coverage,0,,5000,False,python_remaining,cluster_summary.json,1.1937772218967573,1.282916920154114,0.002,C10_within_person_centered_fuzzy_cmeans_k5,0.0,0.0,1.1937772218967573,1.282916920154114,0.0,descriptive_range,91.0,61.0,,,,,,,,,,,,,,,,,,,,,,,,
0.005533326932468663,5000,0.10592501883716765,0.00014204545454545457,,entropy_OOB,MC_PRECISION_INSUFFICIENT,descriptive_empirical_resampling_not_population_coverage,0,,5000,False,python_remaining,cluster_summary.json,1.2090530199600866,1.3149780387972543,0.002,C10_within_person_centered_fuzzy_cmeans_k5,0.0,0.0,1.2090530199600866,1.3149780387972543,0.0,descriptive_range,91.0,61.0,,,,,,,,,,,,,,,,,,,,,,,,
0.05369863597147846,5000,0.8364522069743956,0.00014204545454545457,,legacy_ARI,MC_PRECISION_INSUFFICIENT,descriptive_empirical_resampling_not_population_coverage,0,,5000,False,python_remaining,cluster_summary.json,0.16354779302560446,1.0,0.005,C20_raw_euclidean_kmeans_k2,0.0,1.0,0.16354779302560446,1.0,0.0,descriptive_range,29.0,11.0,,,,,,,,,,,,,,,,,,,,,,,,
0.02684208810435451,5000,0.9099467867376176,0.00014204545454545457,,OOB_ARI,MC_PRECISION_INSUFFICIENT,descriptive_empirical_resampling_not_population_coverage,0,,5000,False,python_remaining,cluster_summary.json,0.09005321326238232,1.0,0.005,C20_raw_euclidean_kmeans_k2,0.0,1.0,0.09005321326238232,1.0,0.0,descriptive_range,29.0,11.0,,,,,,,,,,,,,,,,,,,,,,,,
0.03179832656576842,5000,0.4740740740740741,0.00014204545454545457,,legacy_matched_mean_Jaccard,MC_PRECISION_INSUFFICIENT,descriptive_empirical_resampling_not_population_coverage,0,,5000,False,python_remaining,cluster_summary.json,0.5259259259259259,1.0,0.002,C20_raw_euclidean_kmeans_k2,0.0,1.0,0.5259259259259259,1.0,0.0,descriptive_range,29.0,11.0,,,,,,,,,,,,,,,,,,,,,,,,
0.05291292090984445,5000,0.6529543671941835,0.00014204545454545457,,legacy_ARI,MC_PRECISION_INSUFFICIENT,descriptive_empirical_resampling_not_population_coverage,0,,5000,False,python_remaining,cluster_summary.json,0.2365975696926376,0.8895519368868211,0.005,C20_raw_euclidean_kmeans_k3,0.0,0.0,0.2365975696926376,0.8895519368868211,0.0,descriptive_range,29.0,11.0,,,,,,,,,,,,,,,,,,,,,,,,
0.014598595324504304,5000,0.8557944415312009,0.00014204545454545457,,OOB_ARI,MC_PRECISION_INSUFFICIENT,descriptive_empirical_resampling_not_population_coverage,0,,5000,False,python_remaining,cluster_summary.json,0.14420555846879915,1.0,0.005,C20_raw_euclidean_kmeans_k3,0.0,0.0,0.14420555846879915,1.0,0.0,descriptive_range,29.0,11.0,,,,,,,,,,,,,,,,,,,,,,,,
0.03028881068096767,5000,0.6047861452273215,0.00014204545454545457,,legacy_matched_mean_Jaccard,MC_PRECISION_INSUFFICIENT,descriptive_empirical_resampling_not_population_coverage,0,,5000,False,python_remaining,cluster_summary.json,0.33035714285714285,0.9351432880844645,0.002,C20_raw_euclidean_kmeans_k3,0.0,0.0,0.33035714285714285,0.9351432880844645,0.0,descriptive_range,29.0,11.0,,,,,,,,,,,,,,,,,,,,,,,,
0.037619858867113276,5000,0.651851823278812,0.00014204545454545457,,legacy_ARI,MC_PRECISION_INSUFFICIENT,descriptive_empirical_resampling_not_population_coverage,0,,5000,False,python_remaining,cluster_summary.json,0.3105283178540747,0.9623801411328867,0.005,C20_raw_euclidean_kmeans_k4,0.0,0.0,0.3105283178540747,0.9623801411328867,0.0,descriptive_range,29.0,11.0,,,,,,,,,,,,,,,,,,,,,,,,
0.02019306974286722,5000,0.7766819302571328,0.00014204545454545457,,OOB_ARI,MC_PRECISION_INSUFFICIENT,descriptive_empirical_resampling_not_population_coverage,0,,5000,False,python_remaining,cluster_summary.json,0.22331806974286722,1.0,0.005,C20_raw_euclidean_kmeans_k4,0.0,0.0,0.22331806974286722,1.0,0.0,descriptive_range,29.0,11.0,,,,,,,,,,,,,,,,,,,,,,,,
0.03409090909090906,5000,0.5935431905259492,0.00014204545454545457,,legacy_matched_mean_Jaccard,MC_PRECISION_INSUFFICIENT,descriptive_empirical_resampling_not_population_coverage,0,,5000,False,python_remaining,cluster_summary.json,0.37236590038314177,0.9659090909090909,0.002,C20_raw_euclidean_kmeans_k4,0.0,0.0,0.37236590038314177,0.9659090909090909,0.0,descriptive_range,29.0,11.0,,,,,,,,,,,,,,,,,,,,,,,,
0.030882949034036766,5000,0.5329682638339576,0.00014204545454545457,,legacy_ARI,MC_PRECISION_INSUFFICIENT,descriptive_empirical_resampling_not_population_coverage,0,,5000,False,python_remaining,cluster_summary.json,0.32402938960244054,0.8569976534363981,0.005,C20_raw_euclidean_kmeans_k5,0.0,0.0,0.32402938960244054,0.8569976534363981,0.0,descriptive_range,29.0,11.0,,,,,,,,,,,,,,,,,,,,,,,,
0.025494622910229414,5000,0.6519142878749768,0.00014204545454545457,,OOB_ARI,MC_PRECISION_INSUFFICIENT,descriptive_empirical_resampling_not_population_coverage,0,,5000,False,python_remaining,cluster_summary.json,0.22882912978119258,0.8807434176561694,0.005,C20_raw_euclidean_kmeans_k5,0.0,0.0,0.22882912978119258,0.8807434176561694,0.0,descriptive_range,29.0,11.0,,,,,,,,,,,,,,,,,,,,,,,,
0.018676470588235294,5000,0.4930506471363249,0.00014204545454545457,,legacy_matched_mean_Jaccard,MC_PRECISION_INSUFFICIENT,descriptive_empirical_resampling_not_population_coverage,0,,5000,False,python_remaining,cluster_summary.json,0.3856258234519104,0.8786764705882353,0.002,C20_raw_euclidean_kmeans_k5,0.0,0.0,0.3856258234519104,0.8786764705882353,0.0,descriptive_range,29.0,11.0,,,,,,,,,,,,,,,,,,,,,,,,
0.07143122193773421,5000,1.0182573845925487,0.00014204545454545457,,legacy_ARI,MC_PRECISION_INSUFFICIENT,descriptive_empirical_resampling_not_population_coverage,0,,5000,False,python_remaining,cluster_summary.json,-0.018257384592548612,1.0,0.005,C20_raw_dtw_pam_k2,0.0,12.0,-0.018257384592548612,1.0,0.0,descriptive_range,29.0,11.0,,,,,,,,,,,,,,,,,,,,,,,,
0.004708520400530665,5000,1.0569722814498934,0.00014204545454545457,,OOB_ARI,MC_PRECISION_MET,descriptive_empirical_resampling_not_population_coverage,0,,5000,False,python_remaining,cluster_summary.json,-0.05697228144989339,1.0,0.005,C20_raw_dtw_pam_k2,0.0,12.0,-0.05697228144989339,1.0,0.0,descriptive_range,29.0,11.0,,,,,,,,,,,,,,,,,,,,,,,,
0.0359848484848484,5000,0.6700854700854701,0.00014204545454545457,,legacy_matched_mean_Jaccard,MC_PRECISION_INSUFFICIENT,descriptive_empirical_resampling_not_population_coverage,0,,5000,False,python_remaining,cluster_summary.json,0.3299145299145299,1.0,0.002,C20_raw_dtw_pam_k2,0.0,12.0,0.3299145299145299,1.0,0.0,descriptive_range,29.0,11.0,,,,,,,,,,,,,,,,,,,,,,,,
0.0506037798655099,5000,0.6752577455475779,0.00014204545454545457,,legacy_ARI,MC_PRECISION_INSUFFICIENT,descriptive_empirical_resampling_not_population_coverage,0,,5000,False,python_remaining,cluster_summary.json,0.05536297627708592,0.7306207218246638,0.005,C20_raw_dtw_pam_k3,0.0,0.0,0.05536297627708592,0.7306207218246638,0.0,descriptive_range,29.0,11.0,,,,,,,,,,,,,,,,,,,,,,,,
0.0480351910653114,5000,0.7954280544875697,0.00014204545454545457,,OOB_ARI,MC_PRECISION_INSUFFICIENT,descriptive_empirical_resampling_not_population_coverage,0,,5000,False,python_remaining,cluster_summary.json,0.013082583810302535,0.8085106382978723,0.005,C20_raw_dtw_pam_k3,0.0,0.0,0.013082583810302535,0.8085106382978723,0.0,descriptive_range,29.0,11.0,,,,,,,,,,,,,,,,,,,,,,,,
0.04550872711792242,5000,0.4931513782088495,0.00014204545454545457,,legacy_matched_mean_Jaccard,MC_PRECISION_INSUFFICIENT,descriptive_empirical_resampling_not_population_coverage,0,,5000,False,python_remaining,cluster_summary.json,0.3082534749201416,0.8014048531289911,0.002,C20_raw_dtw_pam_k3,0.0,0.0,0.3082534749201416,0.8014048531289911,0.0,descriptive_range,29.0,11.0,,,,,,,,,,,,,,,,,,,,,,,,
0.028199412385082945,5000,0.4479207387723835,0.00014204545454545457,,legacy_ARI,MC_PRECISION_INSUFFICIENT,descriptive_empirical_resampling_not_population_coverage,0,,5000,False,python_remaining,cluster_summary.json,0.14121470010567047,0.589135438878054,0.005,C20_raw_dtw_pam_k4,0.0,0.0,0.14121470010567047,0.589135438878054,0.0,descriptive_range,29.0,11.0,,,,,,,,,,,,,,,,,,,,,,,,
0.05739148031143271,5000,0.5955677017504694,0.00014204545454545457,,OOB_ARI,MC_PRECISION_INSUFFICIENT,descriptive_empirical_resampling_not_population_coverage,0,,5000,False,python_remaining,cluster_summary.json,0.049892703862660946,0.6454604056131303,0.005,C20_raw_dtw_pam_k4,0.0,0.0,0.049892703862660946,0.6454604056131303,0.0,descriptive_range,29.0,11.0,,,,,,,,,,,,,,,,,,,,,,,,
0.042849927849927805,5000,0.37301587301587297,0.00014204545454545457,,legacy_matched_mean_Jaccard,MC_PRECISION_INSUFFICIENT,descriptive_empirical_resampling_not_population_coverage,0,,5000,False,python_remaining,cluster_summary.json,0.2630952380952381,0.6361111111111111,0.002,C20_raw_dtw_pam_k4,0.0,0.0,0.2630952380952381,0.6361111111111111,0.0,descriptive_range,29.0,11.0,,,,,,,,,,,,,,,,,,,,,,,,
0.02975704691429859,5000,0.3921062544604036,0.00014204545454545457,,legacy_ARI,MC_PRECISION_INSUFFICIENT,descriptive_empirical_resampling_not_population_coverage,0,,5000,False,python_remaining,cluster_summary.json,0.181298156325978,0.5734044107863816,0.005,C20_raw_dtw_pam_k5,0.0,0.0,0.181298156325978,0.5734044107863816,0.0,descriptive_range,29.0,11.0,,,,,,,,,,,,,,,,,,,,,,,,
0.04945981637856689,5000,0.572710921657538,0.00014204545454545457,,OOB_ARI,MC_PRECISION_INSUFFICIENT,descriptive_empirical_resampling_not_population_coverage,0,,5000,False,python_remaining,cluster_summary.json,0.07547169811320754,0.6481826197707455,0.005,C20_raw_dtw_pam_k5,0.0,0.0,0.07547169811320754,0.6481826197707455,0.0,descriptive_range,29.0,11.0,,,,,,,,,,,,,,,,,,,,,,,,
0.022374125874125794,5000,0.38452061096797946,0.00014204545454545457,,legacy_matched_mean_Jaccard,MC_PRECISION_INSUFFICIENT,descriptive_empirical_resampling_not_population_coverage,0,,5000,False,python_remaining,cluster_summary.json,0.2737719298245614,0.6582925407925408,0.002,C20_raw_dtw_pam_k5,0.0,0.0,0.2737719298245614,0.6582925407925408,0.0,descriptive_range,29.0,11.0,,,,,,,,,,,,,,,,,,,,,,,,
0.041531982834564066,5000,0.9545035974135052,0.00014204545454545457,,legacy_ARI,MC_PRECISION_INSUFFICIENT,descriptive_empirical_resampling_not_population_coverage,0,,5000,False,python_remaining,cluster_summary.json,0.045496402586494775,1.0,0.005,C20_raw_fuzzy_cmeans_k2,0.0,1.0,0.045496402586494775,1.0,0.0,descriptive_range,29.0,11.0,,,,,,,,,,,,,,,,,,,,,,,,
0.034511674980120005,5000,1.0030651340996168,0.00014204545454545457,,OOB_ARI,MC_PRECISION_INSUFFICIENT,descriptive_empirical_resampling_not_population_coverage,0,,5000,False,python_remaining,cluster_summary.json,-0.0030651340996168583,1.0,0.005,C20_raw_fuzzy_cmeans_k2,0.0,1.0,-0.0030651340996168583,1.0,0.0,descriptive_range,29.0,11.0,,,,,,,,,,,,,,,,,,,,,,,,
0.04602662203092622,5000,0.5477642276422764,0.00014204545454545457,,legacy_matched_mean_Jaccard,MC_PRECISION_INSUFFICIENT,descriptive_empirical_resampling_not_population_coverage,0,,5000,False,python_remaining,cluster_summary.json,0.4522357723577236,1.0,0.002,C20_raw_fuzzy_cmeans_k2,0.0,1.0,0.4522357723577236,1.0,0.0,descriptive_range,29.0,11.0,,,,,,,,,,,,,,,,,,,,,,,,
0.0034255940110582417,5000,0.08950715344634919,0.00014204545454545457,,entropy_all,MC_PRECISION_INSUFFICIENT,descriptive_empirical_resampling_not_population_coverage,0,,5000,False,python_remaining,cluster_summary.json,0.5395280876686034,0.6290352411149526,0.002,C20_raw_fuzzy_cmeans_k2,0.0,1.0,0.5395280876686034,0.6290352411149526,0.0,descriptive_range,29.0,11.0,,,,,,,,,,,,,,,,,,,,,,,,
0.00399575471293645,5000,0.0938627172265093,0.00014204545454545457,,entropy_OOB,MC_PRECISION_INSUFFICIENT,descriptive_empirical_resampling_not_population_coverage,0,,5000,False,python_remaining,cluster_summary.json,0.5532496998607447,0.647112417087254,0.002,C20_raw_fuzzy_cmeans_k2,0.0,1.0,0.5532496998607447,0.647112417087254,0.0,descriptive_range,29.0,11.0,,,,,,,,,,,,,,,,,,,,,,,,
0.016318897655527298,5000,0.7277330251947989,0.00014204545454545457,,legacy_ARI,MC_PRECISION_INSUFFICIENT,descriptive_empirical_resampling_not_population_coverage,0,,5000,False,python_remaining,cluster_summary.json,0.21789736835031318,0.945630393545112,0.005,C20_raw_fuzzy_cmeans_k3,0.0,0.0,0.21789736835031318,0.945630393545112,0.0,descriptive_range,29.0,11.0,,,,,,,,,,,,,,,,,,,,,,,,
0.016427220352997013,5000,0.8704329137242861,0.00014204545454545457,,OOB_ARI,MC_PRECISION_INSUFFICIENT,descriptive_empirical_resampling_not_population_coverage,0,,5000,False,python_remaining,cluster_summary.json,0.12956708627571384,1.0,0.005,C20_raw_fuzzy_cmeans_k3,0.0,0.0,0.12956708627571384,1.0,0.0,descriptive_range,29.0,11.0,,,,,,,,,,,,,,,,,,,,,,,,
0.0039010496671787465,5000,0.6257850241545893,0.00014204545454545457,,legacy_matched_mean_Jaccard,MC_PRECISION_INSUFFICIENT,descriptive_empirical_resampling_not_population_coverage,0,,5000,False,python_remaining,cluster_summary.json,0.33888888888888885,0.9646739130434782,0.002,C20_raw_fuzzy_cmeans_k3,0.0,0.0,0.33888888888888885,0.9646739130434782,0.0,descriptive_range,29.0,11.0,,,,,,,,,,,,,,,,,,,,,,,,
0.004048255821067381,5000,0.09803762737593114,0.00014204545454545457,,entropy_all,MC_PRECISION_INSUFFICIENT,descriptive_empirical_resampling_not_population_coverage,0,,5000,False,python_remaining,cluster_summary.json,0.8726037531333232,0.9706413805092543,0.002,C20_raw_fuzzy_cmeans_k3,0.0,0.0,0.8726037531333232,0.9706413805092543,0.0,descriptive_range,29.0,11.0,,,,,,,,,,,,,,,,,,,,,,,,
0.004646958031151227,5000,0.10336753448328939,0.00014204545454545457,,entropy_OOB,MC_PRECISION_INSUFFICIENT,descriptive_empirical_resampling_not_population_coverage,0,,5000,False,python_remaining,cluster_summary.json,0.9064253951940247,1.009792929677314,0.002,C20_raw_fuzzy_cmeans_k3,0.0,0.0,0.9064253951940247,1.009792929677314,0.0,descriptive_range,29.0,11.0,,,,,,,,,,,,,,,,,,,,,,,,
0.037841258366221986,5000,0.5525195293803766,0.00014204545454545457,,legacy_ARI,MC_PRECISION_INSUFFICIENT,descriptive_empirical_resampling_not_population_coverage,0,,5000,False,python_remaining,cluster_summary.json,0.3121944640365792,0.8647139934169558,0.005,C20_raw_fuzzy_cmeans_k4,0.0,0.0,0.3121944640365792,0.8647139934169558,0.0,descriptive_range,29.0,11.0,,,,,,,,,,,,,,,,,,,,,,,,
0.06882591093117407,5000,0.7210765329992292,0.00014204545454545457,,OOB_ARI,MC_PRECISION_INSUFFICIENT,descriptive_empirical_resampling_not_population_coverage,0,,5000,False,python_remaining,cluster_summary.json,0.2100975560695967,0.9311740890688259,0.005,C20_raw_fuzzy_cmeans_k4,0.0,0.0,0.2100975560695967,0.9311740890688259,0.0,descriptive_range,29.0,11.0,,,,,,,,,,,,,,,,,,,,,,,,
0.02620734528629265,5000,0.5551859168934146,0.00014204545454545457,,legacy_matched_mean_Jaccard,MC_PRECISION_INSUFFICIENT,descriptive_empirical_resampling_not_population_coverage,0,,5000,False,python_remaining,cluster_summary.json,0.3461861028996579,0.9013720197930725,0.002,C20_raw_fuzzy_cmeans_k4,0.0,0.0,0.3461861028996579,0.9013720197930725,0.0,descriptive_range,29.0,11.0,,,,,,,,,,,,,,,,,,,,,,,,
0.0064593060338882236,5000,0.1330520722742199,0.00014204545454545457,,entropy_all,MC_PRECISION_INSUFFICIENT,descriptive_empirical_resampling_not_population_coverage,0,,5000,False,python_remaining,cluster_summary.json,1.0776140593719714,1.2106661316461913,0.002,C20_raw_fuzzy_cmeans_k4,0.0,0.0,1.0776140593719714,1.2106661316461913,0.0,descriptive_range,29.0,11.0,,,,,,,,,,,,,,,,,,,,,,,,
0.0058097073578942116,5000,0.1341269081952361,0.00014204545454545457,,entropy_OOB,MC_PRECISION_INSUFFICIENT,descriptive_empirical_resampling_not_population_coverage,0,,5000,False,python_remaining,cluster_summary.json,1.137261877483616,1.2713887856788522,0.002,C20_raw_fuzzy_cmeans_k4,0.0,0.0,1.137261877483616,1.2713887856788522,0.0,descriptive_range,29.0,11.0,,,,,,,,,,,,,,,,,,,,,,,,
0.022117461735064348,5000,0.5038695258711685,0.00014204545454545457,,legacy_ARI,MC_PRECISION_INSUFFICIENT,descriptive_empirical_resampling_not_population_coverage,0,,5000,False,python_remaining,cluster_summary.json,0.3279152765924432,0.8317848024636117,0.005,C20_raw_fuzzy_cmeans_k5,0.0,0.0,0.3279152765924432,0.8317848024636117,0.0,descriptive_range,29.0,11.0,,,,,,,,,,,,,,,,,,,,,,,,
0.030705855404222993,5000,0.6604665199786787,0.00014204545454545457,,OOB_ARI,MC_PRECISION_INSUFFICIENT,descriptive_empirical_resampling_not_population_coverage,0,,5000,False,python_remaining,cluster_summary.json,0.21888053467000834,0.879347054648687,0.005,C20_raw_fuzzy_cmeans_k5,0.0,0.0,0.21888053467000834,0.879347054648687,0.0,descriptive_range,29.0,11.0,,,,,,,,,,,,,,,,,,,,,,,,
0.01835858585858574,5000,0.5051314474998686,0.00014204545454545457,,legacy_matched_mean_Jaccard,MC_PRECISION_INSUFFICIENT,descriptive_empirical_resampling_not_population_coverage,0,,5000,False,python_remaining,cluster_summary.json,0.35350491613649504,0.8586363636363636,0.002,C20_raw_fuzzy_cmeans_k5,0.0,0.0,0.35350491613649504,0.8586363636363636,0.0,descriptive_range,29.0,11.0,,,,,,,,,,,,,,,,,,,,,,,,
0.006366700858692509,5000,0.14946529422264154,0.00014204545454545457,,entropy_all,MC_PRECISION_INSUFFICIENT,descriptive_empirical_resampling_not_population_coverage,0,,5000,False,python_remaining,cluster_summary.json,1.2256187607442166,1.3750840549668581,0.002,C20_raw_fuzzy_cmeans_k5,0.0,0.0,1.2256187607442166,1.3750840549668581,0.0,descriptive_range,29.0,11.0,,,,,,,,,,,,,,,,,,,,,,,,
0.007754118987929992,5000,0.1542575885984121,0.00014204545454545457,,entropy_OOB,MC_PRECISION_INSUFFICIENT,descriptive_empirical_resampling_not_population_coverage,0,,5000,False,python_remaining,cluster_summary.json,1.3187987395411467,1.4730563281395588,0.002,C20_raw_fuzzy_cmeans_k5,0.0,0.0,1.3187987395411467,1.4730563281395588,0.0,descriptive_range,29.0,11.0,,,,,,,,,,,,,,,,,,,,,,,,
0.03584832805622057,5000,0.8010657193605684,0.00014204545454545457,,legacy_ARI,MC_PRECISION_INSUFFICIENT,descriptive_empirical_resampling_not_population_coverage,0,,5000,False,python_remaining,cluster_summary.json,0.1989342806394316,1.0,0.005,C20_within_person_centered_euclidean_kmeans_k2,0.0,1.0,0.1989342806394316,1.0,0.0,descriptive_range,29.0,11.0,,,,,,,,,,,,,,,,,,,,,,,,
0.05665187423283918,5000,0.7752808988764045,0.00014204545454545457,,OOB_ARI,MC_PRECISION_INSUFFICIENT,descriptive_empirical_resampling_not_population_coverage,0,,5000,False,python_remaining,cluster_summary.json,0.2247191011235955,1.0,0.005,C20_within_person_centered_euclidean_kmeans_k2,0.0,1.0,0.2247191011235955,1.0,0.0,descriptive_range,29.0,11.0,,,,,,,,,,,,,,,,,,,,,,,,
0.02261904761904765,5000,0.42261904761904767,0.00014204545454545457,,legacy_matched_mean_Jaccard,MC_PRECISION_INSUFFICIENT,descriptive_empirical_resampling_not_population_coverage,0,,5000,False,python_remaining,cluster_summary.json,0.5773809523809523,1.0,0.002,C20_within_person_centered_euclidean_kmeans_k2,0.0,1.0,0.5773809523809523,1.0,0.0,descriptive_range,29.0,11.0,,,,,,,,,,,,,,,,,,,,,,,,
0.03707799040502224,5000,0.7047265678216403,0.00014204545454545457,,legacy_ARI,MC_PRECISION_INSUFFICIENT,descriptive_empirical_resampling_not_population_coverage,0,,5000,False,python_remaining,cluster_summary.json,0.2581954417733375,0.9629220095949778,0.005,C20_within_person_centered_euclidean_kmeans_k3,0.0,0.0,0.2581954417733375,0.9629220095949778,0.0,descriptive_range,29.0,11.0,,,,,,,,,,,,,,,,,,,,,,,,
0.01774796347078611,5000,0.830917792121532,0.00014204545454545457,,OOB_ARI,MC_PRECISION_INSUFFICIENT,descriptive_empirical_resampling_not_population_coverage,0,,5000,False,python_remaining,cluster_summary.json,0.1690822078784679,1.0,0.005,C20_within_person_centered_euclidean_kmeans_k3,0.0,0.0,0.1690822078784679,1.0,0.0,descriptive_range,29.0,11.0,,,,,,,,,,,,,,,,,,,,,,,,
0.02857142857142858,5000,0.624344645397277,0.00014204545454545457,,legacy_matched_mean_Jaccard,MC_PRECISION_INSUFFICIENT,descriptive_empirical_resampling_not_population_coverage,0,,5000,False,python_remaining,cluster_summary.json,0.3470839260312944,0.9714285714285714,0.002,C20_within_person_centered_euclidean_kmeans_k3,0.0,0.0,0.3470839260312944,0.9714285714285714,0.0,descriptive_range,29.0,11.0,,,,,,,,,,,,,,,,,,,,,,,,
0.01891208847864767,5000,0.5255888639892645,0.00014204545454545457,,legacy_ARI,MC_PRECISION_INSUFFICIENT,descriptive_empirical_resampling_not_population_coverage,0,,5000,False,python_remaining,cluster_summary.json,0.2634811264230078,0.7890699904122723,0.005,C20_within_person_centered_euclidean_kmeans_k4,0.0,0.0,0.2634811264230078,0.7890699904122723,0.0,descriptive_range,29.0,11.0,,,,,,,,,,,,,,,,,,,,,,,,
0.018206932561980582,5000,0.6841642583259675,0.00014204545454545457,,OOB_ARI,MC_PRECISION_INSUFFICIENT,descriptive_empirical_resampling_not_population_coverage,0,,5000,False,python_remaining,cluster_summary.json,0.1528117359413203,0.8369759942672877,0.005,C20_within_person_centered_euclidean_kmeans_k4,0.0,0.0,0.1528117359413203,0.8369759942672877,0.0,descriptive_range,29.0,11.0,,,,,,,,,,,,,,,,,,,,,,,,
0.020128205128205234,5000,0.4992387820512821,0.00014204545454545457,,legacy_matched_mean_Jaccard,MC_PRECISION_INSUFFICIENT,descriptive_empirical_resampling_not_population_coverage,0,,5000,False,python_remaining,cluster_summary.json,0.3637419871794872,0.8629807692307693,0.002,C20_within_person_centered_euclidean_kmeans_k4,0.0,0.0,0.3637419871794872,0.8629807692307693,0.0,descriptive_range,29.0,11.0,,,,,,,,,,,,,,,,,,,,,,,,
0.02177563555161477,5000,0.6163501349410787,0.00014204545454545457,,legacy_ARI,MC_PRECISION_INSUFFICIENT,descriptive_empirical_resampling_not_population_coverage,0,,5000,False,python_remaining,cluster_summary.json,0.2702251876563803,0.8865753225974591,0.005,C20_within_person_centered_euclidean_kmeans_k5,0.0,0.0,0.2702251876563803,0.8865753225974591,0.0,descriptive_range,29.0,11.0,,,,,,,,,,,,,,,,,,,,,,,,
0.06112272800386043,5000,0.7553624975015828,0.00014204545454545457,,OOB_ARI,MC_PRECISION_INSUFFICIENT,descriptive_empirical_resampling_not_population_coverage,0,,5000,False,python_remaining,cluster_summary.json,0.18351477449455678,0.9388772719961396,0.005,C20_within_person_centered_euclidean_kmeans_k5,0.0,0.0,0.18351477449455678,0.9388772719961396,0.0,descriptive_range,29.0,11.0,,,,,,,,,,,,,,,,,,,,,,,,
0.019682274247491582,5000,0.5252146120432565,0.00014204545454545457,,legacy_matched_mean_Jaccard,MC_PRECISION_INSUFFICIENT,descriptive_empirical_resampling_not_population_coverage,0,,5000,False,python_remaining,cluster_summary.json,0.37377806194941743,0.8989926739926739,0.002,C20_within_person_centered_euclidean_kmeans_k5,0.0,0.0,0.37377806194941743,0.8989926739926739,0.0,descriptive_range,29.0,11.0,,,,,,,,,,,,,,,,,,,,,,,,
0.00608733562541181,5000,0.9914246196403873,0.00014204545454545457,,legacy_ARI,MC_PRECISION_INSUFFICIENT,descriptive_empirical_resampling_not_population_coverage,0,,5000,False,python_remaining,cluster_summary.json,0.008575380359612726,1.0,0.005,C20_within_person_centered_dtw_pam_k2,0.0,2.0,0.008575380359612726,1.0,0.0,descriptive_range,29.0,11.0,,,,,,,,,,,,,,,,,,,,,,,,
0.007573860023716482,5000,1.0383036935704515,0.00014204545454545457,,OOB_ARI,MC_PRECISION_INSUFFICIENT,descriptive_empirical_resampling_not_population_coverage,0,,5000,False,python_remaining,cluster_summary.json,-0.038303693570451436,1.0,0.005,C20_within_person_centered_dtw_pam_k2,0.0,2.0,-0.038303693570451436,1.0,0.0,descriptive_range,29.0,11.0,,,,,,,,,,,,,,,,,,,,,,,,
0.005354957160342733,5000,0.625,0.00014204545454545457,,legacy_matched_mean_Jaccard,MC_PRECISION_INSUFFICIENT,descriptive_empirical_resampling_not_population_coverage,0,,5000,False,python_remaining,cluster_summary.json,0.375,1.0,0.002,C20_within_person_centered_dtw_pam_k2,0.0,2.0,0.375,1.0,0.0,descriptive_range,29.0,11.0,,,,,,,,,,,,,,,,,,,,,,,,
0.058030366818099144,5000,0.7266073466542542,0.00014204545454545457,,legacy_ARI,MC_PRECISION_INSUFFICIENT,descriptive_empirical_resampling_not_population_coverage,0,,5000,False,python_remaining,cluster_summary.json,0.05368559608875517,0.7802929427430093,0.005,C20_within_person_centered_dtw_pam_k3,0.0,0.0,0.05368559608875517,0.7802929427430093,0.0,descriptive_range,29.0,11.0,,,,,,,,,,,,,,,,,,,,,,,,
0.10259412477220997,5000,0.8748493078094985,0.00014204545454545457,,OOB_ARI,MC_PRECISION_INSUFFICIENT,descriptive_empirical_resampling_not_population_coverage,0,,5000,False,python_remaining,cluster_summary.json,-0.03870967741935484,0.8361396303901437,0.005,C20_within_person_centered_dtw_pam_k3,0.0,0.0,-0.03870967741935484,0.8361396303901437,0.0,descriptive_range,29.0,11.0,,,,,,,,,,,,,,,,,,,,,,,,
0.03968253968253965,5000,0.5725520315653143,0.00014204545454545457,,legacy_matched_mean_Jaccard,MC_PRECISION_INSUFFICIENT,descriptive_empirical_resampling_not_population_coverage,0,,5000,False,python_remaining,cluster_summary.json,0.2909400319267492,0.8634920634920635,0.002,C20_within_person_centered_dtw_pam_k3,0.0,0.0,0.2909400319267492,0.8634920634920635,0.0,descriptive_range,29.0,11.0,,,,,,,,,,,,,,,,,,,,,,,,
0.037453975740070256,5000,0.5114293427714408,0.00014204545454545457,,legacy_ARI,MC_PRECISION_INSUFFICIENT,descriptive_empirical_resampling_not_population_coverage,0,,5000,False,python_remaining,cluster_summary.json,0.2013096399875687,0.7127389827590095,0.005,C20_within_person_centered_dtw_pam_k4,0.0,0.0,0.2013096399875687,0.7127389827590095,0.0,descriptive_range,29.0,11.0,,,,,,,,,,,,,,,,,,,,,,,,
0.046634691093422775,5000,0.6934652753800254,0.00014204545454545457,,OOB_ARI,MC_PRECISION_INSUFFICIENT,descriptive_empirical_resampling_not_population_coverage,0,,5000,False,python_remaining,cluster_summary.json,0.0886633239574416,0.782128599337467,0.005,C20_within_person_centered_dtw_pam_k4,0.0,0.0,0.0886633239574416,0.782128599337467,0.0,descriptive_range,29.0,11.0,,,,,,,,,,,,,,,,,,,,,,,,
0.013787574541251013,5000,0.46021931278085365,0.00014204545454545457,,legacy_matched_mean_Jaccard,MC_PRECISION_INSUFFICIENT,descriptive_empirical_resampling_not_population_coverage,0,,5000,False,python_remaining,cluster_summary.json,0.35258261958629605,0.8128019323671497,0.002,C20_within_person_centered_dtw_pam_k4,0.0,0.0,0.35258261958629605,0.8128019323671497,0.0,descriptive_range,29.0,11.0,,,,,,,,,,,,,,,,,,,,,,,,
0.023446164196314734,5000,0.3713194054715868,0.00014204545454545457,,legacy_ARI,MC_PRECISION_INSUFFICIENT,descriptive_empirical_resampling_not_population_coverage,0,,5000,False,python_remaining,cluster_summary.json,0.21141719216727514,0.582736597638862,0.005,C20_within_person_centered_dtw_pam_k5,0.0,0.0,0.21141719216727514,0.582736597638862,0.0,descriptive_range,29.0,11.0,,,,,,,,,,,,,,,,,,,,,,,,
0.03385261411648832,5000,0.5745659422789468,0.00014204545454545457,,OOB_ARI,MC_PRECISION_INSUFFICIENT,descriptive_empirical_resampling_not_population_coverage,0,,5000,False,python_remaining,cluster_summary.json,0.10256410256410256,0.6771300448430493,0.005,C20_within_person_centered_dtw_pam_k5,0.0,0.0,0.10256410256410256,0.6771300448430493,0.0,descriptive_range,29.0,11.0,,,,,,,,,,,,,,,,,,,,,,,,
0.02089743589743609,5000,0.36408119658119653,0.00014204545454545457,,legacy_matched_mean_Jaccard,MC_PRECISION_INSUFFICIENT,descriptive_empirical_resampling_not_population_coverage,0,,5000,False,python_remaining,cluster_summary.json,0.32019230769230766,0.6842735042735042,0.002,C20_within_person_centered_dtw_pam_k5,0.0,0.0,0.32019230769230766,0.6842735042735042,0.0,descriptive_range,29.0,11.0,,,,,,,,,,,,,,,,,,,,,,,,
0.04548611510940026,5000,0.6429330499468651,0.00014204545454545457,,legacy_ARI,MC_PRECISION_INSUFFICIENT,descriptive_empirical_resampling_not_population_coverage,0,,5000,False,python_remaining,cluster_summary.json,0.357066950053135,1.0,0.005,C20_within_person_centered_fuzzy_cmeans_k2,0.0,1.0,0.357066950053135,1.0,0.0,descriptive_range,29.0,11.0,,,,,,,,,,,,,,,,,,,,,,,,
0.04940279308555298,5000,0.7166284027550016,0.00014204545454545457,,OOB_ARI,MC_PRECISION_INSUFFICIENT,descriptive_empirical_resampling_not_population_coverage,0,,5000,False,python_remaining,cluster_summary.json,0.2833715972449984,1.0,0.005,C20_within_person_centered_fuzzy_cmeans_k2,0.0,1.0,0.2833715972449984,1.0,0.0,descriptive_range,29.0,11.0,,,,,,,,,,,,,,,,,,,,,,,,
0.026692692116079164,5000,0.32901785714285714,0.00014204545454545457,,legacy_matched_mean_Jaccard,MC_PRECISION_INSUFFICIENT,descriptive_empirical_resampling_not_population_coverage,0,,5000,False,python_remaining,cluster_summary.json,0.6709821428571429,1.0,0.002,C20_within_person_centered_fuzzy_cmeans_k2,0.0,1.0,0.6709821428571429,1.0,0.0,descriptive_range,29.0,11.0,,,,,,,,,,,,,,,,,,,,,,,,
0.0044773923924508185,5000,0.09256986081009377,0.00014204545454545457,,entropy_all,MC_PRECISION_INSUFFICIENT,descriptive_empirical_resampling_not_population_coverage,0,,5000,False,python_remaining,cluster_summary.json,0.5311087509406068,0.6236786117507006,0.002,C20_within_person_centered_fuzzy_cmeans_k2,0.0,1.0,0.5311087509406068,0.6236786117507006,0.0,descriptive_range,29.0,11.0,,,,,,,,,,,,,,,,,,,,,,,,
0.005118756249687495,5000,0.09546616022810961,0.00014204545454545457,,entropy_OOB,MC_PRECISION_INSUFFICIENT,descriptive_empirical_resampling_not_population_coverage,0,,5000,False,python_remaining,cluster_summary.json,0.5403906475763105,0.6358568078044201,0.002,C20_within_person_centered_fuzzy_cmeans_k2,0.0,1.0,0.5403906475763105,0.6358568078044201,0.0,descriptive_range,29.0,11.0,,,,,,,,,,,,,,,,,,,,,,,,
0.04050292731557026,5000,0.6955192055368327,0.00014204545454545457,,legacy_ARI,MC_PRECISION_INSUFFICIENT,descriptive_empirical_resampling_not_population_coverage,0,,5000,False,python_remaining,cluster_summary.json,0.24561285550998455,0.9411320610468172,0.005,C20_within_person_centered_fuzzy_cmeans_k3,0.0,0.0,0.24561285550998455,0.9411320610468172,0.0,descriptive_range,29.0,11.0,,,,,,,,,,,,,,,,,,,,,,,,
0.02255109209078726,5000,0.815388458656008,0.00014204545454545457,,OOB_ARI,MC_PRECISION_INSUFFICIENT,descriptive_empirical_resampling_not_population_coverage,0,,5000,False,python_remaining,cluster_summary.json,0.18461154134399202,1.0,0.005,C20_within_person_centered_fuzzy_cmeans_k3,0.0,0.0,0.18461154134399202,1.0,0.0,descriptive_range,29.0,11.0,,,,,,,,,,,,,,,,,,,,,,,,
0.030230880230880164,5000,0.5452020202020201,0.00014204545454545457,,legacy_matched_mean_Jaccard,MC_PRECISION_INSUFFICIENT,descriptive_empirical_resampling_not_population_coverage,0,,5000,False,python_remaining,cluster_summary.json,0.422979797979798,0.9681818181818181,0.002,C20_within_person_centered_fuzzy_cmeans_k3,0.0,0.0,0.422979797979798,0.9681818181818181,0.0,descriptive_range,29.0,11.0,,,,,,,,,,,,,,,,,,,,,,,,
0.005396448981945912,5000,0.14024396810088013,0.00014204545454545457,,entropy_all,MC_PRECISION_INSUFFICIENT,descriptive_empirical_resampling_not_population_coverage,0,,5000,False,python_remaining,cluster_summary.json,0.8431747128572409,0.983418680958121,0.002,C20_within_person_centered_fuzzy_cmeans_k3,0.0,0.0,0.8431747128572409,0.983418680958121,0.0,descriptive_range,29.0,11.0,,,,,,,,,,,,,,,,,,,,,,,,
0.005951999185729084,5000,0.14117795643091324,0.00014204545454545457,,entropy_OOB,MC_PRECISION_INSUFFICIENT,descriptive_empirical_resampling_not_population_coverage,0,,5000,False,python_remaining,cluster_summary.json,0.8730720582215445,1.0142500146524578,0.002,C20_within_person_centered_fuzzy_cmeans_k3,0.0,0.0,0.8730720582215445,1.0142500146524578,0.0,descriptive_range,29.0,11.0,,,,,,,,,,,,,,,,,,,,,,,,
0.018952055138008572,5000,0.49816337103033026,0.00014204545454545457,,legacy_ARI,MC_PRECISION_INSUFFICIENT,descriptive_empirical_resampling_not_population_coverage,0,,5000,False,python_remaining,cluster_summary.json,0.3064638783269962,0.8046272493573264,0.005,C20_within_person_centered_fuzzy_cmeans_k4,0.0,0.0,0.3064638783269962,0.8046272493573264,0.0,descriptive_range,29.0,11.0,,,,,,,,,,,,,,,,,,,,,,,,
0.09820259492917505,5000,0.69639286912101,0.00014204545454545457,,OOB_ARI,MC_PRECISION_INSUFFICIENT,descriptive_empirical_resampling_not_population_coverage,0,,5000,False,python_remaining,cluster_summary.json,0.20540453594981503,0.901797405070825,0.005,C20_within_person_centered_fuzzy_cmeans_k4,0.0,0.0,0.20540453594981503,0.901797405070825,0.0,descriptive_range,29.0,11.0,,,,,,,,,,,,,,,,,,,,,,,,
0.015881180223285496,5000,0.49435520619731155,0.00014204545454545457,,legacy_matched_mean_Jaccard,MC_PRECISION_INSUFFICIENT,descriptive_empirical_resampling_not_population_coverage,0,,5000,False,python_remaining,cluster_summary.json,0.38995215311004783,0.8843073593073594,0.002,C20_within_person_centered_fuzzy_cmeans_k4,0.0,0.0,0.38995215311004783,0.8843073593073594,0.0,descriptive_range,29.0,11.0,,,,,,,,,,,,,,,,,,,,,,,,
0.008334960918368273,5000,0.15667108991112433,0.00014204545454545457,,entropy_all,MC_PRECISION_INSUFFICIENT,descriptive_empirical_resampling_not_population_coverage,0,,5000,False,python_remaining,cluster_summary.json,1.0701309845416052,1.2268020744527295,0.002,C20_within_person_centered_fuzzy_cmeans_k4,0.0,0.0,1.0701309845416052,1.2268020744527295,0.0,descriptive_range,29.0,11.0,,,,,,,,,,,,,,,,,,,,,,,,
0.0058591240935377265,5000,0.15488902217250167,0.00014204545454545457,,entropy_OOB,MC_PRECISION_INSUFFICIENT,descriptive_empirical_resampling_not_population_coverage,0,,5000,False,python_remaining,cluster_summary.json,1.1245687459970264,1.279457768169528,0.002,C20_within_person_centered_fuzzy_cmeans_k4,0.0,0.0,1.1245687459970264,1.279457768169528,0.0,descriptive_range,29.0,11.0,,,,,,,,,,,,,,,,,,,,,,,,
0.021955076976672427,5000,0.44306264027989817,0.00014204545454545457,,legacy_ARI,MC_PRECISION_INSUFFICIENT,descriptive_empirical_resampling_not_population_coverage,0,,5000,False,python_remaining,cluster_summary.json,0.31146333765823897,0.7545259779381371,0.005,C20_within_person_centered_fuzzy_cmeans_k5,7.0,0.0,0.31146333765823897,0.7545259779381371,0.0,descriptive_range,29.0,11.0,,,,,,,,,,,,,,,,,,,,,,,,
0.031621436800122193,5000,0.6335392586687925,0.00014204545454545457,,OOB_ARI,MC_PRECISION_INSUFFICIENT,descriptive_empirical_resampling_not_population_coverage,0,,5000,False,python_remaining,cluster_summary.json,0.20384615384615384,0.8373854125149462,0.005,C20_within_person_centered_fuzzy_cmeans_k5,7.0,0.0,0.20384615384615384,0.8373854125149462,0.0,descriptive_range,29.0,11.0,,,,,,,,,,,,,,,,,,,,,,,,
0.01810411810411805,5000,0.42727501256913025,0.00014204545454545457,,legacy_matched_mean_Jaccard,MC_PRECISION_INSUFFICIENT,descriptive_empirical_resampling_not_population_coverage,0,,5000,False,python_remaining,cluster_summary.json,0.3958019105077929,0.8230769230769232,0.002,C20_within_person_centered_fuzzy_cmeans_k5,7.0,0.0,0.3958019105077929,0.8230769230769232,0.0,descriptive_range,29.0,11.0,,,,,,,,,,,,,,,,,,,,,,,,
0.010159018367903672,5000,0.16374887736856025,0.00014204545454545457,,entropy_all,MC_PRECISION_INSUFFICIENT,descriptive_empirical_resampling_not_population_coverage,0,,5000,False,python_remaining,cluster_summary.json,1.2321958222567593,1.3959446996253195,0.002,C20_within_person_centered_fuzzy_cmeans_k5,7.0,0.0,1.2321958222567593,1.3959446996253195,0.0,descriptive_range,29.0,11.0,,,,,,,,,,,,,,,,,,,,,,,,
0.007005789304523891,5000,0.16060497324571799,0.00014204545454545457,,entropy_OOB,MC_PRECISION_INSUFFICIENT,descriptive_empirical_resampling_not_population_coverage,0,,5000,False,python_remaining,cluster_summary.json,1.3193836936210943,1.4799886668668123,0.002,C20_within_person_centered_fuzzy_cmeans_k5,7.0,0.0,1.3193836936210943,1.4799886668668123,0.0,descriptive_range,29.0,11.0,,,,,,,,,,,,,,,,,,,,,,,,
0.00878214695718138,20000,0.40974161245517726,0.0001404494382022472,,coefficient_vas_mean,MC_PRECISION_INSUFFICIENT,descriptive_empirical_resampling_not_population_coverage,0,,20000,False,python_remaining,candidate_summary.json,0.12776123283501703,0.5375028452901943,,A_1c4334be6b7c3e81,,,0.12776123283501703,0.5375028452901943,0.0,descriptive_range,,,335.0,133.0,success_conditional_descriptive_stability_no_physiological_validation,,,,,,,,,,,,,,,,,,,,,
0.04331652831359056,20000,2.057723323901517,0.0001404494382022472,,coefficient_vas_mean,MC_PRECISION_INSUFFICIENT,descriptive_empirical_resampling_not_population_coverage,0,,20000,False,python_remaining,candidate_summary.json,-2.0248061515772053,0.032917172324311704,,A_25abd8124bbd60d8,,,-2.0248061515772053,0.032917172324311704,0.0,descriptive_range,,,335.0,133.0,success_conditional_descriptive_stability_no_physiological_validation,,,,,,,,,,,,,,,,,,,,,
0.004068799516928942,20000,0.1780557565129242,0.0001404494382022472,,coefficient_vas_mean,MC_PRECISION_INSUFFICIENT,descriptive_empirical_resampling_not_population_coverage,14,,19986,False,python_remaining,candidate_summary.json,-0.015426544036886883,0.16262921247603732,,A_3ce8bb2a84cef358,,,-0.015426544036886883,0.16262921247603732,14.0,descriptive_range,,,439.0,164.0,success_conditional_descriptive_stability_no_physiological_validation,,,,,,,,,,,,,,,,,,,,,
0.003651566110178389,20000,0.1801251682228281,0.0001404494382022472,,coefficient_vas_mean,MC_PRECISION_INSUFFICIENT,descriptive_empirical_resampling_not_population_coverage,13,,19987,False,python_remaining,candidate_summary.json,-0.12323602975791613,0.05688913846491197,,A_a95d350f358e7cdc,,,-0.12323602975791613,0.05688913846491197,13.0,descriptive_range,,,442.0,165.0,success_conditional_descriptive_stability_no_physiological_validation,,,,,,,,,,,,,,,,,,,,,
0.003910247041702881,20000,0.17157127739605632,0.0001404494382022472,,coefficient_vas_mean,MC_PRECISION_INSUFFICIENT,descriptive_empirical_resampling_not_population_coverage,3,,19997,False,python_remaining,candidate_summary.json,0.0009790731547081417,0.17255035055076445,,A_42f83844a638312a,,,0.0009790731547081417,0.17255035055076445,3.0,descriptive_range,,,446.0,166.0,success_conditional_descriptive_stability_no_physiological_validation,,,,,,,,,,,,,,,,,,,,,
0.004377681530255084,20000,0.17926685263424053,0.0001404494382022472,,coefficient_vas_mean,MC_PRECISION_INSUFFICIENT,descriptive_empirical_resampling_not_population_coverage,12,,19988,False,python_remaining,candidate_summary.json,-0.1703138795124825,0.008952973121758013,,A_8117955e15d07ede,,,-0.1703138795124825,0.008952973121758013,12.0,descriptive_range,,,446.0,166.0,success_conditional_descriptive_stability_no_physiological_validation,,,,,,,,,,,,,,,,,,,,,
0.0033429316667596964,20000,0.158408419838209,0.0001404494382022472,,coefficient_vas_mean,MC_PRECISION_INSUFFICIENT,descriptive_empirical_resampling_not_population_coverage,4,,19996,False,python_remaining,candidate_summary.json,0.042932890697780134,0.20134131053598914,,A_ad2faf7784072d89,,,0.042932890697780134,0.20134131053598914,4.0,descriptive_range,,,449.0,167.0,success_conditional_descriptive_stability_no_physiological_validation,,,,,,,,,,,,,,,,,,,,,
0.0034603322736823927,20000,0.1542839396775127,0.0001404494382022472,,coefficient_vas_mean,MC_PRECISION_INSUFFICIENT,descriptive_empirical_resampling_not_population_coverage,3,,19997,False,python_remaining,candidate_summary.json,-0.24420013325655934,-0.08991619357904665,,A_0634a6544ed39532,,,-0.24420013325655934,-0.08991619357904665,3.0,descriptive_range,,,449.0,167.0,success_conditional_descriptive_stability_no_physiological_validation,,,,,,,,,,,,,,,,,,,,,
0.003705513295306745,20000,0.18405360036570012,0.0001404494382022472,,coefficient_vas_mean,MC_PRECISION_INSUFFICIENT,descriptive_empirical_resampling_not_population_coverage,6,,19994,False,python_remaining,candidate_summary.json,0.0028966505818780555,0.18695025094757817,,A_a239e5028db9fec3,,,0.0028966505818780555,0.18695025094757817,6.0,descriptive_range,,,449.0,167.0,success_conditional_descriptive_stability_no_physiological_validation,,,,,,,,,,,,,,,,,,,,,
0.003560343092186613,20000,0.1806650737593612,0.0001404494382022472,,coefficient_vas_mean,MC_PRECISION_MET,descriptive_empirical_resampling_not_population_coverage,2,,19998,False,python_remaining,candidate_summary.json,-0.1946258095662116,-0.013960735806850401,,A_34821e2a1730266a,,,-0.1946258095662116,-0.013960735806850401,2.0,descriptive_range,,,449.0,167.0,success_conditional_descriptive_stability_no_physiological_validation,,,,,,,,,,,,,,,,,,,,,
0.0032161640554530524,20000,0.16624757839424092,0.0001404494382022472,,coefficient_vas_mean,MC_PRECISION_MET,descriptive_empirical_resampling_not_population_coverage,4,,19996,False,python_remaining,candidate_summary.json,0.04251011771392714,0.20875769610816808,,A_53da895805c5fb40,,,0.04251011771392714,0.20875769610816808,4.0,descriptive_range,,,449.0,167.0,success_conditional_descriptive_stability_no_physiological_validation,,,,,,,,,,,,,,,,,,,,,
0.003909098309639994,20000,0.16667530596263125,0.0001404494382022472,,coefficient_vas_mean,MC_PRECISION_INSUFFICIENT,descriptive_empirical_resampling_not_population_coverage,4,,19996,False,python_remaining,candidate_summary.json,-0.2666630082907123,-0.09998770232808107,,A_199f045377ba4e5a,,,-0.2666630082907123,-0.09998770232808107,4.0,descriptive_range,,,449.0,167.0,success_conditional_descriptive_stability_no_physiological_validation,,,,,,,,,,,,,,,,,,,,,
0.003114594622669234,20000,0.1608372045228212,0.0001404494382022472,,coefficient_vas_mean,MC_PRECISION_MET,descriptive_empirical_resampling_not_population_coverage,2,,19998,False,python_remaining,candidate_summary.json,0.09404083718558885,0.25487804170841005,,A_f7e7779e48e82d31,,,0.09404083718558885,0.25487804170841005,2.0,descriptive_range,,,449.0,167.0,success_conditional_descriptive_stability_no_physiological_validation,,,,,,,,,,,,,,,,,,,,,
0.0036816899956416405,20000,0.1866232876923295,0.0001404494382022472,,coefficient_vas_mean,MC_PRECISION_MET,descriptive_empirical_resampling_not_population_coverage,5,,19995,False,python_remaining,candidate_summary.json,-0.13457987034940982,0.05204341734291969,,A_4d7c2f1f67321842,,,-0.13457987034940982,0.05204341734291969,5.0,descriptive_range,,,449.0,167.0,success_conditional_descriptive_stability_no_physiological_validation,,,,,,,,,,,,,,,,,,,,,
0.0033658695721733196,20000,0.17590919333522764,0.0001404494382022472,,coefficient_vas_mean,MC_PRECISION_MET,descriptive_empirical_resampling_not_population_coverage,8,,19992,False,python_remaining,candidate_summary.json,-0.005177768690962547,0.1707314246442651,,A_4a4af13574527dd5,,,-0.005177768690962547,0.1707314246442651,8.0,descriptive_range,,,449.0,167.0,success_conditional_descriptive_stability_no_physiological_validation,,,,,,,,,,,,,,,,,,,,,
0.003392409896041476,20000,0.1759964670721629,0.0001404494382022472,,coefficient_vas_mean,MC_PRECISION_MET,descriptive_empirical_resampling_not_population_coverage,4,,19996,False,python_remaining,candidate_summary.json,-0.19103168332708334,-0.015035216254920426,,A_6695d90a009846ae,,,-0.19103168332708334,-0.015035216254920426,4.0,descriptive_range,,,449.0,167.0,success_conditional_descriptive_stability_no_physiological_validation,,,,,,,,,,,,,,,,,,,,,
0.00369150563059905,20000,0.18178426319113777,0.0001404494382022472,,coefficient_vas_mean,MC_PRECISION_INSUFFICIENT,descriptive_empirical_resampling_not_population_coverage,2,,19998,False,python_remaining,candidate_summary.json,-0.04270241612548746,0.13908184706565033,,A_9c0985d90142e044,,,-0.04270241612548746,0.13908184706565033,2.0,descriptive_range,,,440.0,164.0,success_conditional_descriptive_stability_no_physiological_validation,,,,,,,,,,,,,,,,,,,,,
0.004107384513522008,20000,0.1902261018542174,0.0001404494382022472,,coefficient_vas_mean,MC_PRECISION_INSUFFICIENT,descriptive_empirical_resampling_not_population_coverage,3,,19997,False,python_remaining,candidate_summary.json,-0.11308234285211563,0.07714375900210178,,A_4c7926fcf9f1254b,,,-0.11308234285211563,0.07714375900210178,3.0,descriptive_range,,,440.0,164.0,success_conditional_descriptive_stability_no_physiological_validation,,,,,,,,,,,,,,,,,,,,,
0.0033102447058637637,20000,0.1701046404496465,0.0001404494382022472,,coefficient_vas_mean,MC_PRECISION_MET,descriptive_empirical_resampling_not_population_coverage,4,,19996,False,python_remaining,candidate_summary.json,-0.009008768915553,0.1610958715340935,,A_3cf809391077cbc6,,,-0.009008768915553,0.1610958715340935,4.0,descriptive_range,,,436.0,162.0,success_conditional_descriptive_stability_no_physiological_validation,,,,,,,,,,,,,,,,,,,,,
0.003443001448124844,20000,0.1715486701213203,0.0001404494382022472,,coefficient_vas_mean,MC_PRECISION_INSUFFICIENT,descriptive_empirical_resampling_not_population_coverage,7,,19993,False,python_remaining,candidate_summary.json,-0.17052868304905605,0.001019987072264263,,A_00517bbe03ed8ce8,,,-0.17052868304905605,0.001019987072264263,7.0,descriptive_range,,,436.0,162.0,success_conditional_descriptive_stability_no_physiological_validation,,,,,,,,,,,,,,,,,,,,,
0.0041975186970975,20000,0.18037424980005773,0.0001404494382022472,,coefficient_vas_mean,MC_PRECISION_INSUFFICIENT,descriptive_empirical_resampling_not_population_coverage,6,,19994,False,python_remaining,candidate_summary.json,-0.008520641629365286,0.17185360817069245,,A_9958238aaf1ddc9d,,,-0.008520641629365286,0.17185360817069245,6.0,descriptive_range,,,437.0,163.0,success_conditional_descriptive_stability_no_physiological_validation,,,,,,,,,,,,,,,,,,,,,
0.004016706200533696,20000,0.18937371741935524,0.0001404494382022472,,coefficient_vas_mean,MC_PRECISION_INSUFFICIENT,descriptive_empirical_resampling_not_population_coverage,4,,19996,False,python_remaining,candidate_summary.json,-0.09617599946642064,0.0931977179529346,,A_7d912fe16af7a3d7,,,-0.09617599946642064,0.0931977179529346,4.0,descriptive_range,,,437.0,163.0,success_conditional_descriptive_stability_no_physiological_validation,,,,,,,,,,,,,,,,,,,,,
0.003499252982199552,20000,0.16566428901642655,0.0001404494382022472,,coefficient_vas_mean,MC_PRECISION_INSUFFICIENT,descriptive_empirical_resampling_not_population_coverage,5,,19995,False,python_remaining,candidate_summary.json,0.05766544449147579,0.22332973350790233,,A_2a4c15d083bfcd9e,,,0.05766544449147579,0.22332973350790233,5.0,descriptive_range,,,444.0,165.0,success_conditional_descriptive_stability_no_physiological_validation,,,,,,,,,,,,,,,,,,,,,
0.003875626239811123,20000,0.17483871957612943,0.0001404494382022472,,coefficient_vas_mean,MC_PRECISION_INSUFFICIENT,descriptive_empirical_resampling_not_population_coverage,7,,19993,False,python_remaining,candidate_summary.json,-0.1719880915145131,0.002850628061616308,,A_d2865d4c965d8771,,,-0.1719880915145131,0.002850628061616308,7.0,descriptive_range,,,444.0,165.0,success_conditional_descriptive_stability_no_physiological_validation,,,,,,,,,,,,,,,,,,,,,
0.006659613123568137,20000,0.31794606166711653,0.0001404494382022472,,coefficient_egg_value,MC_PRECISION_INSUFFICIENT,descriptive_empirical_resampling_not_population_coverage,0,,20000,False,python_remaining,candidate_summary.json,-0.1290551116794304,0.18889094998768613,,A_2424872a3a611332,,,-0.1290551116794304,0.18889094998768613,0.0,descriptive_range,,,301.0,121.0,success_conditional_descriptive_stability_no_physiological_validation,,,,,,,,,,,,,,,,,,,,,
0.010823469081848919,20000,0.5529961030376835,0.0001404494382022472,,coefficient_egg_value,MC_PRECISION_MET,descriptive_empirical_resampling_not_population_coverage,0,,20000,False,python_remaining,candidate_summary.json,-0.3280488342066935,0.22494726883099003,,A_d8bc00b45798b130,,,-0.3280488342066935,0.22494726883099003,0.0,descriptive_range,,,301.0,121.0,success_conditional_descriptive_stability_no_physiological_validation,,,,,,,,,,,,,,,,,,,,,
0.05254338002018155,20000,2.596350860721498,0.0001404494382022472,,coefficient_egg_value,MC_PRECISION_INSUFFICIENT,descriptive_empirical_resampling_not_population_coverage,0,,20000,False,python_remaining,candidate_summary.json,-1.361959034187893,1.234391826533605,,A_b399745f762dc5ef,,,-1.361959034187893,1.234391826533605,0.0,descriptive_range,,,301.0,121.0,success_conditional_descriptive_stability_no_physiological_validation,,,,,,,,,,,,,,,,,,,,,
0.008079450628078716,20000,0.34742867444288683,0.0001404494382022472,,coefficient_egg_value,MC_PRECISION_INSUFFICIENT,descriptive_empirical_resampling_not_population_coverage,0,,20000,False,python_remaining,candidate_summary.json,-0.2021681286551802,0.14526054578770667,,A_d5506838667ac1fe,,,-0.2021681286551802,0.14526054578770667,0.0,descriptive_range,,,301.0,121.0,success_conditional_descriptive_stability_no_physiological_validation,,,,,,,,,,,,,,,,,,,,,
0.01217506277805272,20000,0.5660688969774754,0.0001404494382022472,,coefficient_egg_value,MC_PRECISION_INSUFFICIENT,descriptive_empirical_resampling_not_population_coverage,0,,20000,False,python_remaining,candidate_summary.json,-0.14725432449860165,0.41881457247887377,,A_1273041bfe288bad,,,-0.14725432449860165,0.41881457247887377,0.0,descriptive_range,,,301.0,121.0,success_conditional_descriptive_stability_no_physiological_validation,,,,,,,,,,,,,,,,,,,,,
0.06782286666374948,20000,2.6009292838502636,0.0001404494382022472,,coefficient_egg_value,MC_PRECISION_INSUFFICIENT,descriptive_empirical_resampling_not_population_coverage,0,,20000,False,python_remaining,candidate_summary.json,-0.6278725329238052,1.9730567509264583,,A_35321c8a158904eb,,,-0.6278725329238052,1.9730567509264583,0.0,descriptive_range,,,301.0,121.0,success_conditional_descriptive_stability_no_physiological_validation,,,,,,,,,,,,,,,,,,,,,
0.007536474652676928,20000,0.3478671325431976,0.0001404494382022472,,coefficient_egg_value,MC_PRECISION_INSUFFICIENT,descriptive_empirical_resampling_not_population_coverage,0,,20000,False,python_remaining,candidate_summary.json,-0.058427854100457165,0.2894392784427405,,A_094c884d93f6ec97,,,-0.058427854100457165,0.2894392784427405,0.0,descriptive_range,,,301.0,121.0,success_conditional_descriptive_stability_no_physiological_validation,,,,,,,,,,,,,,,,,,,,,
0.010048275744420465,20000,0.5154343421004083,0.0001404494382022472,,coefficient_egg_value,MC_PRECISION_MET,descriptive_empirical_resampling_not_population_coverage,0,,20000,False,python_remaining,candidate_summary.json,-0.2657153083864037,0.24971903371400456,,A_5c064b7f07151bd4,,,-0.2657153083864037,0.24971903371400456,0.0,descriptive_range,,,301.0,121.0,success_conditional_descriptive_stability_no_physiological_validation,,,,,,,,,,,,,,,,,,,,,
0.07455080936345437,20000,2.7901532774239914,0.0001404494382022472,,coefficient_egg_value,MC_PRECISION_INSUFFICIENT,descriptive_empirical_resampling_not_population_coverage,0,,20000,False,python_remaining,candidate_summary.json,-1.6632217174042476,1.1269315600197436,,A_4a966040fbb42fb3,,,-1.6632217174042476,1.1269315600197436,0.0,descriptive_range,,,301.0,121.0,success_conditional_descriptive_stability_no_physiological_validation,,,,,,,,,,,,,,,,,,,,,
0.008291145810755352,20000,0.3093005405306729,0.0001404494382022472,,coefficient_egg_value,MC_PRECISION_INSUFFICIENT,descriptive_empirical_resampling_not_population_coverage,0,,20000,False,python_remaining,candidate_summary.json,-0.15545813652332732,0.1538424040073456,,A_cb6d286d74bb60f3,,,-0.15545813652332732,0.1538424040073456,0.0,descriptive_range,,,301.0,121.0,success_conditional_descriptive_stability_no_physiological_validation,,,,,,,,,,,,,,,,,,,,,
0.011848410148100313,20000,0.532847997255582,0.0001404494382022472,,coefficient_egg_value,MC_PRECISION_INSUFFICIENT,descriptive_empirical_resampling_not_population_coverage,0,,20000,False,python_remaining,candidate_summary.json,-0.3177932159736277,0.2150547812819542,,A_9ad56232f89b5fc7,,,-0.3177932159736277,0.2150547812819542,0.0,descriptive_range,,,301.0,121.0,success_conditional_descriptive_stability_no_physiological_validation,,,,,,,,,,,,,,,,,,,,,
0.054166953822635144,20000,2.3733818583116495,0.0001404494382022472,,coefficient_egg_value,MC_PRECISION_INSUFFICIENT,descriptive_empirical_resampling_not_population_coverage,0,,20000,False,python_remaining,candidate_summary.json,-1.4286069852981385,0.9447748730135112,,A_18e4834bde01c5e1,,,-1.4286069852981385,0.9447748730135112,0.0,descriptive_range,,,301.0,121.0,success_conditional_descriptive_stability_no_physiological_validation,,,,,,,,,,,,,,,,,,,,,
0.005932308226786198,20000,0.3277804691770354,0.0001404494382022472,,coefficient_egg_value,MC_PRECISION_MET,descriptive_empirical_resampling_not_population_coverage,0,,20000,False,python_remaining,candidate_summary.json,-0.047922372263771634,0.2798580969132638,,A_468a5462ab7be38a,,,-0.047922372263771634,0.2798580969132638,0.0,descriptive_range,,,304.0,122.0,success_conditional_descriptive_stability_no_physiological_validation,,,,,,,,,,,,,,,,,,,,,
0.011669655154737113,20000,0.5669550175504762,0.0001404494382022472,,coefficient_egg_value,MC_PRECISION_INSUFFICIENT,descriptive_empirical_resampling_not_population_coverage,0,,20000,False,python_remaining,candidate_summary.json,-0.11277942606030786,0.45417559149016834,,A_455b12e6c8d890d6,,,-0.11277942606030786,0.45417559149016834,0.0,descriptive_range,,,304.0,122.0,success_conditional_descriptive_stability_no_physiological_validation,,,,,,,,,,,,,,,,,,,,,
0.06223170985306026,20000,2.90019401272788,0.0001404494382022472,,coefficient_egg_value,MC_PRECISION_INSUFFICIENT,descriptive_empirical_resampling_not_population_coverage,0,,20000,False,python_remaining,candidate_summary.json,-1.1561136751602665,1.7440803375676137,,A_d9b6871d3ccff85b,,,-1.1561136751602665,1.7440803375676137,0.0,descriptive_range,,,304.0,122.0,success_conditional_descriptive_stability_no_physiological_validation,,,,,,,,,,,,,,,,,,,,,
0.006589929143157813,20000,0.35256966934601747,0.0001404494382022472,,coefficient_egg_value,MC_PRECISION_MET,descriptive_empirical_resampling_not_population_coverage,0,,20000,False,python_remaining,candidate_summary.json,-0.08966210206850177,0.2629075672775157,,A_30080c1b42dbe1da,,,-0.08966210206850177,0.2629075672775157,0.0,descriptive_range,,,304.0,122.0,success_conditional_descriptive_stability_no_physiological_validation,,,,,,,,,,,,,,,,,,,,,
0.013839478294836782,20000,0.5487269899727297,0.0001404494382022472,,coefficient_egg_value,MC_PRECISION_INSUFFICIENT,descriptive_empirical_resampling_not_population_coverage,0,,20000,False,python_remaining,candidate_summary.json,-0.4647137232347448,0.08401326673798491,,A_de13a5816df30a3f,,,-0.4647137232347448,0.08401326673798491,0.0,descriptive_range,,,304.0,122.0,success_conditional_descriptive_stability_no_physiological_validation,,,,,,,,,,,,,,,,,,,,,
0.059268678024625654,20000,2.504869278564634,0.0001404494382022472,,coefficient_egg_value,MC_PRECISION_INSUFFICIENT,descriptive_empirical_resampling_not_population_coverage,0,,20000,False,python_remaining,candidate_summary.json,-2.190780815344108,0.31408846322052586,,A_f01c9b32796472bc,,,-2.190780815344108,0.31408846322052586,0.0,descriptive_range,,,304.0,122.0,success_conditional_descriptive_stability_no_physiological_validation,,,,,,,,,,,,,,,,,,,,,
0.00818969330467366,20000,0.36155774271335,0.0001404494382022472,,coefficient_egg_value,MC_PRECISION_INSUFFICIENT,descriptive_empirical_resampling_not_population_coverage,0,,20000,False,python_remaining,candidate_summary.json,-0.0902823972252203,0.2712753454881297,,A_5539d29225ccfc24,,,-0.0902823972252203,0.2712753454881297,0.0,descriptive_range,,,304.0,122.0,success_conditional_descriptive_stability_no_physiological_validation,,,,,,,,,,,,,,,,,,,,,
0.011075943762057477,20000,0.5407225899731849,0.0001404494382022472,,coefficient_egg_value,MC_PRECISION_INSUFFICIENT,descriptive_empirical_resampling_not_population_coverage,0,,20000,False,python_remaining,candidate_summary.json,-0.37430356147520993,0.16641902849797502,,A_9dd43db409175137,,,-0.37430356147520993,0.16641902849797502,0.0,descriptive_range,,,304.0,122.0,success_conditional_descriptive_stability_no_physiological_validation,,,,,,,,,,,,,,,,,,,,,
0.05393861710394998,20000,2.6334135326575083,0.0001404494382022472,,coefficient_egg_value,MC_PRECISION_INSUFFICIENT,descriptive_empirical_resampling_not_population_coverage,0,,20000,False,python_remaining,candidate_summary.json,-1.6486533348564247,0.9847601978010836,,A_155195ceb91002d3,,,-1.6486533348564247,0.9847601978010836,0.0,descriptive_range,,,304.0,122.0,success_conditional_descriptive_stability_no_physiological_validation,,,,,,,,,,,,,,,,,,,,,
0.00797337923136704,20000,0.36481366749976296,0.0001404494382022472,,coefficient_egg_value,MC_PRECISION_INSUFFICIENT,descriptive_empirical_resampling_not_population_coverage,0,,20000,False,python_remaining,candidate_summary.json,-0.24256619923501332,0.12224746826474961,,A_dc8ca4c78d19ff24,,,-0.24256619923501332,0.12224746826474961,0.0,descriptive_range,,,304.0,122.0,success_conditional_descriptive_stability_no_physiological_validation,,,,,,,,,,,,,,,,,,,,,
0.0110970585764546,20000,0.5254007415402439,0.0001404494382022472,,coefficient_egg_value,MC_PRECISION_INSUFFICIENT,descriptive_empirical_resampling_not_population_coverage,0,,20000,False,python_remaining,candidate_summary.json,-0.15438183180748152,0.37101890973276236,,A_074c71ab05fb6d51,,,-0.15438183180748152,0.37101890973276236,0.0,descriptive_range,,,304.0,122.0,success_conditional_descriptive_stability_no_physiological_validation,,,,,,,,,,,,,,,,,,,,,
0.05253729866255319,20000,2.388662595644334,0.0001404494382022472,,coefficient_egg_value,MC_PRECISION_INSUFFICIENT,descriptive_empirical_resampling_not_population_coverage,0,,20000,False,python_remaining,candidate_summary.json,-0.9900803390104043,1.3985822566339297,,A_015fddb9feee38e5,,,-0.9900803390104043,1.3985822566339297,0.0,descriptive_range,,,304.0,122.0,success_conditional_descriptive_stability_no_physiological_validation,,,,,,,,,,,,,,,,,,,,,
0.006022600609314416,20000,0.31684325866311935,0.0001404494382022472,,coefficient_egg_value,MC_PRECISION_MET,descriptive_empirical_resampling_not_population_coverage,0,,20000,False,python_remaining,candidate_summary.json,0.011464212146034611,0.32830747080915396,,A_3f56568b169c450c,,,0.011464212146034611,0.32830747080915396,0.0,descriptive_range,,,304.0,122.0,success_conditional_descriptive_stability_no_physiological_validation,,,,,,,,,,,,,,,,,,,,,
0.010893182714261818,20000,0.4947832744752793,0.0001404494382022472,,coefficient_egg_value,MC_PRECISION_INSUFFICIENT,descriptive_empirical_resampling_not_population_coverage,0,,20000,False,python_remaining,candidate_summary.json,-0.140888069452007,0.3538952050232723,,A_9fb29d1b1c7cca18,,,-0.140888069452007,0.3538952050232723,0.0,descriptive_range,,,304.0,122.0,success_conditional_descriptive_stability_no_physiological_validation,,,,,,,,,,,,,,,,,,,,,
0.05595727746299306,20000,2.5785517972062113,0.0001404494382022472,,coefficient_egg_value,MC_PRECISION_INSUFFICIENT,descriptive_empirical_resampling_not_population_coverage,0,,20000,False,python_remaining,candidate_summary.json,-1.310282131209324,1.2682696659968875,,A_064d25f8dc76e58c,,,-1.310282131209324,1.2682696659968875,0.0,descriptive_range,,,304.0,122.0,success_conditional_descriptive_stability_no_physiological_validation,,,,,,,,,,,,,,,,,,,,,
0.00708711992528098,20000,0.34241221194774085,0.0001404494382022472,,coefficient_egg_value,MC_PRECISION_INSUFFICIENT,descriptive_empirical_resampling_not_population_coverage,0,,20000,False,python_remaining,candidate_summary.json,-0.2141050846497864,0.12830712729795446,,A_d3bbd37b8ba0a506,,,-0.2141050846497864,0.12830712729795446,0.0,descriptive_range,,,304.0,122.0,success_conditional_descriptive_stability_no_physiological_validation,,,,,,,,,,,,,,,,,,,,,
0.012001485190011985,20000,0.545149710329609,0.0001404494382022472,,coefficient_egg_value,MC_PRECISION_INSUFFICIENT,descriptive_empirical_resampling_not_population_coverage,0,,20000,False,python_remaining,candidate_summary.json,-0.37271967865299876,0.17243003167661025,,A_b5bc7b4e7bbad76f,,,-0.37271967865299876,0.17243003167661025,0.0,descriptive_range,,,304.0,122.0,success_conditional_descriptive_stability_no_physiological_validation,,,,,,,,,,,,,,,,,,,,,
0.05530461145877874,20000,2.7241384431729294,0.0001404494382022472,,coefficient_egg_value,MC_PRECISION_INSUFFICIENT,descriptive_empirical_resampling_not_population_coverage,0,,20000,False,python_remaining,candidate_summary.json,-1.632576508828979,1.0915619343439504,,A_07a725f68bc9f15d,,,-1.632576508828979,1.0915619343439504,0.0,descriptive_range,,,304.0,122.0,success_conditional_descriptive_stability_no_physiological_validation,,,,,,,,,,,,,,,,,,,,,
0.006710652845948545,20000,0.34463310391194274,0.0001404494382022472,,coefficient_egg_value,MC_PRECISION_MET,descriptive_empirical_resampling_not_population_coverage,0,,20000,False,python_remaining,candidate_summary.json,-0.0991311036469487,0.24550200026499402,,A_3d4d70f8aef7d910,,,-0.0991311036469487,0.24550200026499402,0.0,descriptive_range,,,304.0,122.0,success_conditional_descriptive_stability_no_physiological_validation,,,,,,,,,,,,,,,,,,,,,
0.010890843176875244,20000,0.49874283325403124,0.0001404494382022472,,coefficient_egg_value,MC_PRECISION_INSUFFICIENT,descriptive_empirical_resampling_not_population_coverage,0,,20000,False,python_remaining,candidate_summary.json,-0.011829659863464567,0.48691317339056667,,A_84cea9464aa3750e,,,-0.011829659863464567,0.48691317339056667,0.0,descriptive_range,,,304.0,122.0,success_conditional_descriptive_stability_no_physiological_validation,,,,,,,,,,,,,,,,,,,,,
0.05178236594538177,20000,2.5252250551104183,0.0001404494382022472,,coefficient_egg_value,MC_PRECISION_INSUFFICIENT,descriptive_empirical_resampling_not_population_coverage,0,,20000,False,python_remaining,candidate_summary.json,-0.3488448286878969,2.176380226422521,,A_1d6982f4aa3846af,,,-0.3488448286878969,2.176380226422521,0.0,descriptive_range,,,304.0,122.0,success_conditional_descriptive_stability_no_physiological_validation,,,,,,,,,,,,,,,,,,,,,
0.008030376985864202,20000,0.35206185943866286,0.0001404494382022472,,coefficient_egg_value,MC_PRECISION_INSUFFICIENT,descriptive_empirical_resampling_not_population_coverage,0,,20000,False,python_remaining,candidate_summary.json,-0.1245315723721214,0.22753028706654144,,A_326e549593b47a14,,,-0.1245315723721214,0.22753028706654144,0.0,descriptive_range,,,304.0,122.0,success_conditional_descriptive_stability_no_physiological_validation,,,,,,,,,,,,,,,,,,,,,
0.01168639560391449,20000,0.5422179521370561,0.0001404494382022472,,coefficient_egg_value,MC_PRECISION_INSUFFICIENT,descriptive_empirical_resampling_not_population_coverage,0,,20000,False,python_remaining,candidate_summary.json,-0.1873781729130987,0.35483977922395743,,A_67487865eb18f5af,,,-0.1873781729130987,0.35483977922395743,0.0,descriptive_range,,,304.0,122.0,success_conditional_descriptive_stability_no_physiological_validation,,,,,,,,,,,,,,,,,,,,,
0.051290842686225524,20000,2.553643632869826,0.0001404494382022472,,coefficient_egg_value,MC_PRECISION_INSUFFICIENT,descriptive_empirical_resampling_not_population_coverage,0,,20000,False,python_remaining,candidate_summary.json,-1.0641532443572153,1.489490388512611,,A_4a3f4dd33cbe1498,,,-1.0641532443572153,1.489490388512611,0.0,descriptive_range,,,304.0,122.0,success_conditional_descriptive_stability_no_physiological_validation,,,,,,,,,,,,,,,,,,,,,
0.005934009614813322,20000,0.3023610934945477,0.0001404494382022472,,coefficient_egg_value,MC_PRECISION_MET,descriptive_empirical_resampling_not_population_coverage,0,,20000,False,python_remaining,candidate_summary.json,0.054487576300885354,0.35684866979543306,,A_5f2b22e6e4beca0f,,,0.054487576300885354,0.35684866979543306,0.0,descriptive_range,,,304.0,122.0,success_conditional_descriptive_stability_no_physiological_validation,,,,,,,,,,,,,,,,,,,,,
0.010382486591436202,20000,0.4973985080280035,0.0001404494382022472,,coefficient_egg_value,MC_PRECISION_INSUFFICIENT,descriptive_empirical_resampling_not_population_coverage,0,,20000,False,python_remaining,candidate_summary.json,-0.21599549903418586,0.28140300899381765,,A_58a160babb42a3c9,,,-0.21599549903418586,0.28140300899381765,0.0,descriptive_range,,,304.0,122.0,success_conditional_descriptive_stability_no_physiological_validation,,,,,,,,,,,,,,,,,,,,,
0.05412969207960572,20000,2.62512154090901,0.0001404494382022472,,coefficient_egg_value,MC_PRECISION_INSUFFICIENT,descriptive_empirical_resampling_not_population_coverage,0,,20000,False,python_remaining,candidate_summary.json,-2.0007212312229075,0.6244003096861027,,A_96a5d64adaf18108,,,-2.0007212312229075,0.6244003096861027,0.0,descriptive_range,,,304.0,122.0,success_conditional_descriptive_stability_no_physiological_validation,,,,,,,,,,,,,,,,,,,,,
0.0069635719332113155,20000,0.32339378723115125,0.0001404494382022472,,coefficient_egg_value,MC_PRECISION_INSUFFICIENT,descriptive_empirical_resampling_not_population_coverage,0,,20000,False,python_remaining,candidate_summary.json,-0.1159463785706779,0.20744740866047337,,A_4da378b49ae8147c,,,-0.1159463785706779,0.20744740866047337,0.0,descriptive_range,,,304.0,122.0,success_conditional_descriptive_stability_no_physiological_validation,,,,,,,,,,,,,,,,,,,,,
0.013061194340796625,20000,0.5308286018453757,0.0001404494382022472,,coefficient_egg_value,MC_PRECISION_INSUFFICIENT,descriptive_empirical_resampling_not_population_coverage,0,,20000,False,python_remaining,candidate_summary.json,-0.41048262721819634,0.1203459746271794,,A_98715b76bff3db6e,,,-0.41048262721819634,0.1203459746271794,0.0,descriptive_range,,,304.0,122.0,success_conditional_descriptive_stability_no_physiological_validation,,,,,,,,,,,,,,,,,,,,,
0.04884199928471672,20000,2.498450373541936,0.0001404494382022472,,coefficient_egg_value,MC_PRECISION_MET,descriptive_empirical_resampling_not_population_coverage,0,,20000,False,python_remaining,candidate_summary.json,-2.5286992182397077,-0.03024884469777143,,A_180b4bde646efe82,,,-2.5286992182397077,-0.03024884469777143,0.0,descriptive_range,,,304.0,122.0,success_conditional_descriptive_stability_no_physiological_validation,,,,,,,,,,,,,,,,,,,,,
0.006825080586491644,20000,0.32682713337895475,0.0001404494382022472,,coefficient_egg_value,MC_PRECISION_INSUFFICIENT,descriptive_empirical_resampling_not_population_coverage,0,,20000,False,python_remaining,candidate_summary.json,-0.12152580506153784,0.2053013283174169,,A_475bf302208abdb5,,,-0.12152580506153784,0.2053013283174169,0.0,descriptive_range,,,299.0,120.0,success_conditional_descriptive_stability_no_physiological_validation,,,,,,,,,,,,,,,,,,,,,
0.010926929941631053,20000,0.5107912901963303,0.0001404494382022472,,coefficient_egg_value,MC_PRECISION_INSUFFICIENT,descriptive_empirical_resampling_not_population_coverage,0,,20000,False,python_remaining,candidate_summary.json,-0.5681690843129399,-0.05737779411660959,,A_5e16a3b9bb8aa855,,,-0.5681690843129399,-0.05737779411660959,0.0,descriptive_range,,,299.0,120.0,success_conditional_descriptive_stability_no_physiological_validation,,,,,,,,,,,,,,,,,,,,,
0.055308596258337284,20000,2.5640174019804953,0.0001404494382022472,,coefficient_egg_value,MC_PRECISION_INSUFFICIENT,descriptive_empirical_resampling_not_population_coverage,0,,20000,False,python_remaining,candidate_summary.json,-1.809478165149383,0.7545392368311123,,A_0799e5a96b948874,,,-1.809478165149383,0.7545392368311123,0.0,descriptive_range,,,299.0,120.0,success_conditional_descriptive_stability_no_physiological_validation,,,,,,,,,,,,,,,,,,,,,
0.006920330444683667,20000,0.3587423013192347,0.0001404494382022472,,coefficient_egg_value,MC_PRECISION_MET,descriptive_empirical_resampling_not_population_coverage,0,,20000,False,python_remaining,candidate_summary.json,-0.2877451046244899,0.07099719669474479,,A_b9dba4ca06ffe734,,,-0.2877451046244899,0.07099719669474479,0.0,descriptive_range,,,299.0,120.0,success_conditional_descriptive_stability_no_physiological_validation,,,,,,,,,,,,,,,,,,,,,
0.012527812593122772,20000,0.5725515269982456,0.0001404494382022472,,coefficient_egg_value,MC_PRECISION_INSUFFICIENT,descriptive_empirical_resampling_not_population_coverage,0,,20000,False,python_remaining,candidate_summary.json,-0.16782316569867364,0.40472836129957196,,A_4511c62da4741ebc,,,-0.16782316569867364,0.40472836129957196,0.0,descriptive_range,,,299.0,120.0,success_conditional_descriptive_stability_no_physiological_validation,,,,,,,,,,,,,,,,,,,,,
0.0633896354846849,20000,2.6036884683039023,0.0001404494382022472,,coefficient_egg_value,MC_PRECISION_INSUFFICIENT,descriptive_empirical_resampling_not_population_coverage,0,,20000,False,python_remaining,candidate_summary.json,-0.21340564913359733,2.390282819170305,,A_9cfd8f2278d62fc5,,,-0.21340564913359733,2.390282819170305,0.0,descriptive_range,,,299.0,120.0,success_conditional_descriptive_stability_no_physiological_validation,,,,,,,,,,,,,,,,,,,,,
0.00865343644237962,20000,0.33875660134045604,0.0001404494382022472,,coefficient_egg_value,MC_PRECISION_INSUFFICIENT,descriptive_empirical_resampling_not_population_coverage,0,,20000,False,python_remaining,candidate_summary.json,-0.24781861841665256,0.09093798292380349,,A_2f40fe0fd2ec5dc4,,,-0.24781861841665256,0.09093798292380349,0.0,descriptive_range,,,291.0,117.0,success_conditional_descriptive_stability_no_physiological_validation,,,,,,,,,,,,,,,,,,,,,
0.011198119226124487,20000,0.50562628847752,0.0001404494382022472,,coefficient_egg_value,MC_PRECISION_INSUFFICIENT,descriptive_empirical_resampling_not_population_coverage,0,,20000,False,python_remaining,candidate_summary.json,-0.28245471267569905,0.223171575801821,,A_f50271f49cc2df66,,,-0.28245471267569905,0.223171575801821,0.0,descriptive_range,,,291.0,117.0,success_conditional_descriptive_stability_no_physiological_validation,,,,,,,,,,,,,,,,,,,,,
0.06071588240238501,20000,2.4484817759591664,0.0001404494382022472,,coefficient_egg_value,MC_PRECISION_INSUFFICIENT,descriptive_empirical_resampling_not_population_coverage,0,,20000,False,python_remaining,candidate_summary.json,-0.8862811214721047,1.562200654487062,,A_5996348872813d66,,,-0.8862811214721047,1.562200654487062,0.0,descriptive_range,,,291.0,117.0,success_conditional_descriptive_stability_no_physiological_validation,,,,,,,,,,,,,,,,,,,,,
0.007094421880629281,20000,0.3549054907991145,0.0001404494382022472,,coefficient_egg_value,MC_PRECISION_MET,descriptive_empirical_resampling_not_population_coverage,0,,20000,False,python_remaining,candidate_summary.json,-0.22120331406200508,0.13370217673710943,,A_3ee447a46853ffb4,,,-0.22120331406200508,0.13370217673710943,0.0,descriptive_range,,,291.0,117.0,success_conditional_descriptive_stability_no_physiological_validation,,,,,,,,,,,,,,,,,,,,,
0.012600952955226286,20000,0.55180614825541,0.0001404494382022472,,coefficient_egg_value,MC_PRECISION_INSUFFICIENT,descriptive_empirical_resampling_not_population_coverage,0,,20000,False,python_remaining,candidate_summary.json,-0.14007343536350914,0.41173271289190083,,A_3f4ff1edfde8de66,,,-0.14007343536350914,0.41173271289190083,0.0,descriptive_range,,,291.0,117.0,success_conditional_descriptive_stability_no_physiological_validation,,,,,,,,,,,,,,,,,,,,,
0.0513439349076823,20000,2.590548512911534,0.0001404494382022472,,coefficient_egg_value,MC_PRECISION_MET,descriptive_empirical_resampling_not_population_coverage,0,,20000,False,python_remaining,candidate_summary.json,-0.9763304046352101,1.614218108276324,,A_223682221d1f680d,,,-0.9763304046352101,1.614218108276324,0.0,descriptive_range,,,291.0,117.0,success_conditional_descriptive_stability_no_physiological_validation,,,,,,,,,,,,,,,,,,,,,
0.00611868341788082,20000,0.32276469317878226,0.0001404494382022472,,coefficient_egg_value,MC_PRECISION_MET,descriptive_empirical_resampling_not_population_coverage,0,,20000,False,python_remaining,candidate_summary.json,-0.01582484813798237,0.3069398450407999,,A_48aa338409744815,,,-0.01582484813798237,0.3069398450407999,0.0,descriptive_range,,,299.0,120.0,success_conditional_descriptive_stability_no_physiological_validation,,,,,,,,,,,,,,,,,,,,,
0.010463966587804907,20000,0.5076284003792823,0.0001404494382022472,,coefficient_egg_value,MC_PRECISION_INSUFFICIENT,descriptive_empirical_resampling_not_population_coverage,0,,20000,False,python_remaining,candidate_summary.json,-0.3755850836045283,0.13204331677475398,,A_37c60e41bd0b0e3c,,,-0.3755850836045283,0.13204331677475398,0.0,descriptive_range,,,299.0,120.0,success_conditional_descriptive_stability_no_physiological_validation,,,,,,,,,,,,,,,,,,,,,
0.05495959912699144,20000,2.7282160149652834,0.0001404494382022472,,coefficient_egg_value,MC_PRECISION_INSUFFICIENT,descriptive_empirical_resampling_not_population_coverage,0,,20000,False,python_remaining,candidate_summary.json,-2.098995447729497,0.6292205672357866,,A_31a6322cc135883a,,,-2.098995447729497,0.6292205672357866,0.0,descriptive_range,,,299.0,120.0,success_conditional_descriptive_stability_no_physiological_validation,,,,,,,,,,,,,,,,,,,,,
0.007288538136199533,20000,0.3398015644401371,0.0001404494382022472,,coefficient_egg_value,MC_PRECISION_INSUFFICIENT,descriptive_empirical_resampling_not_population_coverage,0,,20000,False,python_remaining,candidate_summary.json,-0.34404655447121313,-0.004244990031076054,,A_9221b2f5f35d5f2b,,,-0.34404655447121313,-0.004244990031076054,0.0,descriptive_range,,,299.0,120.0,success_conditional_descriptive_stability_no_physiological_validation,,,,,,,,,,,,,,,,,,,,,
0.012636702954616663,20000,0.5676788385168128,0.0001404494382022472,,coefficient_egg_value,MC_PRECISION_INSUFFICIENT,descriptive_empirical_resampling_not_population_coverage,0,,20000,False,python_remaining,candidate_summary.json,-0.28194992926538653,0.2857289092514262,,A_f5bcfd2963bda9ff,,,-0.28194992926538653,0.2857289092514262,0.0,descriptive_range,,,299.0,120.0,success_conditional_descriptive_stability_no_physiological_validation,,,,,,,,,,,,,,,,,,,,,
0.055691242421256115,20000,2.5983701292041834,0.0001404494382022472,,coefficient_egg_value,MC_PRECISION_INSUFFICIENT,descriptive_empirical_resampling_not_population_coverage,0,,20000,False,python_remaining,candidate_summary.json,-1.278868183270501,1.3195019459336828,,A_75172323bee96fe8,,,-1.278868183270501,1.3195019459336828,0.0,descriptive_range,,,299.0,120.0,success_conditional_descriptive_stability_no_physiological_validation,,,,,,,,,,,,,,,,,,,,,
0.005642512688373846,20000,0.2682777696166069,0.0001404494382022472,,coefficient_egg_value,MC_PRECISION_INSUFFICIENT,descriptive_empirical_resampling_not_population_coverage,0,,20000,False,python_remaining,candidate_summary.json,0.06232437456676278,0.33060214418336964,,A_1a9d63ea56e27f42,,,0.06232437456676278,0.33060214418336964,0.0,descriptive_range,,,299.0,120.0,success_conditional_descriptive_stability_no_physiological_validation,,,,,,,,,,,,,,,,,,,,,
0.010928899331647784,20000,0.49809472747433925,0.0001404494382022472,,coefficient_egg_value,MC_PRECISION_INSUFFICIENT,descriptive_empirical_resampling_not_population_coverage,0,,20000,False,python_remaining,candidate_summary.json,0.0725329300365192,0.5706276575108584,,A_184f7df42f3fea9e,,,0.0725329300365192,0.5706276575108584,0.0,descriptive_range,,,299.0,120.0,success_conditional_descriptive_stability_no_physiological_validation,,,,,,,,,,,,,,,,,,,,,
0.05609392100020816,20000,2.551125685031622,0.0001404494382022472,,coefficient_egg_value,MC_PRECISION_INSUFFICIENT,descriptive_empirical_resampling_not_population_coverage,0,,20000,False,python_remaining,candidate_summary.json,-0.4201893670339021,2.13093631799772,,A_5536f6ee728bb0c1,,,-0.4201893670339021,2.13093631799772,0.0,descriptive_range,,,299.0,120.0,success_conditional_descriptive_stability_no_physiological_validation,,,,,,,,,,,,,,,,,,,,,
0.00782656507864121,20000,0.33109121261926316,0.0001404494382022472,,coefficient_egg_value,MC_PRECISION_INSUFFICIENT,descriptive_empirical_resampling_not_population_coverage,0,,20000,False,python_remaining,candidate_summary.json,-0.008400432591238719,0.3226907800280244,,A_66224d68613d2590,,,-0.008400432591238719,0.3226907800280244,0.0,descriptive_range,,,299.0,120.0,success_conditional_descriptive_stability_no_physiological_validation,,,,,,,,,,,,,,,,,,,,,
0.010410144589919318,20000,0.5149238807570218,0.0001404494382022472,,coefficient_egg_value,MC_PRECISION_INSUFFICIENT,descriptive_empirical_resampling_not_population_coverage,0,,20000,False,python_remaining,candidate_summary.json,-0.2817510216143881,0.23317285914263375,,A_eccf18d544db012f,,,-0.2817510216143881,0.23317285914263375,0.0,descriptive_range,,,299.0,120.0,success_conditional_descriptive_stability_no_physiological_validation,,,,,,,,,,,,,,,,,,,,,
0.05309642458927355,20000,2.3498551556608716,0.0001404494382022472,,coefficient_egg_value,MC_PRECISION_INSUFFICIENT,descriptive_empirical_resampling_not_population_coverage,0,,20000,False,python_remaining,candidate_summary.json,-2.2613056252246,0.08854953043627142,,A_d16a76f98d4ae2ed,,,-2.2613056252246,0.08854953043627142,0.0,descriptive_range,,,299.0,120.0,success_conditional_descriptive_stability_no_physiological_validation,,,,,,,,,,,,,,,,,,,,,
0.004580913151592633,20000,0.2034618668293604,0.0001404494382022472,,coefficient_candidate_HR,MC_PRECISION_INSUFFICIENT,descriptive_empirical_resampling_not_population_coverage,0,,20000,False,python_remaining,candidate_summary.json,0.056653410102409256,0.26011527693176967,,A_69864ba86bbe347b,,,0.056653410102409256,0.26011527693176967,0.0,descriptive_range,,,311.0,125.0,success_conditional_descriptive_stability_no_physiological_validation,,,,,,,,,,,,,,,,,,,,,
0.0014218491829790375,20000,0.04834758920056487,0.0001404494382022472,,coefficient_candidate_RR_RMSSD,MC_PRECISION_INSUFFICIENT,descriptive_empirical_resampling_not_population_coverage,0,,20000,False,python_remaining,candidate_summary.json,-0.03521866757726591,0.01312892162329896,,A_69864ba86bbe347b,,,-0.03521866757726591,0.01312892162329896,0.0,descriptive_range,,,311.0,125.0,success_conditional_descriptive_stability_no_physiological_validation,,,,,,,,,,,,,,,,,,,,,
0.008836011306931207,20000,0.41523071845592374,0.0001404494382022472,,coefficient_hb_within_person_SD,MC_PRECISION_INSUFFICIENT,descriptive_empirical_resampling_not_population_coverage,0,,20000,False,python_remaining,candidate_summary.json,-0.2199237854282991,0.19530693302762464,,A_69864ba86bbe347b,,,-0.2199237854282991,0.19530693302762464,0.0,descriptive_range,,,311.0,125.0,success_conditional_descriptive_stability_no_physiological_validation,,,,,,,,,,,,,,,,,,,,,
0.5936329015017918,20000,9.495851571923708,0.0001404494382022472,,same_row_SSE_reduction,MC_PRECISION_INSUFFICIENT,descriptive_empirical_resampling_not_population_coverage,0,,20000,False,python_remaining,candidate_summary.json,0.0017737485362658845,9.497625320459974,0.01,A_69864ba86bbe347b,,,0.0017737485362658845,9.497625320459974,0.0,descriptive_range,,,311.0,125.0,success_conditional_descriptive_stability_no_physiological_validation,,,,,,,,,,,,,,,,,,,,,
0.0045179601462141325,20000,0.19911653681463629,0.0001404494382022472,,coefficient_candidate_HR,MC_PRECISION_INSUFFICIENT,descriptive_empirical_resampling_not_population_coverage,0,,20000,False,python_remaining,candidate_summary.json,0.05744758356845506,0.25656412038309134,,A_b41367d79cc2d1ec,,,0.05744758356845506,0.25656412038309134,0.0,descriptive_range,,,311.0,125.0,success_conditional_descriptive_stability_no_physiological_validation,,,,,,,,,,,,,,,,,,,,,
0.0014273006963998885,20000,0.04753203288839175,0.0001404494382022472,,coefficient_candidate_RR_RMSSD,MC_PRECISION_INSUFFICIENT,descriptive_empirical_resampling_not_population_coverage,0,,20000,False,python_remaining,candidate_summary.json,-0.03425086234395468,0.013281170544437077,,A_b41367d79cc2d1ec,,,-0.03425086234395468,0.013281170544437077,0.0,descriptive_range,,,311.0,125.0,success_conditional_descriptive_stability_no_physiological_validation,,,,,,,,,,,,,,,,,,,,,
0.008822352986927684,20000,0.4000020445929515,0.0001404494382022472,,coefficient_hb_within_person_SD,MC_PRECISION_INSUFFICIENT,descriptive_empirical_resampling_not_population_coverage,0,,20000,False,python_remaining,candidate_summary.json,-0.20814595116368542,0.1918560934292661,,A_b41367d79cc2d1ec,,,-0.20814595116368542,0.1918560934292661,0.0,descriptive_range,,,311.0,125.0,success_conditional_descriptive_stability_no_physiological_validation,,,,,,,,,,,,,,,,,,,,,
0.5295517889645112,20000,9.228269334981803,0.0001404494382022472,,same_row_SSE_reduction,MC_PRECISION_INSUFFICIENT,descriptive_empirical_resampling_not_population_coverage,0,,20000,False,python_remaining,candidate_summary.json,0.002248561811200034,9.230517896793003,0.01,A_b41367d79cc2d1ec,,,0.002248561811200034,9.230517896793003,0.0,descriptive_range,,,311.0,125.0,success_conditional_descriptive_stability_no_physiological_validation,,,,,,,,,,,,,,,,,,,,,
0.004238889054683975,20000,0.20970354546698322,0.0001404494382022472,,coefficient_candidate_HR,MC_PRECISION_INSUFFICIENT,descriptive_empirical_resampling_not_population_coverage,0,,20000,False,python_remaining,candidate_summary.json,0.028661279694088125,0.23836482516107135,,A_13b87e3c041e83b5,,,0.028661279694088125,0.23836482516107135,0.0,descriptive_range,,,311.0,125.0,success_conditional_descriptive_stability_no_physiological_validation,,,,,,,,,,,,,,,,,,,,,
0.0012368578486912293,20000,0.04705387612317988,0.0001404494382022472,,coefficient_candidate_RR_RMSSD,MC_PRECISION_INSUFFICIENT,descriptive_empirical_resampling_not_population_coverage,0,,20000,False,python_remaining,candidate_summary.json,-0.03376086504446815,0.013293011078711729,,A_13b87e3c041e83b5,,,-0.03376086504446815,0.013293011078711729,0.0,descriptive_range,,,311.0,125.0,success_conditional_descriptive_stability_no_physiological_validation,,,,,,,,,,,,,,,,,,,,,
0.008066615882392436,20000,0.38711657652572895,0.0001404494382022472,,coefficient_hb_within_person_SD,MC_PRECISION_INSUFFICIENT,descriptive_empirical_resampling_not_population_coverage,0,,20000,False,python_remaining,candidate_summary.json,-0.06834904909742887,0.31876752742830006,,A_13b87e3c041e83b5,,,-0.06834904909742887,0.31876752742830006,0.0,descriptive_range,,,311.0,125.0,success_conditional_descriptive_stability_no_physiological_validation,,,,,,,,,,,,,,,,,,,,,
0.7993391336720492,20000,15.40734935915333,0.0001404494382022472,,same_row_SSE_reduction,MC_PRECISION_INSUFFICIENT,descriptive_empirical_resampling_not_population_coverage,0,,20000,False,python_remaining,candidate_summary.json,0.0071414123959243625,15.414490771549254,0.01,A_13b87e3c041e83b5,,,0.0071414123959243625,15.414490771549254,0.0,descriptive_range,,,311.0,125.0,success_conditional_descriptive_stability_no_physiological_validation,,,,,,,,,,,,,,,,,,,,,
0.004807222571469975,20000,0.21157684878050068,0.0001404494382022472,,coefficient_candidate_HR,MC_PRECISION_INSUFFICIENT,descriptive_empirical_resampling_not_population_coverage,0,,20000,False,python_remaining,candidate_summary.json,0.03535371970609297,0.24693056848659364,,A_68ef6c8d34b9789c,,,0.03535371970609297,0.24693056848659364,0.0,descriptive_range,,,311.0,125.0,success_conditional_descriptive_stability_no_physiological_validation,,,,,,,,,,,,,,,,,,,,,
0.0013970479894593046,20000,0.04949108643852206,0.0001404494382022472,,coefficient_candidate_RR_RMSSD,MC_PRECISION_INSUFFICIENT,descriptive_empirical_resampling_not_population_coverage,0,,20000,False,python_remaining,candidate_summary.json,-0.03540926153566917,0.01408182490285289,,A_68ef6c8d34b9789c,,,-0.03540926153566917,0.01408182490285289,0.0,descriptive_range,,,311.0,125.0,success_conditional_descriptive_stability_no_physiological_validation,,,,,,,,,,,,,,,,,,,,,
0.009030937461444899,20000,0.43420870255495103,0.0001404494382022472,,coefficient_hb_within_person_SD,MC_PRECISION_INSUFFICIENT,descriptive_empirical_resampling_not_population_coverage,0,,20000,False,python_remaining,candidate_summary.json,-0.2822517586947397,0.15195694386021139,,A_68ef6c8d34b9789c,,,-0.2822517586947397,0.15195694386021139,0.0,descriptive_range,,,311.0,125.0,success_conditional_descriptive_stability_no_physiological_validation,,,,,,,,,,,,,,,,,,,,,
0.8251922671295233,20000,12.228816582435229,0.0001404494382022472,,same_row_SSE_reduction,MC_PRECISION_INSUFFICIENT,descriptive_empirical_resampling_not_population_coverage,0,,20000,False,python_remaining,candidate_summary.json,0.003037321467786569,12.231853903903016,0.01,A_68ef6c8d34b9789c,,,0.003037321467786569,12.231853903903016,0.0,descriptive_range,,,311.0,125.0,success_conditional_descriptive_stability_no_physiological_validation,,,,,,,,,,,,,,,,,,,,,
0.005295663111101665,20000,0.22159773573637748,0.0001404494382022472,,coefficient_candidate_HR,MC_PRECISION_INSUFFICIENT,descriptive_empirical_resampling_not_population_coverage,0,,20000,False,python_remaining,candidate_summary.json,0.02786665880673507,0.24946439454311256,,A_094c1a14755473e8,,,0.02786665880673507,0.24946439454311256,0.0,descriptive_range,,,314.0,126.0,success_conditional_descriptive_stability_no_physiological_validation,,,,,,,,,,,,,,,,,,,,,
0.0013071211305064681,20000,0.047985210274403126,0.0001404494382022472,,coefficient_candidate_RR_RMSSD,MC_PRECISION_INSUFFICIENT,descriptive_empirical_resampling_not_population_coverage,0,,20000,False,python_remaining,candidate_summary.json,-0.03261213342978277,0.015373076844620354,,A_094c1a14755473e8,,,-0.03261213342978277,0.015373076844620354,0.0,descriptive_range,,,314.0,126.0,success_conditional_descriptive_stability_no_physiological_validation,,,,,,,,,,,,,,,,,,,,,
0.009135612021050787,20000,0.43450504788352934,0.0001404494382022472,,coefficient_hb_within_person_SD,MC_PRECISION_INSUFFICIENT,descriptive_empirical_resampling_not_population_coverage,0,,20000,False,python_remaining,candidate_summary.json,-0.08362147588722124,0.3508835719963081,,A_094c1a14755473e8,,,-0.08362147588722124,0.3508835719963081,0.0,descriptive_range,,,314.0,126.0,success_conditional_descriptive_stability_no_physiological_validation,,,,,,,,,,,,,,,,,,,,,
1.0892314022432856,20000,18.179386716098236,0.0001404494382022472,,same_row_SSE_reduction,MC_PRECISION_INSUFFICIENT,descriptive_empirical_resampling_not_population_coverage,0,,20000,False,python_remaining,candidate_summary.json,0.0075304168494199075,18.186917132947656,0.01,A_094c1a14755473e8,,,0.0075304168494199075,18.186917132947656,0.0,descriptive_range,,,314.0,126.0,success_conditional_descriptive_stability_no_physiological_validation,,,,,,,,,,,,,,,,,,,,,
0.004999934592281385,20000,0.21137241471355955,0.0001404494382022472,,coefficient_candidate_HR,MC_PRECISION_INSUFFICIENT,descriptive_empirical_resampling_not_population_coverage,0,,20000,False,python_remaining,candidate_summary.json,0.028616980940116703,0.23998939565367625,,A_2f3346ecfecb3c1b,,,0.028616980940116703,0.23998939565367625,0.0,descriptive_range,,,314.0,126.0,success_conditional_descriptive_stability_no_physiological_validation,,,,,,,,,,,,,,,,,,,,,
0.0015751499168049528,20000,0.049019615772416265,0.0001404494382022472,,coefficient_candidate_RR_RMSSD,MC_PRECISION_INSUFFICIENT,descriptive_empirical_resampling_not_population_coverage,0,,20000,False,python_remaining,candidate_summary.json,-0.031011030680580868,0.018008585091835397,,A_2f3346ecfecb3c1b,,,-0.031011030680580868,0.018008585091835397,0.0,descriptive_range,,,314.0,126.0,success_conditional_descriptive_stability_no_physiological_validation,,,,,,,,,,,,,,,,,,,,,
0.009339928544820297,20000,0.40848706586805794,0.0001404494382022472,,coefficient_hb_within_person_SD,MC_PRECISION_INSUFFICIENT,descriptive_empirical_resampling_not_population_coverage,0,,20000,False,python_remaining,candidate_summary.json,-0.4278518800495833,-0.019364814181525372,,A_2f3346ecfecb3c1b,,,-0.4278518800495833,-0.019364814181525372,0.0,descriptive_range,,,314.0,126.0,success_conditional_descriptive_stability_no_physiological_validation,,,,,,,,,,,,,,,,,,,,,
1.3745914128259074,20000,30.67319498831489,0.0001404494382022472,,same_row_SSE_reduction,MC_PRECISION_INSUFFICIENT,descriptive_empirical_resampling_not_population_coverage,0,,20000,False,python_remaining,candidate_summary.json,0.1546358020405023,30.827830790355392,0.01,A_2f3346ecfecb3c1b,,,0.1546358020405023,30.827830790355392,0.0,descriptive_range,,,314.0,126.0,success_conditional_descriptive_stability_no_physiological_validation,,,,,,,,,,,,,,,,,,,,,
0.006026961133802862,20000,0.20390899156283432,0.0001404494382022472,,coefficient_candidate_HR,MC_PRECISION_INSUFFICIENT,descriptive_empirical_resampling_not_population_coverage,0,,20000,False,python_remaining,candidate_summary.json,0.048679719586850474,0.2525887111496848,,A_d24d4a8ef5b267b3,,,0.048679719586850474,0.2525887111496848,0.0,descriptive_range,,,314.0,126.0,success_conditional_descriptive_stability_no_physiological_validation,,,,,,,,,,,,,,,,,,,,,
0.0012767014879787736,20000,0.047514067893906414,0.0001404494382022472,,coefficient_candidate_RR_RMSSD,MC_PRECISION_INSUFFICIENT,descriptive_empirical_resampling_not_population_coverage,0,,20000,False,python_remaining,candidate_summary.json,-0.03309629162260323,0.014417776271303185,,A_d24d4a8ef5b267b3,,,-0.03309629162260323,0.014417776271303185,0.0,descriptive_range,,,314.0,126.0,success_conditional_descriptive_stability_no_physiological_validation,,,,,,,,,,,,,,,,,,,,,
0.009843720783649756,20000,0.44877738721710775,0.0001404494382022472,,coefficient_hb_within_person_SD,MC_PRECISION_INSUFFICIENT,descriptive_empirical_resampling_not_population_coverage,0,,20000,False,python_remaining,candidate_summary.json,-0.1858712200062672,0.26290616721084054,,A_d24d4a8ef5b267b3,,,-0.1858712200062672,0.26290616721084054,0.0,descriptive_range,,,314.0,126.0,success_conditional_descriptive_stability_no_physiological_validation,,,,,,,,,,,,,,,,,,,,,
0.7003748741802269,20000,10.553415545603002,0.0001404494382022472,,same_row_SSE_reduction,MC_PRECISION_INSUFFICIENT,descriptive_empirical_resampling_not_population_coverage,0,,20000,False,python_remaining,candidate_summary.json,0.002058928506983193,10.555474474109985,0.01,A_d24d4a8ef5b267b3,,,0.002058928506983193,10.555474474109985,0.0,descriptive_range,,,314.0,126.0,success_conditional_descriptive_stability_no_physiological_validation,,,,,,,,,,,,,,,,,,,,,
0.0042853105131295255,20000,0.19847955386055424,0.0001404494382022472,,coefficient_candidate_HR,MC_PRECISION_INSUFFICIENT,descriptive_empirical_resampling_not_population_coverage,0,,20000,False,python_remaining,candidate_summary.json,0.04512573702741906,0.2436052908879733,,A_31485bf3d880360d,,,0.04512573702741906,0.2436052908879733,0.0,descriptive_range,,,314.0,126.0,success_conditional_descriptive_stability_no_physiological_validation,,,,,,,,,,,,,,,,,,,,,
0.001658273965423021,20000,0.04913988951880776,0.0001404494382022472,,coefficient_candidate_RR_RMSSD,MC_PRECISION_INSUFFICIENT,descriptive_empirical_resampling_not_population_coverage,0,,20000,False,python_remaining,candidate_summary.json,-0.03698364481182196,0.0121562447069858,,A_31485bf3d880360d,,,-0.03698364481182196,0.0121562447069858,0.0,descriptive_range,,,314.0,126.0,success_conditional_descriptive_stability_no_physiological_validation,,,,,,,,,,,,,,,,,,,,,
0.007988840919616852,20000,0.4210163965998724,0.0001404494382022472,,coefficient_hb_within_person_SD,MC_PRECISION_MET,descriptive_empirical_resampling_not_population_coverage,0,,20000,False,python_remaining,candidate_summary.json,-0.3544609720733089,0.06655542452656348,,A_31485bf3d880360d,,,-0.3544609720733089,0.06655542452656348,0.0,descriptive_range,,,314.0,126.0,success_conditional_descriptive_stability_no_physiological_validation,,,,,,,,,,,,,,,,,,,,,
0.8690962031392928,20000,20.29638465265623,0.0001404494382022472,,same_row_SSE_reduction,MC_PRECISION_INSUFFICIENT,descriptive_empirical_resampling_not_population_coverage,0,,20000,False,python_remaining,candidate_summary.json,0.011548367178477292,20.307933019834707,0.01,A_31485bf3d880360d,,,0.011548367178477292,20.307933019834707,0.0,descriptive_range,,,314.0,126.0,success_conditional_descriptive_stability_no_physiological_validation,,,,,,,,,,,,,,,,,,,,,
0.0047266013536999725,20000,0.21034799408109683,0.0001404494382022472,,coefficient_candidate_HR,MC_PRECISION_INSUFFICIENT,descriptive_empirical_resampling_not_population_coverage,0,,20000,False,python_remaining,candidate_summary.json,0.02915076673369758,0.2394987608147944,,A_6a7902472185a998,,,0.02915076673369758,0.2394987608147944,0.0,descriptive_range,,,314.0,126.0,success_conditional_descriptive_stability_no_physiological_validation,,,,,,,,,,,,,,,,,,,,,
0.001241555555607697,20000,0.0486382387538047,0.0001404494382022472,,coefficient_candidate_RR_RMSSD,MC_PRECISION_INSUFFICIENT,descriptive_empirical_resampling_not_population_coverage,0,,20000,False,python_remaining,candidate_summary.json,-0.0326717640109371,0.0159664747428676,,A_6a7902472185a998,,,-0.0326717640109371,0.0159664747428676,0.0,descriptive_range,,,314.0,126.0,success_conditional_descriptive_stability_no_physiological_validation,,,,,,,,,,,,,,,,,,,,,
0.008689358966188554,20000,0.41347314327146834,0.0001404494382022472,,coefficient_hb_within_person_SD,MC_PRECISION_INSUFFICIENT,descriptive_empirical_resampling_not_population_coverage,0,,20000,False,python_remaining,candidate_summary.json,-0.04463277625016687,0.36884036702130146,,A_6a7902472185a998,,,-0.04463277625016687,0.36884036702130146,0.0,descriptive_range,,,314.0,126.0,success_conditional_descriptive_stability_no_physiological_validation,,,,,,,,,,,,,,,,,,,,,
0.743434962007882,20000,17.623119792489604,0.0001404494382022472,,same_row_SSE_reduction,MC_PRECISION_INSUFFICIENT,descriptive_empirical_resampling_not_population_coverage,0,,20000,False,python_remaining,candidate_summary.json,0.013048437191514495,17.636168229681118,0.01,A_6a7902472185a998,,,0.013048437191514495,17.636168229681118,0.0,descriptive_range,,,314.0,126.0,success_conditional_descriptive_stability_no_physiological_validation,,,,,,,,,,,,,,,,,,,,,
0.004450043371584507,20000,0.1973416661134899,0.0001404494382022472,,coefficient_candidate_HR,MC_PRECISION_INSUFFICIENT,descriptive_empirical_resampling_not_population_coverage,0,,20000,False,python_remaining,candidate_summary.json,0.03998376099242872,0.23732542710591864,,A_99abc02406c4098e,,,0.03998376099242872,0.23732542710591864,0.0,descriptive_range,,,314.0,126.0,success_conditional_descriptive_stability_no_physiological_validation,,,,,,,,,,,,,,,,,,,,,
0.0013462088452888474,20000,0.04729115529482321,0.0001404494382022472,,coefficient_candidate_RR_RMSSD,MC_PRECISION_INSUFFICIENT,descriptive_empirical_resampling_not_population_coverage,0,,20000,False,python_remaining,candidate_summary.json,-0.03277533638209683,0.014515818912726377,,A_99abc02406c4098e,,,-0.03277533638209683,0.014515818912726377,0.0,descriptive_range,,,314.0,126.0,success_conditional_descriptive_stability_no_physiological_validation,,,,,,,,,,,,,,,,,,,,,
0.008666984286419988,20000,0.41474944806726116,0.0001404494382022472,,coefficient_hb_within_person_SD,MC_PRECISION_INSUFFICIENT,descriptive_empirical_resampling_not_population_coverage,0,,20000,False,python_remaining,candidate_summary.json,-0.4856143895919771,-0.07086494152471597,,A_99abc02406c4098e,,,-0.4856143895919771,-0.07086494152471597,0.0,descriptive_range,,,314.0,126.0,success_conditional_descriptive_stability_no_physiological_validation,,,,,,,,,,,,,,,,,,,,,
1.5748408647968404,20000,40.344566449924,0.0001404494382022472,,same_row_SSE_reduction,MC_PRECISION_INSUFFICIENT,descriptive_empirical_resampling_not_population_coverage,0,,20000,False,python_remaining,candidate_summary.json,0.890967040000362,41.235533489924364,0.01,A_99abc02406c4098e,,,0.890967040000362,41.235533489924364,0.0,descriptive_range,,,314.0,126.0,success_conditional_descriptive_stability_no_physiological_validation,,,,,,,,,,,,,,,,,,,,,
0.0043347633790362106,20000,0.2081110673808517,0.0001404494382022472,,coefficient_candidate_HR,MC_PRECISION_INSUFFICIENT,descriptive_empirical_resampling_not_population_coverage,0,,20000,False,python_remaining,candidate_summary.json,0.012529122714069118,0.2206401900949208,,A_5fc286ba79e6dac0,,,0.012529122714069118,0.2206401900949208,0.0,descriptive_range,,,314.0,126.0,success_conditional_descriptive_stability_no_physiological_validation,,,,,,,,,,,,,,,,,,,,,
0.001444350535727952,20000,0.045997395191998344,0.0001404494382022472,,coefficient_candidate_RR_RMSSD,MC_PRECISION_INSUFFICIENT,descriptive_empirical_resampling_not_population_coverage,0,,20000,False,python_remaining,candidate_summary.json,-0.03205592012925734,0.013941475062741,,A_5fc286ba79e6dac0,,,-0.03205592012925734,0.013941475062741,0.0,descriptive_range,,,314.0,126.0,success_conditional_descriptive_stability_no_physiological_validation,,,,,,,,,,,,,,,,,,,,,
0.007519689602076274,20000,0.4270971003871725,0.0001404494382022472,,coefficient_hb_within_person_SD,MC_PRECISION_MET,descriptive_empirical_resampling_not_population_coverage,0,,20000,False,python_remaining,candidate_summary.json,0.08164971493546688,0.5087468153226394,,A_5fc286ba79e6dac0,,,0.08164971493546688,0.5087468153226394,0.0,descriptive_range,,,314.0,126.0,success_conditional_descriptive_stability_no_physiological_validation,,,,,,,,,,,,,,,,,,,,,
1.1365094329604517,20000,38.04809426993205,0.0001404494382022472,,same_row_SSE_reduction,MC_PRECISION_INSUFFICIENT,descriptive_empirical_resampling_not_population_coverage,0,,20000,False,python_remaining,candidate_summary.json,1.0162912121404588,39.06438548207251,0.01,A_5fc286ba79e6dac0,,,1.0162912121404588,39.06438548207251,0.0,descriptive_range,,,314.0,126.0,success_conditional_descriptive_stability_no_physiological_validation,,,,,,,,,,,,,,,,,,,,,
0.004840329946663176,20000,0.20601348825035715,0.0001404494382022472,,coefficient_candidate_HR,MC_PRECISION_INSUFFICIENT,descriptive_empirical_resampling_not_population_coverage,0,,20000,False,python_remaining,candidate_summary.json,0.05455079334350921,0.26056428159386635,,A_335eae19c8c0c44e,,,0.05455079334350921,0.26056428159386635,0.0,descriptive_range,,,314.0,126.0,success_conditional_descriptive_stability_no_physiological_validation,,,,,,,,,,,,,,,,,,,,,
0.0013759056610047615,20000,0.04687600164345907,0.0001404494382022472,,coefficient_candidate_RR_RMSSD,MC_PRECISION_INSUFFICIENT,descriptive_empirical_resampling_not_population_coverage,0,,20000,False,python_remaining,candidate_summary.json,-0.03326016141618255,0.013615840227276523,,A_335eae19c8c0c44e,,,-0.03326016141618255,0.013615840227276523,0.0,descriptive_range,,,314.0,126.0,success_conditional_descriptive_stability_no_physiological_validation,,,,,,,,,,,,,,,,,,,,,
0.008897806423479149,20000,0.4100456360384178,0.0001404494382022472,,coefficient_hb_within_person_SD,MC_PRECISION_INSUFFICIENT,descriptive_empirical_resampling_not_population_coverage,0,,20000,False,python_remaining,candidate_summary.json,-0.2218442524706915,0.18820138356772634,,A_335eae19c8c0c44e,,,-0.2218442524706915,0.18820138356772634,0.0,descriptive_range,,,314.0,126.0,success_conditional_descriptive_stability_no_physiological_validation,,,,,,,,,,,,,,,,,,,,,
0.5950859556634782,20000,10.082540563694579,0.0001404494382022472,,same_row_SSE_reduction,MC_PRECISION_INSUFFICIENT,descriptive_empirical_resampling_not_population_coverage,0,,20000,False,python_remaining,candidate_summary.json,0.0018420188480376964,10.084382582542617,0.01,A_335eae19c8c0c44e,,,0.0018420188480376964,10.084382582542617,0.0,descriptive_range,,,314.0,126.0,success_conditional_descriptive_stability_no_physiological_validation,,,,,,,,,,,,,,,,,,,,,
0.004395587413570157,20000,0.21113054653000693,0.0001404494382022472,,coefficient_candidate_HR,MC_PRECISION_INSUFFICIENT,descriptive_empirical_resampling_not_population_coverage,0,,20000,False,python_remaining,candidate_summary.json,0.044228646481482135,0.25535919301148907,,A_89d0fe15ef9953d4,,,0.044228646481482135,0.25535919301148907,0.0,descriptive_range,,,314.0,126.0,success_conditional_descriptive_stability_no_physiological_validation,,,,,,,,,,,,,,,,,,,,,
0.00147684524926614,20000,0.04676561712877833,0.0001404494382022472,,coefficient_candidate_RR_RMSSD,MC_PRECISION_INSUFFICIENT,descriptive_empirical_resampling_not_population_coverage,0,,20000,False,python_remaining,candidate_summary.json,-0.032282065112595106,0.014483552016183229,,A_89d0fe15ef9953d4,,,-0.032282065112595106,0.014483552016183229,0.0,descriptive_range,,,314.0,126.0,success_conditional_descriptive_stability_no_physiological_validation,,,,,,,,,,,,,,,,,,,,,
0.007927951074704509,20000,0.4217512253427913,0.0001404494382022472,,coefficient_hb_within_person_SD,MC_PRECISION_MET,descriptive_empirical_resampling_not_population_coverage,0,,20000,False,python_remaining,candidate_summary.json,-0.08613269997493916,0.33561852536785214,,A_89d0fe15ef9953d4,,,-0.08613269997493916,0.33561852536785214,0.0,descriptive_range,,,314.0,126.0,success_conditional_descriptive_stability_no_physiological_validation,,,,,,,,,,,,,,,,,,,,,
0.8571521934987345,20000,16.605330733375695,0.0001404494382022472,,same_row_SSE_reduction,MC_PRECISION_INSUFFICIENT,descriptive_empirical_resampling_not_population_coverage,0,,20000,False,python_remaining,candidate_summary.json,0.006321360411561727,16.611652093787256,0.01,A_89d0fe15ef9953d4,,,0.006321360411561727,16.611652093787256,0.0,descriptive_range,,,314.0,126.0,success_conditional_descriptive_stability_no_physiological_validation,,,,,,,,,,,,,,,,,,,,,
0.004937336859272758,20000,0.21367417628185695,0.0001404494382022472,,coefficient_candidate_HR,MC_PRECISION_INSUFFICIENT,descriptive_empirical_resampling_not_population_coverage,0,,20000,False,python_remaining,candidate_summary.json,0.039438838901658745,0.2531130151835157,,A_1e9de077cec2bf6d,,,0.039438838901658745,0.2531130151835157,0.0,descriptive_range,,,314.0,126.0,success_conditional_descriptive_stability_no_physiological_validation,,,,,,,,,,,,,,,,,,,,,
0.00133226830941683,20000,0.048906895642811185,0.0001404494382022472,,coefficient_candidate_RR_RMSSD,MC_PRECISION_INSUFFICIENT,descriptive_empirical_resampling_not_population_coverage,0,,20000,False,python_remaining,candidate_summary.json,-0.035131976624724746,0.01377491901808644,,A_1e9de077cec2bf6d,,,-0.035131976624724746,0.01377491901808644,0.0,descriptive_range,,,314.0,126.0,success_conditional_descriptive_stability_no_physiological_validation,,,,,,,,,,,,,,,,,,,,,
0.0084780830554394,20000,0.4165496841541516,0.0001404494382022472,,coefficient_hb_within_person_SD,MC_PRECISION_INSUFFICIENT,descriptive_empirical_resampling_not_population_coverage,0,,20000,False,python_remaining,candidate_summary.json,-0.31661099391784603,0.09993869023630558,,A_1e9de077cec2bf6d,,,-0.31661099391784603,0.09993869023630558,0.0,descriptive_range,,,314.0,126.0,success_conditional_descriptive_stability_no_physiological_validation,,,,,,,,,,,,,,,,,,,,,
0.8743183124208258,20000,16.642557903280647,0.0001404494382022472,,same_row_SSE_reduction,MC_PRECISION_INSUFFICIENT,descriptive_empirical_resampling_not_population_coverage,0,,20000,False,python_remaining,candidate_summary.json,0.00513430672145887,16.647692210002106,0.01,A_1e9de077cec2bf6d,,,0.00513430672145887,16.647692210002106,0.0,descriptive_range,,,314.0,126.0,success_conditional_descriptive_stability_no_physiological_validation,,,,,,,,,,,,,,,,,,,,,
0.005438180237995777,20000,0.2223576074011207,0.0001404494382022472,,coefficient_candidate_HR,MC_PRECISION_INSUFFICIENT,descriptive_empirical_resampling_not_population_coverage,0,,20000,False,python_remaining,candidate_summary.json,0.04763614627442979,0.2699937536755505,,A_9983802c08d656bf,,,0.04763614627442979,0.2699937536755505,0.0,descriptive_range,,,309.0,124.0,success_conditional_descriptive_stability_no_physiological_validation,,,,,,,,,,,,,,,,,,,,,
0.001612379679982047,20000,0.0500549131897428,0.0001404494382022472,,coefficient_candidate_RR_RMSSD,MC_PRECISION_INSUFFICIENT,descriptive_empirical_resampling_not_population_coverage,0,,20000,False,python_remaining,candidate_summary.json,-0.0345082337376329,0.015546679452109902,,A_9983802c08d656bf,,,-0.0345082337376329,0.015546679452109902,0.0,descriptive_range,,,309.0,124.0,success_conditional_descriptive_stability_no_physiological_validation,,,,,,,,,,,,,,,,,,,,,
0.008998814498213048,20000,0.4149337446904651,0.0001404494382022472,,coefficient_hb_within_person_SD,MC_PRECISION_INSUFFICIENT,descriptive_empirical_resampling_not_population_coverage,0,,20000,False,python_remaining,candidate_summary.json,-0.26846836001048785,0.14646538467997727,,A_9983802c08d656bf,,,-0.26846836001048785,0.14646538467997727,0.0,descriptive_range,,,309.0,124.0,success_conditional_descriptive_stability_no_physiological_validation,,,,,,,,,,,,,,,,,,,,,
0.6459005681181793,20000,11.189274582421007,0.0001404494382022472,,same_row_SSE_reduction,MC_PRECISION_INSUFFICIENT,descriptive_empirical_resampling_not_population_coverage,0,,20000,False,python_remaining,candidate_summary.json,0.002545431799688913,11.191820014220696,0.01,A_9983802c08d656bf,,,0.002545431799688913,11.191820014220696,0.0,descriptive_range,,,309.0,124.0,success_conditional_descriptive_stability_no_physiological_validation,,,,,,,,,,,,,,,,,,,,,
0.005304615100318669,20000,0.20186325308313205,0.0001404494382022472,,coefficient_candidate_HR,MC_PRECISION_INSUFFICIENT,descriptive_empirical_resampling_not_population_coverage,0,,20000,False,python_remaining,candidate_summary.json,0.04809035661601769,0.24995360969914973,,A_db59ef5ef9d5645d,,,0.04809035661601769,0.24995360969914973,0.0,descriptive_range,,,309.0,124.0,success_conditional_descriptive_stability_no_physiological_validation,,,,,,,,,,,,,,,,,,,,,
0.0016299649155896226,20000,0.04997219634375522,0.0001404494382022472,,coefficient_candidate_RR_RMSSD,MC_PRECISION_INSUFFICIENT,descriptive_empirical_resampling_not_population_coverage,0,,20000,False,python_remaining,candidate_summary.json,-0.034804196442044535,0.015167999901710688,,A_db59ef5ef9d5645d,,,-0.034804196442044535,0.015167999901710688,0.0,descriptive_range,,,309.0,124.0,success_conditional_descriptive_stability_no_physiological_validation,,,,,,,,,,,,,,,,,,,,,
0.008471253314301042,20000,0.3934669183413124,0.0001404494382022472,,coefficient_hb_within_person_SD,MC_PRECISION_INSUFFICIENT,descriptive_empirical_resampling_not_population_coverage,0,,20000,False,python_remaining,candidate_summary.json,-0.17253281508368837,0.22093410325762405,,A_db59ef5ef9d5645d,,,-0.17253281508368837,0.22093410325762405,0.0,descriptive_range,,,309.0,124.0,success_conditional_descriptive_stability_no_physiological_validation,,,,,,,,,,,,,,,,,,,,,
0.5887579328723973,20000,9.563179615831757,0.0001404494382022472,,same_row_SSE_reduction,MC_PRECISION_INSUFFICIENT,descriptive_empirical_resampling_not_population_coverage,0,,20000,False,python_remaining,candidate_summary.json,0.0018899137764378793,9.565069529608195,0.01,A_db59ef5ef9d5645d,,,0.0018899137764378793,9.565069529608195,0.0,descriptive_range,,,309.0,124.0,success_conditional_descriptive_stability_no_physiological_validation,,,,,,,,,,,,,,,,,,,,,
0.005098908504955212,20000,0.20438614257675436,0.0001404494382022472,,coefficient_candidate_HR,MC_PRECISION_INSUFFICIENT,descriptive_empirical_resampling_not_population_coverage,0,,20000,False,python_remaining,candidate_summary.json,0.03226807516160822,0.23665421773836257,,A_b87ce68fc30fd1a4,,,0.03226807516160822,0.23665421773836257,0.0,descriptive_range,,,301.0,121.0,success_conditional_descriptive_stability_no_physiological_validation,,,,,,,,,,,,,,,,,,,,,
0.0016574438410520906,20000,0.048643149276433574,0.0001404494382022472,,coefficient_candidate_RR_RMSSD,MC_PRECISION_INSUFFICIENT,descriptive_empirical_resampling_not_population_coverage,0,,20000,False,python_remaining,candidate_summary.json,-0.036576534119690494,0.012066615156743081,,A_b87ce68fc30fd1a4,,,-0.036576534119690494,0.012066615156743081,0.0,descriptive_range,,,301.0,121.0,success_conditional_descriptive_stability_no_physiological_validation,,,,,,,,,,,,,,,,,,,,,
0.007763883748000633,20000,0.4092174474743362,0.0001404494382022472,,coefficient_hb_within_person_SD,MC_PRECISION_MET,descriptive_empirical_resampling_not_population_coverage,0,,20000,False,python_remaining,candidate_summary.json,-0.07525172572548297,0.3339657217488532,,A_b87ce68fc30fd1a4,,,-0.07525172572548297,0.3339657217488532,0.0,descriptive_range,,,301.0,121.0,success_conditional_descriptive_stability_no_physiological_validation,,,,,,,,,,,,,,,,,,,,,
0.862654860558763,20000,17.976167839447896,0.0001404494382022472,,same_row_SSE_reduction,MC_PRECISION_INSUFFICIENT,descriptive_empirical_resampling_not_population_coverage,0,,20000,False,python_remaining,candidate_summary.json,0.00801316629883786,17.984181005746734,0.01,A_b87ce68fc30fd1a4,,,0.00801316629883786,17.984181005746734,0.0,descriptive_range,,,301.0,121.0,success_conditional_descriptive_stability_no_physiological_validation,,,,,,,,,,,,,,,,,,,,,
0.004142606003830179,20000,0.20528966469243964,0.0001404494382022472,,coefficient_candidate_HR,MC_PRECISION_INSUFFICIENT,descriptive_empirical_resampling_not_population_coverage,0,,20000,False,python_remaining,candidate_summary.json,0.03678817669452151,0.24207784138696115,,A_5a33a4b21d923fa9,,,0.03678817669452151,0.24207784138696115,0.0,descriptive_range,,,301.0,121.0,success_conditional_descriptive_stability_no_physiological_validation,,,,,,,,,,,,,,,,,,,,,
0.0011698034987410247,20000,0.047579809638056136,0.0001404494382022472,,coefficient_candidate_RR_RMSSD,MC_PRECISION_INSUFFICIENT,descriptive_empirical_resampling_not_population_coverage,0,,20000,False,python_remaining,candidate_summary.json,-0.03593644969630377,0.011643359941752368,,A_5a33a4b21d923fa9,,,-0.03593644969630377,0.011643359941752368,0.0,descriptive_range,,,301.0,121.0,success_conditional_descriptive_stability_no_physiological_validation,,,,,,,,,,,,,,,,,,,,,
0.008349639260037386,20000,0.40866282463057646,0.0001404494382022472,,coefficient_hb_within_person_SD,MC_PRECISION_INSUFFICIENT,descriptive_empirical_resampling_not_population_coverage,0,,20000,False,python_remaining,candidate_summary.json,-0.35637617739601374,0.05228664723456274,,A_5a33a4b21d923fa9,,,-0.35637617739601374,0.05228664723456274,0.0,descriptive_range,,,301.0,121.0,success_conditional_descriptive_stability_no_physiological_validation,,,,,,,,,,,,,,,,,,,,,
0.861237661085795,20000,21.686503662320035,0.0001404494382022472,,same_row_SSE_reduction,MC_PRECISION_INSUFFICIENT,descriptive_empirical_resampling_not_population_coverage,0,,20000,False,python_remaining,candidate_summary.json,0.014251604327682799,21.700755266647718,0.01,A_5a33a4b21d923fa9,,,0.014251604327682799,21.700755266647718,0.0,descriptive_range,,,301.0,121.0,success_conditional_descriptive_stability_no_physiological_validation,,,,,,,,,,,,,,,,,,,,,
0.004704393476001913,20000,0.20257634814689174,0.0001404494382022472,,coefficient_candidate_HR,MC_PRECISION_INSUFFICIENT,descriptive_empirical_resampling_not_population_coverage,0,,20000,False,python_remaining,candidate_summary.json,0.04138894069457584,0.24396528884146756,,A_ecaa558badfe6c09,,,0.04138894069457584,0.24396528884146756,0.0,descriptive_range,,,309.0,124.0,success_conditional_descriptive_stability_no_physiological_validation,,,,,,,,,,,,,,,,,,,,,
0.001307500121886615,20000,0.04891465802852693,0.0001404494382022472,,coefficient_candidate_RR_RMSSD,MC_PRECISION_INSUFFICIENT,descriptive_empirical_resampling_not_population_coverage,0,,20000,False,python_remaining,candidate_summary.json,-0.03421425342581293,0.014700404602714,,A_ecaa558badfe6c09,,,-0.03421425342581293,0.014700404602714,0.0,descriptive_range,,,309.0,124.0,success_conditional_descriptive_stability_no_physiological_validation,,,,,,,,,,,,,,,,,,,,,
0.009375858867600534,20000,0.41074183302633516,0.0001404494382022472,,coefficient_hb_within_person_SD,MC_PRECISION_INSUFFICIENT,descriptive_empirical_resampling_not_population_coverage,0,,20000,False,python_remaining,candidate_summary.json,-0.15975305097506995,0.25098878205126524,,A_ecaa558badfe6c09,,,-0.15975305097506995,0.25098878205126524,0.0,descriptive_range,,,309.0,124.0,success_conditional_descriptive_stability_no_physiological_validation,,,,,,,,,,,,,,,,,,,,,
0.6128901612798927,20000,10.819392800241985,0.0001404494382022472,,same_row_SSE_reduction,MC_PRECISION_INSUFFICIENT,descriptive_empirical_resampling_not_population_coverage,0,,20000,False,python_remaining,candidate_summary.json,0.0023527819687956253,10.82174558221078,0.01,A_ecaa558badfe6c09,,,0.0023527819687956253,10.82174558221078,0.0,descriptive_range,,,309.0,124.0,success_conditional_descriptive_stability_no_physiological_validation,,,,,,,,,,,,,,,,,,,,,
0.004148375689471573,20000,0.20408262661062654,0.0001404494382022472,,coefficient_candidate_HR,MC_PRECISION_INSUFFICIENT,descriptive_empirical_resampling_not_population_coverage,0,,20000,False,python_remaining,candidate_summary.json,0.05072814856620794,0.2548107751768345,,A_20d3dddff12f1f5d,,,0.05072814856620794,0.2548107751768345,0.0,descriptive_range,,,309.0,124.0,success_conditional_descriptive_stability_no_physiological_validation,,,,,,,,,,,,,,,,,,,,,
0.0013163328351485093,20000,0.04963958013885188,0.0001404494382022472,,coefficient_candidate_RR_RMSSD,MC_PRECISION_INSUFFICIENT,descriptive_empirical_resampling_not_population_coverage,0,,20000,False,python_remaining,candidate_summary.json,-0.03387950921482622,0.015760070924025656,,A_20d3dddff12f1f5d,,,-0.03387950921482622,0.015760070924025656,0.0,descriptive_range,,,309.0,124.0,success_conditional_descriptive_stability_no_physiological_validation,,,,,,,,,,,,,,,,,,,,,
0.00737446685851223,20000,0.40486943048870017,0.0001404494382022472,,coefficient_hb_within_person_SD,MC_PRECISION_MET,descriptive_empirical_resampling_not_population_coverage,0,,20000,False,python_remaining,candidate_summary.json,-0.15319574415588014,0.25167368633282,,A_20d3dddff12f1f5d,,,-0.15319574415588014,0.25167368633282,0.0,descriptive_range,,,309.0,124.0,success_conditional_descriptive_stability_no_physiological_validation,,,,,,,,,,,,,,,,,,,,,
0.6013925141037362,20000,11.27028016231327,0.0001404494382022472,,same_row_SSE_reduction,MC_PRECISION_INSUFFICIENT,descriptive_empirical_resampling_not_population_coverage,0,,20000,False,python_remaining,candidate_summary.json,0.0019705481806795433,11.27225071049395,0.01,A_20d3dddff12f1f5d,,,0.0019705481806795433,11.27225071049395,0.0,descriptive_range,,,309.0,124.0,success_conditional_descriptive_stability_no_physiological_validation,,,,,,,,,,,,,,,,,,,,,
0.004676947832361413,20000,0.2139792639819134,0.0001404494382022472,,coefficient_candidate_HR,MC_PRECISION_INSUFFICIENT,descriptive_empirical_resampling_not_population_coverage,0,,20000,False,python_remaining,candidate_summary.json,0.01769946882925416,0.23167873281116755,,A_cb91d0f5af9d4a82,,,0.01769946882925416,0.23167873281116755,0.0,descriptive_range,,,309.0,124.0,success_conditional_descriptive_stability_no_physiological_validation,,,,,,,,,,,,,,,,,,,,,
0.0013234367816582701,20000,0.04750289231219679,0.0001404494382022472,,coefficient_candidate_RR_RMSSD,MC_PRECISION_INSUFFICIENT,descriptive_empirical_resampling_not_population_coverage,0,,20000,False,python_remaining,candidate_summary.json,-0.03531499429363558,0.012187898018561205,,A_cb91d0f5af9d4a82,,,-0.03531499429363558,0.012187898018561205,0.0,descriptive_range,,,309.0,124.0,success_conditional_descriptive_stability_no_physiological_validation,,,,,,,,,,,,,,,,,,,,,
0.008319270957669135,20000,0.41378944222185815,0.0001404494382022472,,coefficient_hb_within_person_SD,MC_PRECISION_INSUFFICIENT,descriptive_empirical_resampling_not_population_coverage,0,,20000,False,python_remaining,candidate_summary.json,-0.030764708481366476,0.3830247337404917,,A_cb91d0f5af9d4a82,,,-0.030764708481366476,0.3830247337404917,0.0,descriptive_range,,,309.0,124.0,success_conditional_descriptive_stability_no_physiological_validation,,,,,,,,,,,,,,,,,,,,,
0.9864974141133303,20000,23.367265484868994,0.0001404494382022472,,same_row_SSE_reduction,MC_PRECISION_INSUFFICIENT,descriptive_empirical_resampling_not_population_coverage,0,,20000,False,python_remaining,candidate_summary.json,0.024106651646150112,23.391372136515145,0.01,A_cb91d0f5af9d4a82,,,0.024106651646150112,23.391372136515145,0.0,descriptive_range,,,309.0,124.0,success_conditional_descriptive_stability_no_physiological_validation,,,,,,,,,,,,,,,,,,,,,
0.00456754812880239,20000,0.20508923534198098,0.0001404494382022472,,coefficient_candidate_HR,MC_PRECISION_INSUFFICIENT,descriptive_empirical_resampling_not_population_coverage,0,,20000,False,python_remaining,candidate_summary.json,0.03816323517168622,0.2432524705136672,,A_2cde923009f3a4c2,,,0.03816323517168622,0.2432524705136672,0.0,descriptive_range,,,309.0,124.0,success_conditional_descriptive_stability_no_physiological_validation,,,,,,,,,,,,,,,,,,,,,
0.0014002521045337196,20000,0.047921260887181925,0.0001404494382022472,,coefficient_candidate_RR_RMSSD,MC_PRECISION_INSUFFICIENT,descriptive_empirical_resampling_not_population_coverage,0,,20000,False,python_remaining,candidate_summary.json,-0.03713969865863208,0.010781562228549849,,A_2cde923009f3a4c2,,,-0.03713969865863208,0.010781562228549849,0.0,descriptive_range,,,309.0,124.0,success_conditional_descriptive_stability_no_physiological_validation,,,,,,,,,,,,,,,,,,,,,
0.007457220790302116,20000,0.38941049270003225,0.0001404494382022472,,coefficient_hb_within_person_SD,MC_PRECISION_MET,descriptive_empirical_resampling_not_population_coverage,0,,20000,False,python_remaining,candidate_summary.json,-0.30184435189480996,0.08756614080522229,,A_2cde923009f3a4c2,,,-0.30184435189480996,0.08756614080522229,0.0,descriptive_range,,,309.0,124.0,success_conditional_descriptive_stability_no_physiological_validation,,,,,,,,,,,,,,,,,,,,,
0.7334964441261036,20000,16.152353526429295,0.0001404494382022472,,same_row_SSE_reduction,MC_PRECISION_INSUFFICIENT,descriptive_empirical_resampling_not_population_coverage,0,,20000,False,python_remaining,candidate_summary.json,0.005695328207536932,16.15804885463683,0.01,A_2cde923009f3a4c2,,,0.005695328207536932,16.15804885463683,0.0,descriptive_range,,,309.0,124.0,success_conditional_descriptive_stability_no_physiological_validation,,,,,,,,,,,,,,,,,,,,,
0.009821428571428203,200000,0.5,0.00026041666666666666,3.1,raw_1_20_at_least_3_pairs_mean_vas,MC_PRECISION_MET,descriptive_empirical_resampling_not_population_coverage,0,VAS,200000,False,variability,U06_variability_summary.json,2.9285714285714284,3.4285714285714284,,,,,,,,,,,,,,,,0.01,median,213.0,215.0,204.0,,,,,,,,,,,,,,
0.008390171866103913,200000,0.23130028316202855,0.00026041666666666666,1.449137674618944,raw_1_20_at_least_3_pairs_sample_sd,MC_PRECISION_INSUFFICIENT,descriptive_empirical_resampling_not_population_coverage,0,VAS,200000,False,variability,U06_variability_summary.json,1.3178930553209383,1.5491933384829668,,,,,,,,,,,,,,,,0.01,median,213.0,215.0,204.0,,,,,,,,,,,,,,
0.0,200000,0.23886639676113364,0.00026041666666666666,0.7894736842105263,raw_1_20_at_least_3_pairs_mssd,MC_PRECISION_MET,descriptive_empirical_resampling_not_population_coverage,0,VAS_squared,200000,False,variability,U06_variability_summary.json,0.6842105263157895,0.9230769230769231,,,,,,,,,,,,,,,,0.01,median,213.0,215.0,204.0,,,,,,,,,,,,,,
0.0,200000,0.1335987309620117,0.00026041666666666666,0.8885233166386386,raw_1_20_at_least_3_pairs_rmssd,MC_PRECISION_MET,descriptive_empirical_resampling_not_population_coverage,0,VAS,200000,False,variability,U06_variability_summary.json,0.8271701918685112,0.9607689228305228,,,,,,,,,,,,,,,,0.01,median,213.0,215.0,204.0,,,,,,,,,,,,,,
0.0,200000,0.0625,0.00026041666666666666,0.0,raw_1_20_at_least_3_pairs_mean_adjacent_change,MC_PRECISION_MET,descriptive_empirical_resampling_not_population_coverage,0,VAS,200000,False,variability,U06_variability_summary.json,-0.0625,0.0,,,,,,,,,,,,,,,,0.01,median,213.0,215.0,204.0,,,,,,,,,,,,,,
0.011358024691357937,200000,0.2068531116150164,0.00026041666666666666,0.7288888888888889,raw_1_20_at_least_3_pairs_centered_change_ms,MC_PRECISION_INSUFFICIENT,descriptive_empirical_resampling_not_population_coverage,0,VAS_squared,200000,False,variability,U06_variability_summary.json,0.6326530612244898,0.8395061728395062,,,,,,,,,,,,,,,,0.01,median,213.0,215.0,204.0,,,,,,,,,,,,,,
0.0,200000,0.8999999999999999,0.00026041666666666666,3.4000000000000004,raw_1_20_complete_window_mean_vas,MC_PRECISION_MET,descriptive_empirical_resampling_not_population_coverage,0,VAS,200000,False,variability,U06_variability_summary.json,3.1,4.0,,,,,,,,,,,,,,,,0.01,median,56.0,84.0,29.0,,,,,,,,,,,,,,
0.015706107393236524,200000,0.6467090830625939,0.00026041666666666666,1.4504932626227327,raw_1_20_complete_window_sample_sd,MC_PRECISION_INSUFFICIENT,descriptive_empirical_resampling_not_population_coverage,0,VAS,200000,False,variability,U06_variability_summary.json,1.1964860832322377,1.8431951662948316,,,,,,,,,,,,,,,,0.01,median,56.0,84.0,29.0,,,,,,,,,,,,,,
0.02631578947368418,200000,0.736842105263158,0.00026041666666666666,0.8157894736842105,raw_1_20_complete_window_mssd,MC_PRECISION_INSUFFICIENT,descriptive_empirical_resampling_not_population_coverage,0,VAS_squared,200000,False,variability,U06_variability_summary.json,0.5789473684210527,1.3157894736842106,,,,,,,,,,,,,,,,0.01,median,56.0,84.0,29.0,,,,,,,,,,,,,,
0.016916751993172108,200000,0.3861927591001266,0.00026041666666666666,0.9030931260604429,raw_1_20_complete_window_rmssd,MC_PRECISION_INSUFFICIENT,descriptive_empirical_resampling_not_population_coverage,0,VAS,200000,False,variability,U06_variability_summary.json,0.7608859102526822,1.1470786693528088,,,,,,,,,,,,,,,,0.01,median,56.0,84.0,29.0,,,,,,,,,,,,,,
0.0,200000,0.05263157894736842,0.00026041666666666666,0.0,raw_1_20_complete_window_mean_adjacent_change,MC_PRECISION_MET,descriptive_empirical_resampling_not_population_coverage,0,VAS,200000,False,variability,U06_variability_summary.json,0.0,0.05263157894736842,,,,,,,,,,,,,,,,0.01,median,56.0,84.0,29.0,,,,,,,,,,,,,,
0.02493074792243788,200000,0.7368421052631581,0.00026041666666666666,0.8088642659279779,raw_1_20_complete_window_centered_change_ms,MC_PRECISION_INSUFFICIENT,descriptive_empirical_resampling_not_population_coverage,0,VAS_squared,200000,False,variability,U06_variability_summary.json,0.5761772853185595,1.3130193905817176,,,,,,,,,,,,,,,,0.01,median,56.0,84.0,29.0,,,,,,,,,,,,,,
0.0,200000,0.5,0.00026041666666666666,3.6,raw_1_10_at_least_3_pairs_mean_vas,MC_PRECISION_MET,descriptive_empirical_resampling_not_population_coverage,0,VAS,200000,False,variability,U06_variability_summary.json,3.4,3.9,,,,,,,,,,,,,,,,0.01,median,213.0,215.0,204.0,,,,,,,,,,,,,,
0.006102316641041661,200000,0.25350146615804814,0.00026041666666666666,1.2292725943057183,raw_1_10_at_least_3_pairs_sample_sd,MC_PRECISION_INSUFFICIENT,descriptive_empirical_resampling_not_population_coverage,0,VAS,200000,False,variability,U06_variability_summary.json,1.1005049346146119,1.35400640077266,,,,,,,,,,,,,,,,0.01,median,213.0,215.0,204.0,,,,,,,,,,,,,,
0.0,200000,0.2222222222222222,0.00026041666666666666,0.8888888888888888,raw_1_10_at_least_3_pairs_mssd,MC_PRECISION_MET,descriptive_empirical_resampling_not_population_coverage,0,VAS_squared,200000,False,variability,U06_variability_summary.json,0.7777777777777778,1.0,,,,,,,,,,,,,,,,0.01,median,213.0,215.0,204.0,,,,,,,,,,,,,,
0.0,200000,0.11808289631180313,0.00026041666666666666,0.9428090415820634,raw_1_10_at_least_3_pairs_rmssd,MC_PRECISION_MET,descriptive_empirical_resampling_not_population_coverage,0,VAS,200000,False,variability,U06_variability_summary.json,0.8819171036881969,1.0,,,,,,,,,,,,,,,,0.01,median,213.0,215.0,204.0,,,,,,,,,,,,,,
0.0,200000,0.1111111111111111,0.00026041666666666666,0.0,raw_1_10_at_least_3_pairs_mean_adjacent_change,MC_PRECISION_MET,descriptive_empirical_resampling_not_population_coverage,0,VAS,200000,False,variability,U06_variability_summary.json,0.0,0.1111111111111111,,,,,,,,,,,,,,,,0.01,median,213.0,215.0,204.0,,,,,,,,,,,,,,
0.0,200000,0.2716049382716048,0.00026041666666666666,0.691358024691358,raw_1_10_at_least_3_pairs_centered_change_ms,MC_PRECISION_MET,descriptive_empirical_resampling_not_population_coverage,0,VAS_squared,200000,False,variability,U06_variability_summary.json,0.617283950617284,0.8888888888888888,,,,,,,,,,,,,,,,0.01,median,213.0,215.0,204.0,,,,,,,,,,,,,,
0.0,200000,0.5,0.00026041666666666666,3.6,raw_1_10_complete_window_mean_vas,MC_PRECISION_MET,descriptive_empirical_resampling_not_population_coverage,0,VAS,200000,False,variability,U06_variability_summary.json,3.4,3.9,,,,,,,,,,,,,,,,0.01,median,206.0,215.0,191.0,,,,,,,,,,,,,,
0.002577874980751682,200000,0.28000612723167007,0.00026041666666666666,1.2292725943057183,raw_1_10_complete_window_sample_sd,MC_PRECISION_MET,descriptive_empirical_resampling_not_population_coverage,0,VAS,200000,False,variability,U06_variability_summary.json,1.0903141921746276,1.3703203194062976,,,,,,,,,,,,,,,,0.01,median,206.0,215.0,191.0,,,,,,,,,,,,,,
0.0,200000,0.2222222222222222,0.00026041666666666666,0.8888888888888888,raw_1_10_complete_window_mssd,MC_PRECISION_MET,descriptive_empirical_resampling_not_population_coverage,0,VAS_squared,200000,False,variability,U06_variability_summary.json,0.7777777777777778,1.0,,,,,,,,,,,,,,,,0.01,median,206.0,215.0,191.0,,,,,,,,,,,,,,
0.0,200000,0.11808289631180313,0.00026041666666666666,0.9428090415820634,raw_1_10_complete_window_rmssd,MC_PRECISION_MET,descriptive_empirical_resampling_not_population_coverage,0,VAS,200000,False,variability,U06_variability_summary.json,0.8819171036881969,1.0,,,,,,,,,,,,,,,,0.01,median,206.0,215.0,191.0,,,,,,,,,,,,,,
0.0,200000,0.1111111111111111,0.00026041666666666666,0.0,raw_1_10_complete_window_mean_adjacent_change,MC_PRECISION_MET,descriptive_empirical_resampling_not_population_coverage,0,VAS,200000,False,variability,U06_variability_summary.json,0.0,0.1111111111111111,,,,,,,,,,,,,,,,0.01,median,206.0,215.0,191.0,,,,,,,,,,,,,,
0.0,200000,0.2222222222222221,0.00026041666666666666,0.691358024691358,raw_1_10_complete_window_centered_change_ms,MC_PRECISION_MET,descriptive_empirical_resampling_not_population_coverage,0,VAS_squared,200000,False,variability,U06_variability_summary.json,0.6666666666666667,0.8888888888888888,,,,,,,,,,,,,,,,0.01,median,206.0,215.0,191.0,,,,,,,,,,,,,,
0.0,200000,0.8000000000000003,0.00026041666666666666,3.6,raw_1_5_at_least_3_pairs_mean_vas,MC_PRECISION_MET,descriptive_empirical_resampling_not_population_coverage,0,VAS,200000,False,variability,U06_variability_summary.json,3.4,4.2,,,,,,,,,,,,,,,,0.01,median,213.0,215.0,204.0,,,,,,,,,,,,,,
0.0,200000,0.3035153985650625,0.00026041666666666666,1.0954451150103321,raw_1_5_at_least_3_pairs_sample_sd,MC_PRECISION_MET,descriptive_empirical_resampling_not_population_coverage,0,VAS,200000,False,variability,U06_variability_summary.json,0.8366600265340756,1.140175425099138,,,,,,,,,,,,,,,,0.01,median,213.0,215.0,204.0,,,,,,,,,,,,,,
0.0,200000,0.5,0.00026041666666666666,1.25,raw_1_5_at_least_3_pairs_mssd,MC_PRECISION_MET,descriptive_empirical_resampling_not_population_coverage,0,VAS_squared,200000,False,variability,U06_variability_summary.json,0.75,1.25,,,,,,,,,,,,,,,,0.01,median,213.0,215.0,204.0,,,,,,,,,,,,,,
0.0,200000,0.2520085849654563,0.00026041666666666666,1.118033988749895,raw_1_5_at_least_3_pairs_rmssd,MC_PRECISION_MET,descriptive_empirical_resampling_not_population_coverage,0,VAS,200000,False,variability,U06_variability_summary.json,0.8660254037844386,1.118033988749895,,,,,,,,,,,,,,,,0.01,median,213.0,215.0,204.0,,,,,,,,,,,,,,
0.0,200000,0.0,0.00026041666666666666,0.25,raw_1_5_at_least_3_pairs_mean_adjacent_change,MC_PRECISION_MET,descriptive_empirical_resampling_not_population_coverage,0,VAS,200000,True,variability,U06_variability_summary.json,0.25,0.25,,,,,,,,,,,,,,,,0.01,median,213.0,215.0,204.0,,,,,,,,,,,,,,
0.0,200000,0.1875,0.00026041666666666666,0.6875,raw_1_5_at_least_3_pairs_centered_change_ms,MC_PRECISION_MET,descriptive_empirical_resampling_not_population_coverage,0,VAS_squared,200000,False,variability,U06_variability_summary.json,0.5,0.6875,,,,,,,,,,,,,,,,0.01,median,213.0,215.0,204.0,,,,,,,,,,,,,,
0.0,200000,0.8000000000000003,0.00026041666666666666,3.6,raw_1_5_complete_window_mean_vas,MC_PRECISION_MET,descriptive_empirical_resampling_not_population_coverage,0,VAS,200000,False,variability,U06_variability_summary.json,3.4,4.2,,,,,,,,,,,,,,,,0.01,median,212.0,215.0,201.0,,,,,,,,,,,,,,
0.0,200000,0.3035153985650625,0.00026041666666666666,1.0954451150103321,raw_1_5_complete_window_sample_sd,MC_PRECISION_MET,descriptive_empirical_resampling_not_population_coverage,0,VAS,200000,False,variability,U06_variability_summary.json,0.8366600265340756,1.140175425099138,,,,,,,,,,,,,,,,0.01,median,212.0,215.0,201.0,,,,,,,,,,,,,,
0.0,200000,0.5,0.00026041666666666666,1.125,raw_1_5_complete_window_mssd,MC_PRECISION_MET,descriptive_empirical_resampling_not_population_coverage,0,VAS_squared,200000,False,variability,U06_variability_summary.json,0.75,1.25,,,,,,,,,,,,,,,,0.01,median,212.0,215.0,201.0,,,,,,,,,,,,,,
0.0,200000,0.2520085849654563,0.00026041666666666666,1.0590169943749475,raw_1_5_complete_window_rmssd,MC_PRECISION_MET,descriptive_empirical_resampling_not_population_coverage,0,VAS,200000,False,variability,U06_variability_summary.json,0.8660254037844386,1.118033988749895,,,,,,,,,,,,,,,,0.01,median,212.0,215.0,201.0,,,,,,,,,,,,,,
0.0,200000,0.0,0.00026041666666666666,0.25,raw_1_5_complete_window_mean_adjacent_change,MC_PRECISION_MET,descriptive_empirical_resampling_not_population_coverage,0,VAS,200000,True,variability,U06_variability_summary.json,0.25,0.25,,,,,,,,,,,,,,,,0.01,median,212.0,215.0,201.0,,,,,,,,,,,,,,
0.0,200000,0.1875,0.00026041666666666666,0.6875,raw_1_5_complete_window_centered_change_ms,MC_PRECISION_MET,descriptive_empirical_resampling_not_population_coverage,0,VAS_squared,200000,False,variability,U06_variability_summary.json,0.5,0.6875,,,,,,,,,,,,,,,,0.01,median,212.0,215.0,201.0,,,,,,,,,,,,,,
0.0,200000,0.8000000000000003,0.00026041666666666666,3.2,raw_6_10_at_least_3_pairs_mean_vas,MC_PRECISION_MET,descriptive_empirical_resampling_not_population_coverage,0,VAS,200000,False,variability,U06_variability_summary.json,2.8,3.6,,,,,,,,,,,,,,,,0.01,median,208.0,215.0,195.0,,,,,,,,,,,,,,
0.0,200000,0.2889374690289095,0.00026041666666666666,0.5477225575051661,raw_6_10_at_least_3_pairs_sample_sd,MC_PRECISION_MET,descriptive_empirical_resampling_not_population_coverage,0,VAS,200000,False,variability,U06_variability_summary.json,0.5477225575051661,0.8366600265340756,,,,,,,,,,,,,,,,0.01,median,208.0,215.0,195.0,,,,,,,,,,,,,,
0.0,200000,0.0,0.00026041666666666666,0.5,raw_6_10_at_least_3_pairs_mssd,MC_PRECISION_MET,descriptive_empirical_resampling_not_population_coverage,0,VAS_squared,200000,True,variability,U06_variability_summary.json,0.5,0.5,,,,,,,,,,,,,,,,0.01,median,208.0,215.0,195.0,,,,,,,,,,,,,,
0.0,200000,0.0,0.00026041666666666666,0.7071067811865476,raw_6_10_at_least_3_pairs_rmssd,MC_PRECISION_MET,descriptive_empirical_resampling_not_population_coverage,0,VAS,200000,True,variability,U06_variability_summary.json,0.7071067811865476,0.7071067811865476,,,,,,,,,,,,,,,,0.01,median,208.0,215.0,195.0,,,,,,,,,,,,,,
0.0,200000,0.25,0.00026041666666666666,0.0,raw_6_10_at_least_3_pairs_mean_adjacent_change,MC_PRECISION_MET,descriptive_empirical_resampling_not_population_coverage,0,VAS,200000,False,variability,U06_variability_summary.json,-0.25,0.0,,,,,,,,,,,,,,,,0.01,median,208.0,215.0,195.0,,,,,,,,,,,,,,
0.0,200000,0.25,0.00026041666666666666,0.25,raw_6_10_at_least_3_pairs_centered_change_ms,MC_PRECISION_MET,descriptive_empirical_resampling_not_population_coverage,0,VAS_squared,200000,False,variability,U06_variability_summary.json,0.25,0.5,,,,,,,,,,,,,,,,0.01,median,208.0,215.0,195.0,,,,,,,,,,,,,,
0.0,200000,0.8000000000000003,0.00026041666666666666,3.2,raw_6_10_complete_window_mean_vas,MC_PRECISION_MET,descriptive_empirical_resampling_not_population_coverage,0,VAS,200000,False,variability,U06_variability_summary.json,2.8,3.6,,,,,,,,,,,,,,,,0.01,median,206.0,215.0,191.0,,,,,,,,,,,,,,
0.0,200000,0.2889374690289095,0.00026041666666666666,0.5477225575051661,raw_6_10_complete_window_sample_sd,MC_PRECISION_MET,descriptive_empirical_resampling_not_population_coverage,0,VAS,200000,False,variability,U06_variability_summary.json,0.5477225575051661,0.8366600265340756,,,,,,,,,,,,,,,,0.01,median,206.0,215.0,191.0,,,,,,,,,,,,,,
0.0,200000,0.0,0.00026041666666666666,0.5,raw_6_10_complete_window_mssd,MC_PRECISION_MET,descriptive_empirical_resampling_not_population_coverage,0,VAS_squared,200000,True,variability,U06_variability_summary.json,0.5,0.5,,,,,,,,,,,,,,,,0.01,median,206.0,215.0,191.0,,,,,,,,,,,,,,
0.0,200000,0.0,0.00026041666666666666,0.7071067811865476,raw_6_10_complete_window_rmssd,MC_PRECISION_MET,descriptive_empirical_resampling_not_population_coverage,0,VAS,200000,True,variability,U06_variability_summary.json,0.7071067811865476,0.7071067811865476,,,,,,,,,,,,,,,,0.01,median,206.0,215.0,191.0,,,,,,,,,,,,,,
0.0,200000,0.25,0.00026041666666666666,0.0,raw_6_10_complete_window_mean_adjacent_change,MC_PRECISION_MET,descriptive_empirical_resampling_not_population_coverage,0,VAS,200000,False,variability,U06_variability_summary.json,-0.25,0.0,,,,,,,,,,,,,,,,0.01,median,206.0,215.0,191.0,,,,,,,,,,,,,,
0.0,200000,0.25,0.00026041666666666666,0.25,raw_6_10_complete_window_centered_change_ms,MC_PRECISION_MET,descriptive_empirical_resampling_not_population_coverage,0,VAS_squared,200000,False,variability,U06_variability_summary.json,0.25,0.5,,,,,,,,,,,,,,,,0.01,median,206.0,215.0,191.0,,,,,,,,,,,,,,
0.0,200000,0.6000000000000001,0.00026041666666666666,2.8,raw_11_15_at_least_3_pairs_mean_vas,MC_PRECISION_MET,descriptive_empirical_resampling_not_population_coverage,0,VAS,200000,False,variability,U06_variability_summary.json,2.4,3.0,,,,,,,,,,,,,,,,0.01,median,177.0,201.0,147.0,,,,,,,,,,,,,,
0.0,200000,0.0,0.00026041666666666666,0.5477225575051661,raw_11_15_at_least_3_pairs_sample_sd,MC_PRECISION_MET,descriptive_empirical_resampling_not_population_coverage,0,VAS,200000,True,variability,U06_variability_summary.json,0.5477225575051661,0.5477225575051661,,,,,,,,,,,,,,,,0.01,median,177.0,201.0,147.0,,,,,,,,,,,,,,
0.0,200000,0.25,0.00026041666666666666,0.5,raw_11_15_at_least_3_pairs_mssd,MC_PRECISION_MET,descriptive_empirical_resampling_not_population_coverage,0,VAS_squared,200000,False,variability,U06_variability_summary.json,0.25,0.5,,,,,,,,,,,,,,,,0.01,median,177.0,201.0,147.0,,,,,,,,,,,,,,
0.0,200000,0.20710678118654757,0.00026041666666666666,0.7071067811865476,raw_11_15_at_least_3_pairs_rmssd,MC_PRECISION_MET,descriptive_empirical_resampling_not_population_coverage,0,VAS,200000,False,variability,U06_variability_summary.json,0.5,0.7071067811865476,,,,,,,,,,,,,,,,0.01,median,177.0,201.0,147.0,,,,,,,,,,,,,,
0.0,200000,0.25,0.00026041666666666666,0.0,raw_11_15_at_least_3_pairs_mean_adjacent_change,MC_PRECISION_MET,descriptive_empirical_resampling_not_population_coverage,0,VAS,200000,False,variability,U06_variability_summary.json,-0.25,0.0,,,,,,,,,,,,,,,,0.01,median,177.0,201.0,147.0,,,,,,,,,,,,,,
0.0,200000,0.0625,0.00026041666666666666,0.1875,raw_11_15_at_least_3_pairs_centered_change_ms,MC_PRECISION_MET,descriptive_empirical_resampling_not_population_coverage,0,VAS_squared,200000,False,variability,U06_variability_summary.json,0.1875,0.25,,,,,,,,,,,,,,,,0.01,median,177.0,201.0,147.0,,,,,,,,,,,,,,
0.0,200000,0.8000000000000003,0.00026041666666666666,3.0,raw_11_15_complete_window_mean_vas,MC_PRECISION_MET,descriptive_empirical_resampling_not_population_coverage,0,VAS,200000,False,variability,U06_variability_summary.json,2.4,3.2,,,,,,,,,,,,,,,,0.01,median,168.0,193.0,139.0,,,,,,,,,,,,,,
0.0,200000,0.0,0.00026041666666666666,0.5477225575051661,raw_11_15_complete_window_sample_sd,MC_PRECISION_MET,descriptive_empirical_resampling_not_population_coverage,0,VAS,200000,True,variability,U06_variability_summary.json,0.5477225575051661,0.5477225575051661,,,,,,,,,,,,,,,,0.01,median,168.0,193.0,139.0,,,,,,,,,,,,,,
0.0,200000,0.25,0.00026041666666666666,0.5,raw_11_15_complete_window_mssd,MC_PRECISION_MET,descriptive_empirical_resampling_not_population_coverage,0,VAS_squared,200000,False,variability,U06_variability_summary.json,0.25,0.5,,,,,,,,,,,,,,,,0.01,median,168.0,193.0,139.0,,,,,,,,,,,,,,
0.0,200000,0.20710678118654757,0.00026041666666666666,0.7071067811865476,raw_11_15_complete_window_rmssd,MC_PRECISION_MET,descriptive_empirical_resampling_not_population_coverage,0,VAS,200000,False,variability,U06_variability_summary.json,0.5,0.7071067811865476,,,,,,,,,,,,,,,,0.01,median,168.0,193.0,139.0,,,,,,,,,,,,,,
0.0,200000,0.25,0.00026041666666666666,0.0,raw_11_15_complete_window_mean_adjacent_change,MC_PRECISION_MET,descriptive_empirical_resampling_not_population_coverage,0,VAS,200000,False,variability,U06_variability_summary.json,-0.25,0.0,,,,,,,,,,,,,,,,0.01,median,168.0,193.0,139.0,,,,,,,,,,,,,,
0.0,200000,0.0625,0.00026041666666666666,0.1875,raw_11_15_complete_window_centered_change_ms,MC_PRECISION_MET,descriptive_empirical_resampling_not_population_coverage,0,VAS_squared,200000,False,variability,U06_variability_summary.json,0.1875,0.25,,,,,,,,,,,,,,,,0.01,median,168.0,193.0,139.0,,,,,,,,,,,,,,
0.10000000000000009,200000,1.7000000000000002,0.00026041666666666666,2.6,raw_16_20_at_least_3_pairs_mean_vas,MC_PRECISION_INSUFFICIENT,descriptive_empirical_resampling_not_population_coverage,0,VAS,200000,False,variability,U06_variability_summary.json,2.0,3.7,,,,,,,,,,,,,,,,0.01,median,59.0,89.0,29.0,,,,,,,,,,,,,,
0.0,200000,0.2889374690289095,0.00026041666666666666,0.5477225575051661,raw_16_20_at_least_3_pairs_sample_sd,MC_PRECISION_MET,descriptive_empirical_resampling_not_population_coverage,0,VAS,200000,False,variability,U06_variability_summary.json,0.5477225575051661,0.8366600265340756,,,,,,,,,,,,,,,,0.01,median,59.0,89.0,29.0,,,,,,,,,,,,,,
0.0,200000,0.375,0.00026041666666666666,0.5,raw_16_20_at_least_3_pairs_mssd,MC_PRECISION_MET,descriptive_empirical_resampling_not_population_coverage,0,VAS_squared,200000,False,variability,U06_variability_summary.json,0.375,0.75,,,,,,,,,,,,,,,,0.01,median,59.0,89.0,29.0,,,,,,,,,,,,,,
0.0,200000,0.26247201319116487,0.00026041666666666666,0.7071067811865476,raw_16_20_at_least_3_pairs_rmssd,MC_PRECISION_MET,descriptive_empirical_resampling_not_population_coverage,0,VAS,200000,False,variability,U06_variability_summary.json,0.6035533905932737,0.8660254037844386,,,,,,,,,,,,,,,,0.01,median,59.0,89.0,29.0,,,,,,,,,,,,,,
0.0,200000,0.25,0.00026041666666666666,0.0,raw_16_20_at_least_3_pairs_mean_adjacent_change,MC_PRECISION_MET,descriptive_empirical_resampling_not_population_coverage,0,VAS,200000,False,variability,U06_variability_summary.json,-0.25,0.0,,,,,,,,,,,,,,,,0.01,median,59.0,89.0,29.0,,,,,,,,,,,,,,
0.0,200000,0.40625,0.00026041666666666666,0.25,raw_16_20_at_least_3_pairs_centered_change_ms,MC_PRECISION_MET,descriptive_empirical_resampling_not_population_coverage,0,VAS_squared,200000,False,variability,U06_variability_summary.json,0.1875,0.59375,,,,,,,,,,,,,,,,0.01,median,59.0,89.0,29.0,,,,,,,,,,,,,,
0.0,200000,2.0,0.00026041666666666666,2.8,raw_16_20_complete_window_mean_vas,MC_PRECISION_MET,descriptive_empirical_resampling_not_population_coverage,0,VAS,200000,False,variability,U06_variability_summary.json,2.2,4.2,,,,,,,,,,,,,,,,0.01,median,56.0,84.0,29.0,,,,,,,,,,,,,,
0.0,200000,0.2889374690289095,0.00026041666666666666,0.5477225575051661,raw_16_20_complete_window_sample_sd,MC_PRECISION_MET,descriptive_empirical_resampling_not_population_coverage,0,VAS,200000,False,variability,U06_variability_summary.json,0.5477225575051661,0.8366600265340756,,,,,,,,,,,,,,,,0.01,median,56.0,84.0,29.0,,,,,,,,,,,,,,
0.0,200000,0.25,0.00026041666666666666,0.5,raw_16_20_complete_window_mssd,MC_PRECISION_MET,descriptive_empirical_resampling_not_population_coverage,0,VAS_squared,200000,False,variability,U06_variability_summary.json,0.5,0.75,,,,,,,,,,,,,,,,0.01,median,56.0,84.0,29.0,,,,,,,,,,,,,,
0.0,200000,0.15891862259789102,0.00026041666666666666,0.7071067811865476,raw_16_20_complete_window_rmssd,MC_PRECISION_MET,descriptive_empirical_resampling_not_population_coverage,0,VAS,200000,False,variability,U06_variability_summary.json,0.7071067811865476,0.8660254037844386,,,,,,,,,,,,,,,,0.01,median,56.0,84.0,29.0,,,,,,,,,,,,,,
0.0,200000,0.25,0.00026041666666666666,-0.125,raw_16_20_complete_window_mean_adjacent_change,MC_PRECISION_MET,descriptive_empirical_resampling_not_population_coverage,0,VAS,200000,False,variability,U06_variability_summary.json,-0.25,0.0,,,,,,,,,,,,,,,,0.01,median,56.0,84.0,29.0,,,,,,,,,,,,,,
0.03125,200000,0.5,0.00026041666666666666,0.375,raw_16_20_complete_window_centered_change_ms,MC_PRECISION_INSUFFICIENT,descriptive_empirical_resampling_not_population_coverage,0,VAS_squared,200000,False,variability,U06_variability_summary.json,0.1875,0.6875,,,,,,,,,,,,,,,,0.01,median,56.0,84.0,29.0,,,,,,,,,,,,,,
0.006844850065189256,200000,1.2845299145299143,0.00026041666666666666,-0.3035714285714287,paired_16_20_minus_1_5_mean_vas,MC_PRECISION_MET,descriptive_empirical_resampling_not_population_coverage,0,VAS,200000,False,variability,U06_variability_summary.json,-0.9422222222222222,0.3423076923076921,,,,,,,,,,,,,,,,0.01,mean,56.0,84.0,29.0,,,,,,,,,,,,,,
0.002770202293129964,200000,0.47050846160717025,0.00026041666666666666,-0.37184309174912744,paired_16_20_minus_1_5_sample_sd,MC_PRECISION_MET,descriptive_empirical_resampling_not_population_coverage,0,VAS,200000,False,variability,U06_variability_summary.json,-0.6081166129891624,-0.13760815138199217,,,,,,,,,,,,,,,,0.01,mean,56.0,84.0,29.0,,,,,,,,,,,,,,
0.008658008658008698,200000,1.2982348111658457,0.00026041666666666666,-0.26339285714285715,paired_16_20_minus_1_5_mssd,MC_PRECISION_MET,descriptive_empirical_resampling_not_population_coverage,0,VAS_squared,200000,False,variability,U06_variability_summary.json,-0.9404761904761905,0.3577586206896552,,,,,,,,,,,,,,,,0.01,mean,56.0,84.0,29.0,,,,,,,,,,,,,,
0.002520462489054555,200000,0.4301573617975004,0.00026041666666666666,-0.16604254670132285,paired_16_20_minus_1_5_rmssd,MC_PRECISION_MET,descriptive_empirical_resampling_not_population_coverage,0,VAS,200000,False,variability,U06_variability_summary.json,-0.37900019151201014,0.0511571702854903,,,,,,,,,,,,,,,,0.01,mean,56.0,84.0,29.0,,,,,,,,,,,,,,
0.002791682710820198,200000,0.41344123856439124,0.00026041666666666666,-0.5669642857142857,paired_16_20_minus_1_5_mean_adjacent_change,MC_PRECISION_MET,descriptive_empirical_resampling_not_population_coverage,0,VAS,200000,False,variability,U06_variability_summary.json,-0.7755102040816326,-0.3620689655172414,,,,,,,,,,,,,,,,0.01,mean,56.0,84.0,29.0,,,,,,,,,,,,,,
0.006255191029900353,200000,0.9842804176755449,0.00026041666666666666,0.06361607142857142,paired_16_20_minus_1_5_centered_change_ms,MC_PRECISION_MET,descriptive_empirical_resampling_not_population_coverage,0,VAS_squared,200000,False,variability,U06_variability_summary.json,-0.4408482142857143,0.5434322033898306,,,,,,,,,,,,,,,,0.01,mean,56.0,84.0,29.0,,,,,,,,,,,,,,
0.007427221900906389,200000,0.25701798201798176,0.00026041666666666666,0.8706293706293707,residual_1_20_degree1_residual_variance,MC_PRECISION_INSUFFICIENT,descriptive_empirical_resampling_not_population_coverage,0,VAS_squared,200000,False,variability,U06_variability_summary.json,0.7621212121212121,1.0191391941391938,,,,,,,,,,,,,,,,0.01,median,212.0,215.0,201.0,,,,,,,,,,,,,,
0.006438869665513436,200000,0.2155859548887179,0.00026041666666666666,0.7476643021897238,residual_1_20_degree1_residual_mssd,MC_PRECISION_INSUFFICIENT,descriptive_empirical_resampling_not_population_coverage,0,VAS_squared,200000,False,variability,U06_variability_summary.json,0.6479167844423088,0.8635027393310267,,,,,,,,,,,,,,,,0.01,median,212.0,215.0,201.0,,,,,,,,,,,,,,
0.0027472527472527375,200000,0.23840852130325818,0.00026041666666666666,0.7894736842105263,residual_1_20_degree1_raw_mssd,MC_PRECISION_MET,descriptive_empirical_resampling_not_population_coverage,0,VAS_squared,200000,False,variability,U06_variability_summary.json,0.6842105263157895,0.9226190476190477,,,,,,,,,,,,,,,,0.01,median,212.0,215.0,201.0,,,,,,,,,,,,,,
0.011926431411725669,200000,0.18643623533329423,0.00026041666666666666,0.607706040949075,residual_1_20_degree2_residual_variance,MC_PRECISION_INSUFFICIENT,descriptive_empirical_resampling_not_population_coverage,0,VAS_squared,200000,False,variability,U06_variability_summary.json,0.5215174531351002,0.7079536884683945,,,,,,,,,,,,,,,,0.01,median,212.0,215.0,201.0,,,,,,,,,,,,,,
0.005780148719628175,200000,0.2122186772715381,0.00026041666666666666,0.6653799472277602,residual_1_20_degree2_residual_mssd,MC_PRECISION_INSUFFICIENT,descriptive_empirical_resampling_not_population_coverage,0,VAS_squared,200000,False,variability,U06_variability_summary.json,0.5628170403993769,0.775035717670915,,,,,,,,,,,,,,,,0.01,median,212.0,215.0,201.0,,,,,,,,,,,,,,
0.0027472527472527375,200000,0.23840852130325818,0.00026041666666666666,0.7894736842105263,residual_1_20_degree2_raw_mssd,MC_PRECISION_MET,descriptive_empirical_resampling_not_population_coverage,0,VAS_squared,200000,False,variability,U06_variability_summary.json,0.6842105263157895,0.9226190476190477,,,,,,,,,,,,,,,,0.01,median,212.0,215.0,201.0,,,,,,,,,,,,,,
1.5,200000,18.0,0.00026041666666666666,65.5,burden_1_20_auc,MC_PRECISION_INSUFFICIENT,descriptive_empirical_resampling_not_population_coverage,0,VAS_minutes,200000,False,variability,U06_variability_summary.json,59.5,77.5,,,,,,,,,,,,,,,,0.01,median,56.0,84.0,29.0,,,,,,,,,,,,,,
0.01915416560725447,200000,1.0415193005801235,0.00026041666666666666,10.23113573646085,burden_1_20_time_centroid,MC_PRECISION_INSUFFICIENT,descriptive_empirical_resampling_not_population_coverage,0,minutes,200000,False,variability,U06_variability_summary.json,9.483430799220274,10.524950099800398,,,,,,,,,,,,,,,,0.01,median,56.0,84.0,29.0,,,,,,,,,,,,,,
0.010077595368489622,200000,0.12080266046751909,0.00026041666666666666,0.46016077873783223,burden_1_20_late_area_fraction,MC_PRECISION_INSUFFICIENT,descriptive_empirical_resampling_not_population_coverage,0,proportion,200000,False,variability,U06_variability_summary.json,0.40074906367041196,0.521551724137931,,,,,,,,,,,,,,,,0.002,median,56.0,84.0,29.0,,,,,,,,,,,,,,
0.0037878787878787845,200000,0.23106060606060608,0.00026041666666666666,0.6757575757575758,residual_1_10_degree1_residual_variance,MC_PRECISION_MET,descriptive_empirical_resampling_not_population_coverage,0,VAS_squared,200000,False,variability,U06_variability_summary.json,0.5590909090909091,0.7901515151515152,,,,,,,,,,,,,,,,0.01,median,212.0,215.0,201.0,,,,,,,,,,,,,,
0.020973370064279018,200000,0.242393633302724,0.00026041666666666666,0.707621671258035,residual_1_10_degree1_residual_mssd,MC_PRECISION_INSUFFICIENT,descriptive_empirical_resampling_not_population_coverage,0,VAS_squared,200000,False,variability,U06_variability_summary.json,0.6480563207835934,0.8904499540863174,,,,,,,,,,,,,,,,0.01,median,212.0,215.0,201.0,,,,,,,,,,,,,,
0.0,200000,0.2222222222222222,0.00026041666666666666,0.8888888888888888,residual_1_10_degree1_raw_mssd,MC_PRECISION_MET,descriptive_empirical_resampling_not_population_coverage,0,VAS_squared,200000,False,variability,U06_variability_summary.json,0.7777777777777778,1.0,,,,,,,,,,,,,,,,0.01,median,212.0,215.0,201.0,,,,,,,,,,,,,,
0.002489177489177208,200000,0.13777056277056277,0.00026041666666666666,0.3668831168831168,residual_1_10_degree2_residual_variance,MC_PRECISION_MET,descriptive_empirical_resampling_not_population_coverage,0,VAS_squared,200000,False,variability,U06_variability_summary.json,0.3140692640692641,0.4518398268398269,,,,,,,,,,,,,,,,0.01,median,212.0,215.0,201.0,,,,,,,,,,,,,,
0.0009810223446584665,200000,0.20506887052341577,0.00026041666666666666,0.5561845730027543,residual_1_10_degree2_residual_mssd,MC_PRECISION_MET,descriptive_empirical_resampling_not_population_coverage,0,VAS_squared,200000,False,variability,U06_variability_summary.json,0.46457606366697274,0.6696449341903885,,,,,,,,,,,,,,,,0.01,median,212.0,215.0,201.0,,,,,,,,,,,,,,
0.0,200000,0.2222222222222222,0.00026041666666666666,0.8888888888888888,residual_1_10_degree2_raw_mssd,MC_PRECISION_MET,descriptive_empirical_resampling_not_population_coverage,0,VAS_squared,200000,False,variability,U06_variability_summary.json,0.7777777777777778,1.0,,,,,,,,,,,,,,,,0.01,median,212.0,215.0,201.0,,,,,,,,,,,,,,
0.0,200000,5.0,0.00026041666666666666,33.25,burden_1_10_auc,MC_PRECISION_MET,descriptive_empirical_resampling_not_population_coverage,0,VAS_minutes,200000,False,variability,U06_variability_summary.json,30.5,35.5,,,,,,,,,,,,,,,,0.01,median,206.0,215.0,191.0,,,,,,,,,,,,,,
0.006519128495454218,200000,0.1860587898966397,0.00026041666666666666,5.444897959183672,burden_1_10_time_centroid,MC_PRECISION_INSUFFICIENT,descriptive_empirical_resampling_not_population_coverage,0,minutes,200000,False,variability,U06_variability_summary.json,5.3168639560816615,5.502922745978301,,,,,,,,,,,,,,,,0.01,median,206.0,215.0,191.0,,,,,,,,,,,,,,
0.0,200000,0.04285714285714287,0.00026041666666666666,0.4811253561253561,burden_1_10_late_area_fraction,MC_PRECISION_MET,descriptive_empirical_resampling_not_population_coverage,0,proportion,200000,False,variability,U06_variability_summary.json,0.45714285714285713,0.5,,,,,,,,,,,,,,,,0.002,median,206.0,215.0,191.0,,,,,,,,,,,,,,
0.02434424877291086,5000,0.5624831228161598,0.00020833333333333335,,,MC_PRECISION_INSUFFICIENT,descriptive_empirical_resampling_not_population_coverage,0,,5000,False,R_main,gamm_summary.json,2.7297167571362237,3.2921998799523835,,G10_common_k6,,,,,,,,,,,,,,,,,,,0.0,1.0,curve,success_conditional_descriptive_range,exploratory_stability_no_nominal_coverage_validation,,,,,,,,,
0.024055915263303973,5000,0.5310085745722168,0.00020833333333333335,,,MC_PRECISION_INSUFFICIENT,descriptive_empirical_resampling_not_population_coverage,0,,5000,False,R_main,gamm_summary.json,3.4903254034328435,4.02133397800506,,G10_common_k6,,,,,,,,,,,,,,,,,,,0.0,2.0,curve,success_conditional_descriptive_range,exploratory_stability_no_nominal_coverage_validation,,,,,,,,,
0.02442957194338513,5000,0.5704530614024312,0.00020833333333333335,,,MC_PRECISION_INSUFFICIENT,descriptive_empirical_resampling_not_population_coverage,0,,5000,False,R_main,gamm_summary.json,3.930257359970594,4.500710421373025,,G10_common_k6,,,,,,,,,,,,,,,,,,,0.0,3.0,curve,success_conditional_descriptive_range,exploratory_stability_no_nominal_coverage_validation,,,,,,,,,
0.025432136786937676,5000,0.5704890688767503,0.00020833333333333335,,,MC_PRECISION_INSUFFICIENT,descriptive_empirical_resampling_not_population_coverage,0,,5000,False,R_main,gamm_summary.json,3.9816955562539023,4.552184625130653,,G10_common_k6,,,,,,,,,,,,,,,,,,,0.0,4.0,curve,success_conditional_descriptive_range,exploratory_stability_no_nominal_coverage_validation,,,,,,,,,
0.023865587363474106,5000,0.5806723409825931,0.00020833333333333335,,,MC_PRECISION_INSUFFICIENT,descriptive_empirical_resampling_not_population_coverage,0,,5000,False,R_main,gamm_summary.json,3.8452877425737872,4.42596008355638,,G10_common_k6,,,,,,,,,,,,,,,,,,,0.0,5.0,curve,success_conditional_descriptive_range,exploratory_stability_no_nominal_coverage_validation,,,,,,,,,
0.02222331511652431,5000,0.5669304668120869,0.00020833333333333335,,,MC_PRECISION_INSUFFICIENT,descriptive_empirical_resampling_not_population_coverage,0,,5000,False,R_main,gamm_summary.json,3.703859850080132,4.270790316892219,,G10_common_k6,,,,,,,,,,,,,,,,,,,0.0,6.0,curve,success_conditional_descriptive_range,exploratory_stability_no_nominal_coverage_validation,,,,,,,,,
0.02291516000167615,5000,0.57678384389664,0.00020833333333333335,,,MC_PRECISION_INSUFFICIENT,descriptive_empirical_resampling_not_population_coverage,0,,5000,False,R_main,gamm_summary.json,3.5558282599964754,4.132612103893115,,G10_common_k6,,,,,,,,,,,,,,,,,,,0.0,7.0,curve,success_conditional_descriptive_range,exploratory_stability_no_nominal_coverage_validation,,,,,,,,,
0.03445002116563378,5000,0.5861704690617384,0.00020833333333333335,,,MC_PRECISION_INSUFFICIENT,descriptive_empirical_resampling_not_population_coverage,0,,5000,False,R_main,gamm_summary.json,3.4104166341884428,3.996587103250181,,G10_common_k6,,,,,,,,,,,,,,,,,,,0.0,8.0,curve,success_conditional_descriptive_range,exploratory_stability_no_nominal_coverage_validation,,,,,,,,,
0.028316594549101737,5000,0.5881274263625302,0.00020833333333333335,,,MC_PRECISION_INSUFFICIENT,descriptive_empirical_resampling_not_population_coverage,0,,5000,False,R_main,gamm_summary.json,3.2703356143056967,3.858463040668227,,G10_common_k6,,,,,,,,,,,,,,,,,,,0.0,9.0,curve,success_conditional_descriptive_range,exploratory_stability_no_nominal_coverage_validation,,,,,,,,,
0.029863321192661996,5000,0.5953918392880126,0.00020833333333333335,,,MC_PRECISION_INSUFFICIENT,descriptive_empirical_resampling_not_population_coverage,0,,5000,False,R_main,gamm_summary.json,3.133495836229304,3.7288876755173166,,G10_common_k6,,,,,,,,,,,,,,,,,,,0.0,10.0,curve,success_conditional_descriptive_range,exploratory_stability_no_nominal_coverage_validation,,,,,,,,,
0.02423531793493039,5000,0.5444263054527525,0.00020833333333333335,,,MC_PRECISION_INSUFFICIENT,descriptive_empirical_resampling_not_population_coverage,0,,5000,False,R_main,gamm_summary.json,2.6791271418563927,3.223553447309145,,G10_complete_k6,,,,,,,,,,,,,,,,,,,0.0,1.0,curve,success_conditional_descriptive_range,exploratory_stability_no_nominal_coverage_validation,,,,,,,,,
0.02144697145389296,5000,0.5217631665111728,0.00020833333333333335,,,MC_PRECISION_INSUFFICIENT,descriptive_empirical_resampling_not_population_coverage,0,,5000,False,R_main,gamm_summary.json,3.4247342195450314,3.9464973860562043,,G10_complete_k6,,,,,,,,,,,,,,,,,,,0.0,2.0,curve,success_conditional_descriptive_range,exploratory_stability_no_nominal_coverage_validation,,,,,,,,,
0.023842582668174295,5000,0.5630403060003619,0.00020833333333333335,,,MC_PRECISION_INSUFFICIENT,descriptive_empirical_resampling_not_population_coverage,0,,5000,False,R_main,gamm_summary.json,3.856515765997849,4.419556071998211,,G10_complete_k6,,,,,,,,,,,,,,,,,,,0.0,3.0,curve,success_conditional_descriptive_range,exploratory_stability_no_nominal_coverage_validation,,,,,,,,,
0.022793259359186635,5000,0.5350444829195613,0.00020833333333333335,,,MC_PRECISION_INSUFFICIENT,descriptive_empirical_resampling_not_population_coverage,0,,5000,False,R_main,gamm_summary.json,3.907403072913758,4.442447555833319,,G10_complete_k6,,,,,,,,,,,,,,,,,,,0.0,4.0,curve,success_conditional_descriptive_range,exploratory_stability_no_nominal_coverage_validation,,,,,,,,,
0.019489286801936068,5000,0.538062888872787,0.00020833333333333335,,,MC_PRECISION_INSUFFICIENT,descriptive_empirical_resampling_not_population_coverage,0,,5000,False,R_main,gamm_summary.json,3.7608671544607297,4.298930043333517,,G10_complete_k6,,,,,,,,,,,,,,,,,,,0.0,5.0,curve,success_conditional_descriptive_range,exploratory_stability_no_nominal_coverage_validation,,,,,,,,,
0.025787628157349918,5000,0.5338769290868517,0.00020833333333333335,,,MC_PRECISION_INSUFFICIENT,descriptive_empirical_resampling_not_population_coverage,0,,5000,False,R_main,gamm_summary.json,3.611867948551701,4.145744877638553,,G10_complete_k6,,,,,,,,,,,,,,,,,,,0.0,6.0,curve,success_conditional_descriptive_range,exploratory_stability_no_nominal_coverage_validation,,,,,,,,,
0.025122026456905644,5000,0.5411618734503518,0.00020833333333333335,,,MC_PRECISION_INSUFFICIENT,descriptive_empirical_resampling_not_population_coverage,0,,5000,False,R_main,gamm_summary.json,3.45528004872524,3.996441922175592,,G10_complete_k6,,,,,,,,,,,,,,,,,,,0.0,7.0,curve,success_conditional_descriptive_range,exploratory_stability_no_nominal_coverage_validation,,,,,,,,,
0.029638222192701402,5000,0.5530441103906054,0.00020833333333333335,,,MC_PRECISION_INSUFFICIENT,descriptive_empirical_resampling_not_population_coverage,0,,5000,False,R_main,gamm_summary.json,3.30092317017978,3.8539672805703855,,G10_complete_k6,,,,,,,,,,,,,,,,,,,0.0,8.0,curve,success_conditional_descriptive_range,exploratory_stability_no_nominal_coverage_validation,,,,,,,,,
0.02702548227991164,5000,0.5615938356201067,0.00020833333333333335,,,MC_PRECISION_INSUFFICIENT,descriptive_empirical_resampling_not_population_coverage,0,,5000,False,R_main,gamm_summary.json,3.1686229331538134,3.73021676877392,,G10_complete_k6,,,,,,,,,,,,,,,,,,,0.0,9.0,curve,success_conditional_descriptive_range,exploratory_stability_no_nominal_coverage_validation,,,,,,,,,
0.024340168792735817,5000,0.567088470910663,0.00020833333333333335,,,MC_PRECISION_INSUFFICIENT,descriptive_empirical_resampling_not_population_coverage,0,,5000,False,R_main,gamm_summary.json,3.041763052728419,3.608851523639082,,G10_complete_k6,,,,,,,,,,,,,,,,,,,0.0,10.0,curve,success_conditional_descriptive_range,exploratory_stability_no_nominal_coverage_validation,,,,,,,,,
0.03773864527486204,5000,1.0068400787738376,0.00020833333333333335,,,MC_PRECISION_INSUFFICIENT,descriptive_empirical_resampling_not_population_coverage,0,,5000,False,R_main,gamm_summary.json,1.9582374007735908,2.9650774795474284,,G20_complete_k6,,,,,,,,,,,,,,,,,,,0.0,1.0,curve,success_conditional_descriptive_range,exploratory_stability_no_nominal_coverage_validation,,,,,,,,,
0.03980044120017112,5000,0.8749367836818447,0.00020833333333333335,,,MC_PRECISION_INSUFFICIENT,descriptive_empirical_resampling_not_population_coverage,0,,5000,False,R_main,gamm_summary.json,2.564955590053923,3.4398923737357676,,G20_complete_k6,,,,,,,,,,,,,,,,,,,0.0,2.0,curve,success_conditional_descriptive_range,exploratory_stability_no_nominal_coverage_validation,,,,,,,,,
0.0399860228593556,5000,0.9310260665636196,0.00020833333333333335,,,MC_PRECISION_INSUFFICIENT,descriptive_empirical_resampling_not_population_coverage,0,,5000,False,R_main,gamm_summary.json,3.05059149395789,3.9816175605215096,,G20_complete_k6,,,,,,,,,,,,,,,,,,,0.0,3.0,curve,success_conditional_descriptive_range,exploratory_stability_no_nominal_coverage_validation,,,,,,,,,
0.04488927136452858,5000,1.0691370666417899,0.00020833333333333335,,,MC_PRECISION_INSUFFICIENT,descriptive_empirical_resampling_not_population_coverage,0,,5000,False,R_main,gamm_summary.json,3.4157530226856045,4.484890089327394,,G20_complete_k6,,,,,,,,,,,,,,,,,,,0.0,4.0,curve,success_conditional_descriptive_range,exploratory_stability_no_nominal_coverage_validation,,,,,,,,,
0.05208742102014874,5000,1.1401747466626606,0.00020833333333333335,,,MC_PRECISION_INSUFFICIENT,descriptive_empirical_resampling_not_population_coverage,0,,5000,False,R_main,gamm_summary.json,3.675875347675176,4.816050094337837,,G20_complete_k6,,,,,,,,,,,,,,,,,,,0.0,5.0,curve,success_conditional_descriptive_range,exploratory_stability_no_nominal_coverage_validation,,,,,,,,,
0.05195195953200615,5000,1.1224443385762526,0.00020833333333333335,,,MC_PRECISION_INSUFFICIENT,descriptive_empirical_resampling_not_population_coverage,0,,5000,False,R_main,gamm_summary.json,3.8303994304640443,4.952843769040297,,G20_complete_k6,,,,,,,,,,,,,,,,,,,0.0,6.0,curve,success_conditional_descriptive_range,exploratory_stability_no_nominal_coverage_validation,,,,,,,,,
0.05293344581401005,5000,1.0764384906281212,0.00020833333333333335,,,MC_PRECISION_INSUFFICIENT,descriptive_empirical_resampling_not_population_coverage,0,,5000,False,R_main,gamm_summary.json,3.87731541513264,4.953753905760761,,G20_complete_k6,,,,,,,,,,,,,,,,,,,0.0,7.0,curve,success_conditional_descriptive_range,exploratory_stability_no_nominal_coverage_validation,,,,,,,,,
0.043286804072188545,5000,1.0448707366465588,0.00020833333333333335,,,MC_PRECISION_INSUFFICIENT,descriptive_empirical_resampling_not_population_coverage,0,,5000,False,R_main,gamm_summary.json,3.8333641543359707,4.8782348909825295,,G20_complete_k6,,,,,,,,,,,,,,,,,,,0.0,8.0,curve,success_conditional_descriptive_range,exploratory_stability_no_nominal_coverage_validation,,,,,,,,,
0.045040412772256566,5000,0.9892096866150686,0.00020833333333333335,,,MC_PRECISION_INSUFFICIENT,descriptive_empirical_resampling_not_population_coverage,0,,5000,False,R_main,gamm_summary.json,3.734305783215543,4.723515469830612,,G20_complete_k6,,,,,,,,,,,,,,,,,,,0.0,9.0,curve,success_conditional_descriptive_range,exploratory_stability_no_nominal_coverage_validation,,,,,,,,,
0.04192946221131022,5000,0.9111451548633167,0.00020833333333333335,,,MC_PRECISION_INSUFFICIENT,descriptive_empirical_resampling_not_population_coverage,0,,5000,False,R_main,gamm_summary.json,3.609404229831298,4.520549384694615,,G20_complete_k6,,,,,,,,,,,,,,,,,,,0.0,10.0,curve,success_conditional_descriptive_range,exploratory_stability_no_nominal_coverage_validation,,,,,,,,,
0.0427010239437946,5000,0.8470969836857027,0.00020833333333333335,,,MC_PRECISION_INSUFFICIENT,descriptive_empirical_resampling_not_population_coverage,0,,5000,False,R_main,gamm_summary.json,3.4741773989847,4.321274382670403,,G20_complete_k6,,,,,,,,,,,,,,,,,,,0.0,11.0,curve,success_conditional_descriptive_range,exploratory_stability_no_nominal_coverage_validation,,,,,,,,,
0.03810830195822579,5000,0.8283622403106516,0.00020833333333333335,,,MC_PRECISION_INSUFFICIENT,descriptive_empirical_resampling_not_population_coverage,0,,5000,False,R_main,gamm_summary.json,3.32599044275595,4.154352683066602,,G20_complete_k6,,,,,,,,,,,,,,,,,,,0.0,12.0,curve,success_conditional_descriptive_range,exploratory_stability_no_nominal_coverage_validation,,,,,,,,,
0.0337888525634602,5000,0.8199803957758593,0.00020833333333333335,,,MC_PRECISION_INSUFFICIENT,descriptive_empirical_resampling_not_population_coverage,0,,5000,False,R_main,gamm_summary.json,3.2241966360669787,4.044177031842838,,G20_complete_k6,,,,,,,,,,,,,,,,,,,0.0,13.0,curve,success_conditional_descriptive_range,exploratory_stability_no_nominal_coverage_validation,,,,,,,,,
0.03459263873746199,5000,0.8260523484094744,0.00020833333333333335,,,MC_PRECISION_INSUFFICIENT,descriptive_empirical_resampling_not_population_coverage,0,,5000,False,R_main,gamm_summary.json,3.159717240437477,3.9857695888469515,,G20_complete_k6,,,,,,,,,,,,,,,,,,,0.0,14.0,curve,success_conditional_descriptive_range,exploratory_stability_no_nominal_coverage_validation,,,,,,,,,
0.04183096271912268,5000,0.8457171048370324,0.00020833333333333335,,,MC_PRECISION_INSUFFICIENT,descriptive_empirical_resampling_not_population_coverage,0,,5000,False,R_main,gamm_summary.json,3.103346819143531,3.9490639239805634,,G20_complete_k6,,,,,,,,,,,,,,,,,,,0.0,15.0,curve,success_conditional_descriptive_range,exploratory_stability_no_nominal_coverage_validation,,,,,,,,,
0.03677375042731157,5000,0.8806218877109422,0.00020833333333333335,,,MC_PRECISION_INSUFFICIENT,descriptive_empirical_resampling_not_population_coverage,0,,5000,False,R_main,gamm_summary.json,3.028487900276296,3.909109787987238,,G20_complete_k6,,,,,,,,,,,,,,,,,,,0.0,16.0,curve,success_conditional_descriptive_range,exploratory_stability_no_nominal_coverage_validation,,,,,,,,,
0.04112999431836295,5000,0.900257175882774,0.00020833333333333335,,,MC_PRECISION_INSUFFICIENT,descriptive_empirical_resampling_not_population_coverage,0,,5000,False,R_main,gamm_summary.json,2.9296314414389837,3.8298886173217577,,G20_complete_k6,,,,,,,,,,,,,,,,,,,0.0,17.0,curve,success_conditional_descriptive_range,exploratory_stability_no_nominal_coverage_validation,,,,,,,,,
0.03610221609773312,5000,0.9418663581391686,0.00020833333333333335,,,MC_PRECISION_INSUFFICIENT,descriptive_empirical_resampling_not_population_coverage,0,,5000,False,R_main,gamm_summary.json,2.7989015782088824,3.740767936348051,,G20_complete_k6,,,,,,,,,,,,,,,,,,,0.0,18.0,curve,success_conditional_descriptive_range,exploratory_stability_no_nominal_coverage_validation,,,,,,,,,
0.042367176411652,5000,1.016225438378378,0.00020833333333333335,,,MC_PRECISION_INSUFFICIENT,descriptive_empirical_resampling_not_population_coverage,0,,5000,False,R_main,gamm_summary.json,2.628425624819427,3.644651063197805,,G20_complete_k6,,,,,,,,,,,,,,,,,,,0.0,19.0,curve,success_conditional_descriptive_range,exploratory_stability_no_nominal_coverage_validation,,,,,,,,,
0.05218090161828526,5000,1.1253415477609154,0.00020833333333333335,,,MC_PRECISION_INSUFFICIENT,descriptive_empirical_resampling_not_population_coverage,0,,5000,False,R_main,gamm_summary.json,2.424289339893245,3.5496308876541605,,G20_complete_k6,,,,,,,,,,,,,,,,,,,0.0,20.0,curve,success_conditional_descriptive_range,exploratory_stability_no_nominal_coverage_validation,,,,,,,,,
0.028389776858841476,5000,0.5745711509698568,0.00020833333333333335,,,MC_PRECISION_INSUFFICIENT,descriptive_empirical_resampling_not_population_coverage,0,,5000,False,R_main,gamm_summary.json,2.9868489951227377,3.5614201460925945,,G20_independent_k6,,,,,,,,,,,,,,,,,,,0.0,1.0,curve,success_conditional_descriptive_range,exploratory_stability_no_nominal_coverage_validation,,,,,,,,,
0.026801601899633987,5000,0.504013058490544,0.00020833333333333335,,,MC_PRECISION_INSUFFICIENT,descriptive_empirical_resampling_not_population_coverage,0,,5000,False,R_main,gamm_summary.json,3.3856916726406463,3.8897047311311903,,G20_independent_k6,,,,,,,,,,,,,,,,,,,0.0,2.0,curve,success_conditional_descriptive_range,exploratory_stability_no_nominal_coverage_validation,,,,,,,,,
0.018171479112445876,5000,0.5088146975181576,0.00020833333333333335,,,MC_PRECISION_INSUFFICIENT,descriptive_empirical_resampling_not_population_coverage,0,,5000,False,R_main,gamm_summary.json,3.6964400686104555,4.205254766128613,,G20_independent_k6,,,,,,,,,,,,,,,,,,,0.0,3.0,curve,success_conditional_descriptive_range,exploratory_stability_no_nominal_coverage_validation,,,,,,,,,
0.022933850047729187,5000,0.5445465545844161,0.00020833333333333335,,,MC_PRECISION_INSUFFICIENT,descriptive_empirical_resampling_not_population_coverage,0,,5000,False,R_main,gamm_summary.json,3.889310046499147,4.433856601083563,,G20_independent_k6,,,,,,,,,,,,,,,,,,,0.0,4.0,curve,success_conditional_descriptive_range,exploratory_stability_no_nominal_coverage_validation,,,,,,,,,
0.023798192093438253,5000,0.5609068401759361,0.00020833333333333335,,,MC_PRECISION_INSUFFICIENT,descriptive_empirical_resampling_not_population_coverage,0,,5000,False,R_main,gamm_summary.json,3.9486194376720514,4.509526277847987,,G20_independent_k6,,,,,,,,,,,,,,,,,,,0.0,5.0,curve,success_conditional_descriptive_range,exploratory_stability_no_nominal_coverage_validation,,,,,,,,,
0.021695350931122626,5000,0.5587551030531901,0.00020833333333333335,,,MC_PRECISION_INSUFFICIENT,descriptive_empirical_resampling_not_population_coverage,0,,5000,False,R_main,gamm_summary.json,3.8500008506837866,4.408755953736977,,G20_independent_k6,,,,,,,,,,,,,,,,,,,0.0,6.0,curve,success_conditional_descriptive_range,exploratory_stability_no_nominal_coverage_validation,,,,,,,,,
0.021944567083562738,5000,0.5666362709564718,0.00020833333333333335,,,MC_PRECISION_INSUFFICIENT,descriptive_empirical_resampling_not_population_coverage,0,,5000,False,R_main,gamm_summary.json,3.63905786451398,4.205694135470452,,G20_independent_k6,,,,,,,,,,,,,,,,,,,0.0,7.0,curve,success_conditional_descriptive_range,exploratory_stability_no_nominal_coverage_validation,,,,,,,,,
0.02497078834875177,5000,0.5945528960937962,0.00020833333333333335,,,MC_PRECISION_INSUFFICIENT,descriptive_empirical_resampling_not_population_coverage,0,,5000,False,R_main,gamm_summary.json,3.38663904346285,3.981191939556646,,G20_independent_k6,,,,,,,,,,,,,,,,,,,0.0,8.0,curve,success_conditional_descriptive_range,exploratory_stability_no_nominal_coverage_validation,,,,,,,,,
0.02611401226780874,5000,0.6091899131528509,0.00020833333333333335,,,MC_PRECISION_INSUFFICIENT,descriptive_empirical_resampling_not_population_coverage,0,,5000,False,R_main,gamm_summary.json,3.175268572251764,3.784458485404615,,G20_independent_k6,,,,,,,,,,,,,,,,,,,0.0,9.0,curve,success_conditional_descriptive_range,exploratory_stability_no_nominal_coverage_validation,,,,,,,,,
0.029104412632213528,5000,0.6013858744295795,0.00020833333333333335,,,MC_PRECISION_INSUFFICIENT,descriptive_empirical_resampling_not_population_coverage,0,,5000,False,R_main,gamm_summary.json,3.0419774221322924,3.643363296561872,,G20_independent_k6,,,,,,,,,,,,,,,,,,,0.0,10.0,curve,success_conditional_descriptive_range,exploratory_stability_no_nominal_coverage_validation,,,,,,,,,
0.030788184191092416,5000,0.5923703350024692,0.00020833333333333335,,,MC_PRECISION_INSUFFICIENT,descriptive_empirical_resampling_not_population_coverage,0,,5000,False,R_main,gamm_summary.json,2.9500023105003,3.5423726455027693,,G20_independent_k6,,,,,,,,,,,,,,,,,,,0.0,11.0,curve,success_conditional_descriptive_range,exploratory_stability_no_nominal_coverage_validation,,,,,,,,,
0.02518312260196076,5000,0.5965382456966073,0.00020833333333333335,,,MC_PRECISION_INSUFFICIENT,descriptive_empirical_resampling_not_population_coverage,0,,5000,False,R_main,gamm_summary.json,2.8708524404201676,3.467390686116775,,G20_independent_k6,,,,,,,,,,,,,,,,,,,0.0,12.0,curve,success_conditional_descriptive_range,exploratory_stability_no_nominal_coverage_validation,,,,,,,,,
0.024045462224137282,5000,0.5932879900438155,0.00020833333333333335,,,MC_PRECISION_INSUFFICIENT,descriptive_empirical_resampling_not_population_coverage,0,,5000,False,R_main,gamm_summary.json,2.78212407368667,3.3754120637304856,,G20_independent_k6,,,,,,,,,,,,,,,,,,,0.0,13.0,curve,success_conditional_descriptive_range,exploratory_stability_no_nominal_coverage_validation,,,,,,,,,
0.026092242107516928,5000,0.5934359730626166,0.00020833333333333335,,,MC_PRECISION_INSUFFICIENT,descriptive_empirical_resampling_not_population_coverage,0,,5000,False,R_main,gamm_summary.json,2.6777616169591854,3.271197590021802,,G20_independent_k6,,,,,,,,,,,,,,,,,,,0.0,14.0,curve,success_conditional_descriptive_range,exploratory_stability_no_nominal_coverage_validation,,,,,,,,,
0.025067138415343138,5000,0.6175873719207994,0.00020833333333333335,,,MC_PRECISION_INSUFFICIENT,descriptive_empirical_resampling_not_population_coverage,0,,5000,False,R_main,gamm_summary.json,2.5546565326954562,3.1722439046162556,,G20_independent_k6,,,,,,,,,,,,,,,,,,,0.0,15.0,curve,success_conditional_descriptive_range,exploratory_stability_no_nominal_coverage_validation,,,,,,,,,
0.022927366015585093,5000,0.6615983603805229,0.00020833333333333335,,,MC_PRECISION_INSUFFICIENT,descriptive_empirical_resampling_not_population_coverage,0,,5000,False,R_main,gamm_summary.json,2.4398021244155212,3.101400484796044,,G20_independent_k6,,,,,,,,,,,,,,,,,,,0.0,16.0,curve,success_conditional_descriptive_range,exploratory_stability_no_nominal_coverage_validation,,,,,,,,,
0.025634975302719187,5000,0.7167670829696138,0.00020833333333333335,,,MC_PRECISION_INSUFFICIENT,descriptive_empirical_resampling_not_population_coverage,0,,5000,False,R_main,gamm_summary.json,2.3476845343412966,3.0644516173109104,,G20_independent_k6,,,,,,,,,,,,,,,,,,,0.0,17.0,curve,success_conditional_descriptive_range,exploratory_stability_no_nominal_coverage_validation,,,,,,,,,
0.026617336617427156,5000,0.8255951877839931,0.00020833333333333335,,,MC_PRECISION_INSUFFICIENT,descriptive_empirical_resampling_not_population_coverage,0,,5000,False,R_main,gamm_summary.json,2.25457583578292,3.0801710235669133,,G20_independent_k6,,,,,,,,,,,,,,,,,,,0.0,18.0,curve,success_conditional_descriptive_range,exploratory_stability_no_nominal_coverage_validation,,,,,,,,,
0.03914746496445609,5000,1.0045433265313313,0.00020833333333333335,,,MC_PRECISION_INSUFFICIENT,descriptive_empirical_resampling_not_population_coverage,0,,5000,False,R_main,gamm_summary.json,2.146008429427263,3.1505517559585945,,G20_independent_k6,,,,,,,,,,,,,,,,,,,0.0,19.0,curve,success_conditional_descriptive_range,exploratory_stability_no_nominal_coverage_validation,,,,,,,,,
0.05460516353081779,5000,1.247251645660278,0.00020833333333333335,,,MC_PRECISION_INSUFFICIENT,descriptive_empirical_resampling_not_population_coverage,0,,5000,False,R_main,gamm_summary.json,2.0105324368287305,3.2577840824890085,,G20_independent_k6,,,,,,,,,,,,,,,,,,,0.0,20.0,curve,success_conditional_descriptive_range,exploratory_stability_no_nominal_coverage_validation,,,,,,,,,
0.022586570362811198,5000,0.5583850634248315,0.00020833333333333335,,,MC_PRECISION_INSUFFICIENT,descriptive_empirical_resampling_not_population_coverage,0,,5000,False,R_main,gamm_summary.json,2.799390277310703,3.3577753407355346,,G20_k4,,,,,,,,,,,,,,,,,,,0.0,1.0,curve,success_conditional_descriptive_range,exploratory_stability_no_nominal_coverage_validation,,,,,,,,,
0.021961108027183318,5000,0.4682714141435529,0.00020833333333333335,,,MC_PRECISION_INSUFFICIENT,descriptive_empirical_resampling_not_population_coverage,0,,5000,False,R_main,gamm_summary.json,3.0940646773318776,3.5623360914754305,,G20_k4,,,,,,,,,,,,,,,,,,,0.0,2.0,curve,success_conditional_descriptive_range,exploratory_stability_no_nominal_coverage_validation,,,,,,,,,
0.02043822998759115,5000,0.43558248198383254,0.00020833333333333335,,,MC_PRECISION_INSUFFICIENT,descriptive_empirical_resampling_not_population_coverage,0,,5000,False,R_main,gamm_summary.json,3.3451923592640243,3.780774841247857,,G20_k4,,,,,,,,,,,,,,,,,,,0.0,3.0,curve,success_conditional_descriptive_range,exploratory_stability_no_nominal_coverage_validation,,,,,,,,,
0.018748177002779975,5000,0.45961513268358223,0.00020833333333333335,,,MC_PRECISION_INSUFFICIENT,descriptive_empirical_resampling_not_population_coverage,0,,5000,False,R_main,gamm_summary.json,3.5350037037023143,3.9946188363858965,,G20_k4,,,,,,,,,,,,,,,,,,,0.0,4.0,curve,success_conditional_descriptive_range,exploratory_stability_no_nominal_coverage_validation,,,,,,,,,
0.020509096894926415,5000,0.4980163016097463,0.00020833333333333335,,,MC_PRECISION_INSUFFICIENT,descriptive_empirical_resampling_not_population_coverage,0,,5000,False,R_main,gamm_summary.json,3.674235270165377,4.172251571775123,,G20_k4,,,,,,,,,,,,,,,,,,,0.0,5.0,curve,success_conditional_descriptive_range,exploratory_stability_no_nominal_coverage_validation,,,,,,,,,
0.019066610498410075,5000,0.5487913619499847,0.00020833333333333335,,,MC_PRECISION_INSUFFICIENT,descriptive_empirical_resampling_not_population_coverage,0,,5000,False,R_main,gamm_summary.json,3.750349429233608,4.299140791183593,,G20_k4,,,,,,,,,,,,,,,,,,,0.0,6.0,curve,success_conditional_descriptive_range,exploratory_stability_no_nominal_coverage_validation,,,,,,,,,
0.026659914923147454,5000,0.5779808283265533,0.00020833333333333335,,,MC_PRECISION_INSUFFICIENT,descriptive_empirical_resampling_not_population_coverage,0,,5000,False,R_main,gamm_summary.json,3.763314556027894,4.3412953843544475,,G20_k4,,,,,,,,,,,,,,,,,,,0.0,7.0,curve,success_conditional_descriptive_range,exploratory_stability_no_nominal_coverage_validation,,,,,,,,,
0.024669325942701548,5000,0.5970293775586137,0.00020833333333333335,,,MC_PRECISION_INSUFFICIENT,descriptive_empirical_resampling_not_population_coverage,0,,5000,False,R_main,gamm_summary.json,3.6917503964907565,4.28877977404937,,G20_k4,,,,,,,,,,,,,,,,,,,0.0,8.0,curve,success_conditional_descriptive_range,exploratory_stability_no_nominal_coverage_validation,,,,,,,,,
0.026149310216670774,5000,0.5935437053372867,0.00020833333333333335,,,MC_PRECISION_INSUFFICIENT,descriptive_empirical_resampling_not_population_coverage,0,,5000,False,R_main,gamm_summary.json,3.5564875227655675,4.150031228102854,,G20_k4,,,,,,,,,,,,,,,,,,,0.0,9.0,curve,success_conditional_descriptive_range,exploratory_stability_no_nominal_coverage_validation,,,,,,,,,
0.027220480903934252,5000,0.5752788160370446,0.00020833333333333335,,,MC_PRECISION_INSUFFICIENT,descriptive_empirical_resampling_not_population_coverage,0,,5000,False,R_main,gamm_summary.json,3.370439153745694,3.9457179697827387,,G20_k4,,,,,,,,,,,,,,,,,,,0.0,10.0,curve,success_conditional_descriptive_range,exploratory_stability_no_nominal_coverage_validation,,,,,,,,,
0.02233604080176299,5000,0.5697295698028442,0.00020833333333333335,,,MC_PRECISION_INSUFFICIENT,descriptive_empirical_resampling_not_population_coverage,0,,5000,False,R_main,gamm_summary.json,3.1499263517276748,3.719655921530519,,G20_k4,,,,,,,,,,,,,,,,,,,0.0,11.0,curve,success_conditional_descriptive_range,exploratory_stability_no_nominal_coverage_validation,,,,,,,,,
0.026391309695848797,5000,0.5653900869222501,0.00020833333333333335,,,MC_PRECISION_INSUFFICIENT,descriptive_empirical_resampling_not_population_coverage,0,,5000,False,R_main,gamm_summary.json,2.9256827506482965,3.4910728375705466,,G20_k4,,,,,,,,,,,,,,,,,,,0.0,12.0,curve,success_conditional_descriptive_range,exploratory_stability_no_nominal_coverage_validation,,,,,,,,,
0.024805315496516656,5000,0.5706286707840649,0.00020833333333333335,,,MC_PRECISION_INSUFFICIENT,descriptive_empirical_resampling_not_population_coverage,0,,5000,False,R_main,gamm_summary.json,2.709821039702112,3.280449710486177,,G20_k4,,,,,,,,,,,,,,,,,,,0.0,13.0,curve,success_conditional_descriptive_range,exploratory_stability_no_nominal_coverage_validation,,,,,,,,,
0.027142529594271547,5000,0.571626972971131,0.00020833333333333335,,,MC_PRECISION_INSUFFICIENT,descriptive_empirical_resampling_not_population_coverage,0,,5000,False,R_main,gamm_summary.json,2.537562171640226,3.109189144611357,,G20_k4,,,,,,,,,,,,,,,,,,,0.0,14.0,curve,success_conditional_descriptive_range,exploratory_stability_no_nominal_coverage_validation,,,,,,,,,
0.02570531016497002,5000,0.5759902492431319,0.00020833333333333335,,,MC_PRECISION_INSUFFICIENT,descriptive_empirical_resampling_not_population_coverage,0,,5000,False,R_main,gamm_summary.json,2.413830869912959,2.989821119156091,,G20_k4,,,,,,,,,,,,,,,,,,,0.0,15.0,curve,success_conditional_descriptive_range,exploratory_stability_no_nominal_coverage_validation,,,,,,,,,
0.022440935989355815,5000,0.5818361676700516,0.00020833333333333335,,,MC_PRECISION_INSUFFICIENT,descriptive_empirical_resampling_not_population_coverage,0,,5000,False,R_main,gamm_summary.json,2.328155955597019,2.9099921232670707,,G20_k4,,,,,,,,,,,,,,,,,,,0.0,16.0,curve,success_conditional_descriptive_range,exploratory_stability_no_nominal_coverage_validation,,,,,,,,,
0.01910046054513792,5000,0.6064352911872049,0.00020833333333333335,,,MC_PRECISION_INSUFFICIENT,descriptive_empirical_resampling_not_population_coverage,0,,5000,False,R_main,gamm_summary.json,2.276595388921081,2.883030680108286,,G20_k4,,,,,,,,,,,,,,,,,,,0.0,17.0,curve,success_conditional_descriptive_range,exploratory_stability_no_nominal_coverage_validation,,,,,,,,,
0.026915158170795372,5000,0.6602324429574051,0.00020833333333333335,,,MC_PRECISION_INSUFFICIENT,descriptive_empirical_resampling_not_population_coverage,0,,5000,False,R_main,gamm_summary.json,2.23846098616334,2.8986934291207453,,G20_k4,,,,,,,,,,,,,,,,,,,0.0,18.0,curve,success_conditional_descriptive_range,exploratory_stability_no_nominal_coverage_validation,,,,,,,,,
0.03058126016089302,5000,0.7523902695811944,0.00020833333333333335,,,MC_PRECISION_INSUFFICIENT,descriptive_empirical_resampling_not_population_coverage,0,,5000,False,R_main,gamm_summary.json,2.1976295944558357,2.95001986403703,,G20_k4,,,,,,,,,,,,,,,,,,,0.0,19.0,curve,success_conditional_descriptive_range,exploratory_stability_no_nominal_coverage_validation,,,,,,,,,
0.04101383379693013,5000,0.8635061801193653,0.00020833333333333335,,,MC_PRECISION_INSUFFICIENT,descriptive_empirical_resampling_not_population_coverage,0,,5000,False,R_main,gamm_summary.json,2.155956946532709,3.019463126652074,,G20_k4,,,,,,,,,,,,,,,,,,,0.0,20.0,curve,success_conditional_descriptive_range,exploratory_stability_no_nominal_coverage_validation,,,,,,,,,
0.02269372761501831,5000,0.5598274234802094,0.00020833333333333335,,,MC_PRECISION_INSUFFICIENT,descriptive_empirical_resampling_not_population_coverage,0,,5000,False,R_main,gamm_summary.json,2.7324767034058652,3.2923041268860747,,G20_k8,,,,,,,,,,,,,,,,,,,0.0,1.0,curve,success_conditional_descriptive_range,exploratory_stability_no_nominal_coverage_validation,,,,,,,,,
0.020702563485748282,5000,0.5163004529275268,0.00020833333333333335,,,MC_PRECISION_INSUFFICIENT,descriptive_empirical_resampling_not_population_coverage,0,,5000,False,R_main,gamm_summary.json,3.37207720321306,3.888377656140587,,G20_k8,,,,,,,,,,,,,,,,,,,0.0,2.0,curve,success_conditional_descriptive_range,exploratory_stability_no_nominal_coverage_validation,,,,,,,,,
0.021202201674670462,5000,0.5516648642218338,0.00020833333333333335,,,MC_PRECISION_INSUFFICIENT,descriptive_empirical_resampling_not_population_coverage,0,,5000,False,R_main,gamm_summary.json,3.837008996182074,4.388673860403908,,G20_k8,,,,,,,,,,,,,,,,,,,0.0,3.0,curve,success_conditional_descriptive_range,exploratory_stability_no_nominal_coverage_validation,,,,,,,,,
0.02585901166023241,5000,0.5700618671545143,0.00020833333333333335,,,MC_PRECISION_INSUFFICIENT,descriptive_empirical_resampling_not_population_coverage,0,,5000,False,R_main,gamm_summary.json,4.037973397314003,4.608035264468517,,G20_k8,,,,,,,,,,,,,,,,,,,0.0,4.0,curve,success_conditional_descriptive_range,exploratory_stability_no_nominal_coverage_validation,,,,,,,,,
0.025845733355807532,5000,0.55001533998978,0.00020833333333333335,,,MC_PRECISION_INSUFFICIENT,descriptive_empirical_resampling_not_population_coverage,0,,5000,False,R_main,gamm_summary.json,3.9538842946545896,4.50389963464437,,G20_k8,,,,,,,,,,,,,,,,,,,0.0,5.0,curve,success_conditional_descriptive_range,exploratory_stability_no_nominal_coverage_validation,,,,,,,,,
0.021614186283856807,5000,0.5572955248974685,0.00020833333333333335,,,MC_PRECISION_INSUFFICIENT,descriptive_empirical_resampling_not_population_coverage,0,,5000,False,R_main,gamm_summary.json,3.7209218143276557,4.278217339225124,,G20_k8,,,,,,,,,,,,,,,,,,,0.0,6.0,curve,success_conditional_descriptive_range,exploratory_stability_no_nominal_coverage_validation,,,,,,,,,
0.026277392980744274,5000,0.5802094805578677,0.00020833333333333335,,,MC_PRECISION_INSUFFICIENT,descriptive_empirical_resampling_not_population_coverage,0,,5000,False,R_main,gamm_summary.json,3.512245532275035,4.092455012832903,,G20_k8,,,,,,,,,,,,,,,,,,,0.0,7.0,curve,success_conditional_descriptive_range,exploratory_stability_no_nominal_coverage_validation,,,,,,,,,
0.024430935996543113,5000,0.603809793091107,0.00020833333333333335,,,MC_PRECISION_INSUFFICIENT,descriptive_empirical_resampling_not_population_coverage,0,,5000,False,R_main,gamm_summary.json,3.379446230875789,3.983256023966896,,G20_k8,,,,,,,,,,,,,,,,,,,0.0,8.0,curve,success_conditional_descriptive_range,exploratory_stability_no_nominal_coverage_validation,,,,,,,,,
0.024897550047403794,5000,0.6067783753329419,0.00020833333333333335,,,MC_PRECISION_INSUFFICIENT,descriptive_empirical_resampling_not_population_coverage,0,,5000,False,R_main,gamm_summary.json,3.280695460584179,3.887473835917121,,G20_k8,,,,,,,,,,,,,,,,,,,0.0,9.0,curve,success_conditional_descriptive_range,exploratory_stability_no_nominal_coverage_validation,,,,,,,,,
0.022283828016208762,5000,0.5934056566281614,0.00020833333333333335,,,MC_PRECISION_INSUFFICIENT,descriptive_empirical_resampling_not_population_coverage,0,,5000,False,R_main,gamm_summary.json,3.158818182206148,3.7522238388343094,,G20_k8,,,,,,,,,,,,,,,,,,,0.0,10.0,curve,success_conditional_descriptive_range,exploratory_stability_no_nominal_coverage_validation,,,,,,,,,
0.0229139795343567,5000,0.5867811328859989,0.00020833333333333335,,,MC_PRECISION_INSUFFICIENT,descriptive_empirical_resampling_not_population_coverage,0,,5000,False,R_main,gamm_summary.json,3.008440268481556,3.5952214013675547,,G20_k8,,,,,,,,,,,,,,,,,,,0.0,11.0,curve,success_conditional_descriptive_range,exploratory_stability_no_nominal_coverage_validation,,,,,,,,,
0.027130528475360904,5000,0.587567852197437,0.00020833333333333335,,,MC_PRECISION_INSUFFICIENT,descriptive_empirical_resampling_not_population_coverage,0,,5000,False,R_main,gamm_summary.json,2.8574020587106594,3.4449699109080965,,G20_k8,,,,,,,,,,,,,,,,,,,0.0,12.0,curve,success_conditional_descriptive_range,exploratory_stability_no_nominal_coverage_validation,,,,,,,,,
0.028334599026405005,5000,0.5794007807763877,0.00020833333333333335,,,MC_PRECISION_INSUFFICIENT,descriptive_empirical_resampling_not_population_coverage,0,,5000,False,R_main,gamm_summary.json,2.7246757612435095,3.304076542019897,,G20_k8,,,,,,,,,,,,,,,,,,,0.0,13.0,curve,success_conditional_descriptive_range,exploratory_stability_no_nominal_coverage_validation,,,,,,,,,
0.024256011955070544,5000,0.5945575713114142,0.00020833333333333335,,,MC_PRECISION_INSUFFICIENT,descriptive_empirical_resampling_not_population_coverage,0,,5000,False,R_main,gamm_summary.json,2.598782530922046,3.19334010223346,,G20_k8,,,,,,,,,,,,,,,,,,,0.0,14.0,curve,success_conditional_descriptive_range,exploratory_stability_no_nominal_coverage_validation,,,,,,,,,
0.02576658823279443,5000,0.5991679344428871,0.00020833333333333335,,,MC_PRECISION_INSUFFICIENT,descriptive_empirical_resampling_not_population_coverage,0,,5000,False,R_main,gamm_summary.json,2.4983240069139643,3.0974919413568514,,G20_k8,,,,,,,,,,,,,,,,,,,0.0,15.0,curve,success_conditional_descriptive_range,exploratory_stability_no_nominal_coverage_validation,,,,,,,,,
0.024291313724606134,5000,0.5988750791258481,0.00020833333333333335,,,MC_PRECISION_INSUFFICIENT,descriptive_empirical_resampling_not_population_coverage,0,,5000,False,R_main,gamm_summary.json,2.4112495149052,3.010124594031048,,G20_k8,,,,,,,,,,,,,,,,,,,0.0,16.0,curve,success_conditional_descriptive_range,exploratory_stability_no_nominal_coverage_validation,,,,,,,,,
0.02358017449703942,5000,0.6295056459080728,0.00020833333333333335,,,MC_PRECISION_INSUFFICIENT,descriptive_empirical_resampling_not_population_coverage,0,,5000,False,R_main,gamm_summary.json,2.3250156078710527,2.9545212537791254,,G20_k8,,,,,,,,,,,,,,,,,,,0.0,17.0,curve,success_conditional_descriptive_range,exploratory_stability_no_nominal_coverage_validation,,,,,,,,,
0.03388747470236941,5000,0.6677045831927648,0.00020833333333333335,,,MC_PRECISION_INSUFFICIENT,descriptive_empirical_resampling_not_population_coverage,0,,5000,False,R_main,gamm_summary.json,2.233771108138771,2.901475691331536,,G20_k8,,,,,,,,,,,,,,,,,,,0.0,18.0,curve,success_conditional_descriptive_range,exploratory_stability_no_nominal_coverage_validation,,,,,,,,,
0.03175853002875595,5000,0.7649651615042412,0.00020833333333333335,,,MC_PRECISION_INSUFFICIENT,descriptive_empirical_resampling_not_population_coverage,0,,5000,False,R_main,gamm_summary.json,2.1229846404937933,2.8879498019980345,,G20_k8,,,,,,,,,,,,,,,,,,,0.0,19.0,curve,success_conditional_descriptive_range,exploratory_stability_no_nominal_coverage_validation,,,,,,,,,
0.04098832172871347,5000,0.9225311247183219,0.00020833333333333335,,,MC_PRECISION_INSUFFICIENT,descriptive_empirical_resampling_not_population_coverage,0,,5000,False,R_main,gamm_summary.json,1.9813962957890896,2.9039274205074115,,G20_k8,,,,,,,,,,,,,,,,,,,0.0,20.0,curve,success_conditional_descriptive_range,exploratory_stability_no_nominal_coverage_validation,,,,,,,,,
0.02216732581827685,5000,0.5601150603075058,0.00020833333333333335,,,MC_PRECISION_INSUFFICIENT,descriptive_empirical_resampling_not_population_coverage,0,,5000,False,R_main,gamm_summary.json,2.7475317668339962,3.307646827141502,,G20_primary_k6,,,,,,,,,,,,,,,,,,,0.0,1.0,curve,success_conditional_descriptive_range,exploratory_stability_no_nominal_coverage_validation,,,,,,,,,
0.02343265444648157,5000,0.48785355008216325,0.00020833333333333335,,,MC_PRECISION_INSUFFICIENT,descriptive_empirical_resampling_not_population_coverage,0,,5000,False,R_main,gamm_summary.json,3.2467982537606,3.7346518038427634,,G20_primary_k6,,,,,,,,,,,,,,,,,,,0.0,2.0,curve,success_conditional_descriptive_range,exploratory_stability_no_nominal_coverage_validation,,,,,,,,,
0.022942596684747407,5000,0.5084264271882368,0.00020833333333333335,,,MC_PRECISION_INSUFFICIENT,descriptive_empirical_resampling_not_population_coverage,0,,5000,False,R_main,gamm_summary.json,3.6416216363242517,4.150048063512489,,G20_primary_k6,,,,,,,,,,,,,,,,,,,0.0,3.0,curve,success_conditional_descriptive_range,exploratory_stability_no_nominal_coverage_validation,,,,,,,,,
0.023532965687932617,5000,0.5501888992951667,0.00020833333333333335,,,MC_PRECISION_INSUFFICIENT,descriptive_empirical_resampling_not_population_coverage,0,,5000,False,R_main,gamm_summary.json,3.89993953023162,4.450128429526787,,G20_primary_k6,,,,,,,,,,,,,,,,,,,0.0,4.0,curve,success_conditional_descriptive_range,exploratory_stability_no_nominal_coverage_validation,,,,,,,,,
0.026762811740748127,5000,0.5688115162638558,0.00020833333333333335,,,MC_PRECISION_INSUFFICIENT,descriptive_empirical_resampling_not_population_coverage,0,,5000,False,R_main,gamm_summary.json,3.998872861641395,4.567684377905251,,G20_primary_k6,,,,,,,,,,,,,,,,,,,0.0,5.0,curve,success_conditional_descriptive_range,exploratory_stability_no_nominal_coverage_validation,,,,,,,,,
0.024968264306455268,5000,0.5607733623446962,0.00020833333333333335,,,MC_PRECISION_INSUFFICIENT,descriptive_empirical_resampling_not_population_coverage,0,,5000,False,R_main,gamm_summary.json,3.914892307588478,4.475665669933174,,G20_primary_k6,,,,,,,,,,,,,,,,,,,0.0,6.0,curve,success_conditional_descriptive_range,exploratory_stability_no_nominal_coverage_validation,,,,,,,,,
0.0248394922283115,5000,0.5664373786229153,0.00020833333333333335,,,MC_PRECISION_INSUFFICIENT,descriptive_empirical_resampling_not_population_coverage,0,,5000,False,R_main,gamm_summary.json,3.697414291158356,4.263851669781271,,G20_primary_k6,,,,,,,,,,,,,,,,,,,0.0,7.0,curve,success_conditional_descriptive_range,exploratory_stability_no_nominal_coverage_validation,,,,,,,,,
0.0283896820699292,5000,0.5975062025463851,0.00020833333333333335,,,MC_PRECISION_INSUFFICIENT,descriptive_empirical_resampling_not_population_coverage,0,,5000,False,R_main,gamm_summary.json,3.425916242198478,4.023422444744863,,G20_primary_k6,,,,,,,,,,,,,,,,,,,0.0,8.0,curve,success_conditional_descriptive_range,exploratory_stability_no_nominal_coverage_validation,,,,,,,,,
0.02741030492436458,5000,0.6121976403840637,0.00020833333333333335,,,MC_PRECISION_INSUFFICIENT,descriptive_empirical_resampling_not_population_coverage,0,,5000,False,R_main,gamm_summary.json,3.1993023172553015,3.811499957639365,,G20_primary_k6,,,,,,,,,,,,,,,,,,,0.0,9.0,curve,success_conditional_descriptive_range,exploratory_stability_no_nominal_coverage_validation,,,,,,,,,
0.02484659152612867,5000,0.5971755861709145,0.00020833333333333335,,,MC_PRECISION_INSUFFICIENT,descriptive_empirical_resampling_not_population_coverage,0,,5000,False,R_main,gamm_summary.json,3.056869296793563,3.6540448829644774,,G20_primary_k6,,,,,,,,,,,,,,,,,,,0.0,10.0,curve,success_conditional_descriptive_range,exploratory_stability_no_nominal_coverage_validation,,,,,,,,,
0.02912221659988612,5000,0.5798102276481489,0.00020833333333333335,,,MC_PRECISION_INSUFFICIENT,descriptive_empirical_resampling_not_population_coverage,0,,5000,False,R_main,gamm_summary.json,2.9664124560949503,3.5462226837430992,,G20_primary_k6,,,,,,,,,,,,,,,,,,,0.0,11.0,curve,success_conditional_descriptive_range,exploratory_stability_no_nominal_coverage_validation,,,,,,,,,
0.02463638942400026,5000,0.5818165847818606,0.00020833333333333335,,,MC_PRECISION_INSUFFICIENT,descriptive_empirical_resampling_not_population_coverage,0,,5000,False,R_main,gamm_summary.json,2.8794464322844853,3.461263017066346,,G20_primary_k6,,,,,,,,,,,,,,,,,,,0.0,12.0,curve,success_conditional_descriptive_range,exploratory_stability_no_nominal_coverage_validation,,,,,,,,,
0.025136512640790976,5000,0.5747339814845267,0.00020833333333333335,,,MC_PRECISION_INSUFFICIENT,descriptive_empirical_resampling_not_population_coverage,0,,5000,False,R_main,gamm_summary.json,2.780908287390479,3.355642268875006,,G20_primary_k6,,,,,,,,,,,,,,,,,,,0.0,13.0,curve,success_conditional_descriptive_range,exploratory_stability_no_nominal_coverage_validation,,,,,,,,,
0.025801325589643653,5000,0.5722263515825619,0.00020833333333333335,,,MC_PRECISION_INSUFFICIENT,descriptive_empirical_resampling_not_population_coverage,0,,5000,False,R_main,gamm_summary.json,2.6607963716076437,3.2330227231902056,,G20_primary_k6,,,,,,,,,,,,,,,,,,,0.0,14.0,curve,success_conditional_descriptive_range,exploratory_stability_no_nominal_coverage_validation,,,,,,,,,
0.02232921448884939,5000,0.5834167452678356,0.00020833333333333335,,,MC_PRECISION_INSUFFICIENT,descriptive_empirical_resampling_not_population_coverage,0,,5000,False,R_main,gamm_summary.json,2.526954714433707,3.1103714597015424,,G20_primary_k6,,,,,,,,,,,,,,,,,,,0.0,15.0,curve,success_conditional_descriptive_range,exploratory_stability_no_nominal_coverage_validation,,,,,,,,,
0.021135099083853692,5000,0.5983455570869434,0.00020833333333333335,,,MC_PRECISION_INSUFFICIENT,descriptive_empirical_resampling_not_population_coverage,0,,5000,False,R_main,gamm_summary.json,2.4010183480791825,2.999363905166126,,G20_primary_k6,,,,,,,,,,,,,,,,,,,0.0,16.0,curve,success_conditional_descriptive_range,exploratory_stability_no_nominal_coverage_validation,,,,,,,,,
0.0279266011768331,5000,0.6095518228174623,0.00020833333333333335,,,MC_PRECISION_INSUFFICIENT,descriptive_empirical_resampling_not_population_coverage,0,,5000,False,R_main,gamm_summary.json,2.304203713469767,2.9137555362872294,,G20_primary_k6,,,,,,,,,,,,,,,,,,,0.0,17.0,curve,success_conditional_descriptive_range,exploratory_stability_no_nominal_coverage_validation,,,,,,,,,
0.02833289843907627,5000,0.6540561982615887,0.00020833333333333335,,,MC_PRECISION_INSUFFICIENT,descriptive_empirical_resampling_not_population_coverage,0,,5000,False,R_main,gamm_summary.json,2.2191094276694554,2.873165625931044,,G20_primary_k6,,,,,,,,,,,,,,,,,,,0.0,18.0,curve,success_conditional_descriptive_range,exploratory_stability_no_nominal_coverage_validation,,,,,,,,,
0.030866776264587337,5000,0.7623728874280982,0.00020833333333333335,,,MC_PRECISION_INSUFFICIENT,descriptive_empirical_resampling_not_population_coverage,0,,5000,False,R_main,gamm_summary.json,2.1155450701193175,2.8779179575474156,,G20_primary_k6,,,,,,,,,,,,,,,,,,,0.0,19.0,curve,success_conditional_descriptive_range,exploratory_stability_no_nominal_coverage_validation,,,,,,,,,
0.04113008889883396,5000,0.920731885182607,0.00020833333333333335,,,MC_PRECISION_INSUFFICIENT,descriptive_empirical_resampling_not_population_coverage,0,,5000,False,R_main,gamm_summary.json,1.9990680673222438,2.919799952504851,,G20_primary_k6,,,,,,,,,,,,,,,,,,,0.0,20.0,curve,success_conditional_descriptive_range,exploratory_stability_no_nominal_coverage_validation,,,,,,,,,
0.004690599099602011,5000,0.12058149810714591,0.0005208333333333333,,,MC_PRECISION_INSUFFICIENT,descriptive_empirical_resampling_not_population_coverage,0,,5000,False,R_main,sparse_summary.json,0.6558205764877177,0.7764020745948637,,S10_bw1.5_2,,,,,,,,,,,,,,,,,,,0.0,1.0,cumulative_fve,success_conditional_descriptive_range,exploratory_stability_no_nominal_coverage_validation,,,,,,,,,
0.0009439348375007706,5000,0.01487157654883553,0.0005208333333333333,,,MC_PRECISION_INSUFFICIENT,descriptive_empirical_resampling_not_population_coverage,0,,5000,False,R_main,sparse_summary.json,0.9764195623856687,0.9912911389345043,,S10_bw1.5_2,,,,,,,,,,,,,,,,,,,0.0,2.0,cumulative_fve,success_conditional_descriptive_range,exploratory_stability_no_nominal_coverage_validation,,,,,,,,,
7.782533140154868e-06,5000,5.06809014859666e-05,0.0005208333333333333,,,MC_PRECISION_INSUFFICIENT,descriptive_empirical_resampling_not_population_coverage,0,,5000,False,R_main,sparse_summary.json,0.9999089985356027,0.9999596794370886,,S10_bw1.5_2,,,,,,,,,,,,,,,,,,,0.0,3.0,cumulative_fve,success_conditional_descriptive_range,exploratory_stability_no_nominal_coverage_validation,,,,,,,,,
9.442572387330372e-07,5000,2.2341261549208014e-05,0.0005208333333333333,,,MC_PRECISION_INSUFFICIENT,descriptive_empirical_resampling_not_population_coverage,0,,5000,False,R_main,sparse_summary.json,0.999959233670968,0.9999815749325172,,S10_bw1.5_2,,,,,,,,,,,,,,,,,,,0.0,4.0,cumulative_fve,success_conditional_descriptive_range,exploratory_stability_no_nominal_coverage_validation,,,,,,,,,
0.5878095208844893,5000,8.473994885659593,0.0005208333333333333,,,MC_PRECISION_INSUFFICIENT,descriptive_empirical_resampling_not_population_coverage,0,,5000,False,R_main,sparse_summary.json,0.5054356538608848,8.979430539520477,,S10_bw1.5_2,,,,,,,,,,,,,,,,,,,0.0,1.0,angle_deg,success_conditional_descriptive_range,exploratory_stability_no_nominal_coverage_validation,,,,,,,,,
0.19493972833350615,5000,3.537837756171872,0.0005208333333333333,,,MC_PRECISION_INSUFFICIENT,descriptive_empirical_resampling_not_population_coverage,0,,5000,False,R_main,sparse_summary.json,0.4707240506765867,4.0085618068484585,,S10_bw1.5_2,,,,,,,,,,,,,,,,,,,0.0,2.0,angle_deg,success_conditional_descriptive_range,exploratory_stability_no_nominal_coverage_validation,,,,,,,,,
0.42090902423110066,5000,6.150996923636659,0.0005208333333333333,,,MC_PRECISION_INSUFFICIENT,descriptive_empirical_resampling_not_population_coverage,0,,5000,False,R_main,sparse_summary.json,0.6402021886136773,6.791199112250336,,S10_bw1.5_2,,,,,,,,,,,,,,,,,,,0.0,3.0,angle_deg,success_conditional_descriptive_range,exploratory_stability_no_nominal_coverage_validation,,,,,,,,,
1.6578036079260414,5000,83.53194154499457,0.0005208333333333333,,,MC_PRECISION_INSUFFICIENT,descriptive_empirical_resampling_not_population_coverage,0,,5000,False,R_main,sparse_summary.json,2.198018710184604,85.72996025517917,,S10_bw1.5_2,,,,,,,,,,,,,,,,,,,0.0,4.0,angle_deg,success_conditional_descriptive_range,exploratory_stability_no_nominal_coverage_validation,,,,,,,,,
0.0045005866422794805,5000,0.11677146913308012,0.0005208333333333333,,,MC_PRECISION_INSUFFICIENT,descriptive_empirical_resampling_not_population_coverage,0,,5000,False,R_main,sparse_summary.json,0.6917158305572522,0.8084872996903323,,S10_bw2_3,,,,,,,,,,,,,,,,,,,0.0,1.0,cumulative_fve,success_conditional_descriptive_range,exploratory_stability_no_nominal_coverage_validation,,,,,,,,,
0.0002185452800215204,5000,0.004393933360372082,0.0005208333333333333,,,MC_PRECISION_INSUFFICIENT,descriptive_empirical_resampling_not_population_coverage,0,,5000,False,R_main,sparse_summary.json,0.9955988795003601,0.9999928128607322,,S10_bw2_3,,,,,,,,,,,,,,,,,,,0.0,2.0,cumulative_fve,success_conditional_descriptive_range,exploratory_stability_no_nominal_coverage_validation,,,,,,,,,
1.2389244075095007e-07,5000,5.813794295983499e-06,0.0005208333333333333,,,MC_PRECISION_INSUFFICIENT,descriptive_empirical_resampling_not_population_coverage,0,,5000,False,R_main,sparse_summary.json,0.9999928048828556,0.9999986186771516,,S10_bw2_3,,,,,,,,,,,,,,,,,,,0.0,3.0,cumulative_fve,success_conditional_descriptive_range,exploratory_stability_no_nominal_coverage_validation,,,,,,,,,
1.349016454099683e-08,5000,1.320819574157639e-06,0.0005208333333333333,,,MC_PRECISION_MET,descriptive_empirical_resampling_not_population_coverage,0,,5000,False,R_main,sparse_summary.json,0.9999986790083153,0.9999999998278895,,S10_bw2_3,,,,,,,,,,,,,,,,,,,0.0,4.0,cumulative_fve,success_conditional_descriptive_range,exploratory_stability_no_nominal_coverage_validation,,,,,,,,,
0.5109227247973482,5000,8.347608247534577,0.0005208333333333333,,,MC_PRECISION_INSUFFICIENT,descriptive_empirical_resampling_not_population_coverage,0,,5000,False,R_main,sparse_summary.json,0.3678852709154298,8.715493518450007,,S10_bw2_3,,,,,,,,,,,,,,,,,,,0.0,1.0,angle_deg,success_conditional_descriptive_range,exploratory_stability_no_nominal_coverage_validation,,,,,,,,,
0.1359657054288781,5000,2.354478764661702,0.0005208333333333333,,,MC_PRECISION_INSUFFICIENT,descriptive_empirical_resampling_not_population_coverage,0,,5000,False,R_main,sparse_summary.json,0.24145818580809578,2.5959369504697976,,S10_bw2_3,,,,,,,,,,,,,,,,,,,0.0,2.0,angle_deg,success_conditional_descriptive_range,exploratory_stability_no_nominal_coverage_validation,,,,,,,,,
1.3108752571939135,5000,86.57036239583559,0.0005208333333333333,,,MC_PRECISION_INSUFFICIENT,descriptive_empirical_resampling_not_population_coverage,0,,5000,False,R_main,sparse_summary.json,1.6432422456644957,88.21360464150008,,S10_bw2_3,,,,,,,,,,,,,,,,,,,0.0,3.0,angle_deg,success_conditional_descriptive_range,exploratory_stability_no_nominal_coverage_validation,,,,,,,,,
1.240836134969669,5000,78.6600338795861,0.0005208333333333333,,,MC_PRECISION_INSUFFICIENT,descriptive_empirical_resampling_not_population_coverage,0,,5000,False,R_main,sparse_summary.json,1.833248502606033,80.49328238219213,,S10_bw2_3,,,,,,,,,,,,,,,,,,,0.0,4.0,angle_deg,success_conditional_descriptive_range,exploratory_stability_no_nominal_coverage_validation,,,,,,,,,
0.004466283637364787,5000,0.10404048185781767,0.0005208333333333333,,,MC_PRECISION_INSUFFICIENT,descriptive_empirical_resampling_not_population_coverage,0,,5000,False,R_main,sparse_summary.json,0.747864822718757,0.8519053045765747,,S10_bw3_4,,,,,,,,,,,,,,,,,,,0.0,1.0,cumulative_fve,success_conditional_descriptive_range,exploratory_stability_no_nominal_coverage_validation,,,,,,,,,
9.582408778241458e-05,5000,0.0003945907720327435,0.0005208333333333333,,,MC_PRECISION_INSUFFICIENT,descriptive_empirical_resampling_not_population_coverage,0,,5000,False,R_main,sparse_summary.json,0.9996052453356868,0.9999998361077196,,S10_bw3_4,,,,,,,,,,,,,,,,,,,0.0,2.0,cumulative_fve,success_conditional_descriptive_range,exploratory_stability_no_nominal_coverage_validation,,,,,,,,,
3.8181422468142046e-09,5000,1.9105382942363747e-07,0.0005208333333333333,,,MC_PRECISION_MET,descriptive_empirical_resampling_not_population_coverage,0,,5000,False,R_main,sparse_summary.json,0.9999997975811771,0.9999999886350065,,S10_bw3_4,,,,,,,,,,,,,,,,,,,0.0,3.0,cumulative_fve,success_conditional_descriptive_range,exploratory_stability_no_nominal_coverage_validation,,,,,,,,,
3.827206329631849e-10,5000,1.2925753467563084e-08,0.0005208333333333333,,,MC_PRECISION_INSUFFICIENT,descriptive_empirical_resampling_not_population_coverage,0,,5000,False,R_main,sparse_summary.json,0.9999999870740798,0.9999999999998332,,S10_bw3_4,,,,,,,,,,,,,,,,,,,0.0,4.0,cumulative_fve,success_conditional_descriptive_range,exploratory_stability_no_nominal_coverage_validation,,,,,,,,,
0.5563715128646285,5000,7.46044175062501,0.0005208333333333333,,,MC_PRECISION_INSUFFICIENT,descriptive_empirical_resampling_not_population_coverage,0,,5000,False,R_main,sparse_summary.json,0.2686501614015665,7.729091912026576,,S10_bw3_4,,,,,,,,,,,,,,,,,,,0.0,1.0,angle_deg,success_conditional_descriptive_range,exploratory_stability_no_nominal_coverage_validation,,,,,,,,,
0.14669956655949945,5000,1.8131510115978282,0.0005208333333333333,,,MC_PRECISION_INSUFFICIENT,descriptive_empirical_resampling_not_population_coverage,0,,5000,False,R_main,sparse_summary.json,0.13860411596941677,1.951755127567245,,S10_bw3_4,,,,,,,,,,,,,,,,,,,0.0,2.0,angle_deg,success_conditional_descriptive_range,exploratory_stability_no_nominal_coverage_validation,,,,,,,,,
0.058553225345988835,5000,89.38634923462651,0.0005208333333333333,,,MC_PRECISION_MET,descriptive_empirical_resampling_not_population_coverage,0,,5000,False,R_main,sparse_summary.json,0.4203101300144713,89.80665936464098,,S10_bw3_4,,,,,,,,,,,,,,,,,,,0.0,3.0,angle_deg,success_conditional_descriptive_range,exploratory_stability_no_nominal_coverage_validation,,,,,,,,,
0.34380133831587045,5000,81.78791368766879,0.0005208333333333333,,,MC_PRECISION_MET,descriptive_empirical_resampling_not_population_coverage,0,,5000,False,R_main,sparse_summary.json,0.5108361131580353,82.29874980082683,,S10_bw3_4,,,,,,,,,,,,,,,,,,,0.0,4.0,angle_deg,success_conditional_descriptive_range,exploratory_stability_no_nominal_coverage_validation,,,,,,,,,
0.007491325852873709,5000,0.13736565449477056,0.0005208333333333333,,,MC_PRECISION_INSUFFICIENT,descriptive_empirical_resampling_not_population_coverage,0,,5000,False,R_main,sparse_summary.json,0.47845483635550035,0.6158204908502709,,S20_bw1.5_2,,,,,,,,,,,,,,,,,,,0.0,1.0,cumulative_fve,success_conditional_descriptive_range,exploratory_stability_no_nominal_coverage_validation,,,,,,,,,
0.004139933818040675,5000,0.08013410543243604,0.0005208333333333333,,,MC_PRECISION_INSUFFICIENT,descriptive_empirical_resampling_not_population_coverage,0,,5000,False,R_main,sparse_summary.json,0.7807487096704949,0.860882815102931,,S20_bw1.5_2,,,,,,,,,,,,,,,,,,,0.0,2.0,cumulative_fve,success_conditional_descriptive_range,exploratory_stability_no_nominal_coverage_validation,,,,,,,,,
0.001383533839196316,5000,0.031521655199518994,0.0005208333333333333,,,MC_PRECISION_INSUFFICIENT,descriptive_empirical_resampling_not_population_coverage,0,,5000,False,R_main,sparse_summary.json,0.9461182854971807,0.9776399406966997,,S20_bw1.5_2,,,,,,,,,,,,,,,,,,,0.0,3.0,cumulative_fve,success_conditional_descriptive_range,exploratory_stability_no_nominal_coverage_validation,,,,,,,,,
0.00031938399531183936,5000,0.010259523995576947,0.0005208333333333333,,,MC_PRECISION_INSUFFICIENT,descriptive_empirical_resampling_not_population_coverage,0,,5000,False,R_main,sparse_summary.json,0.9880824739155744,0.9983419979111513,,S20_bw1.5_2,,,,,,,,,,,,,,,,,,,0.0,4.0,cumulative_fve,success_conditional_descriptive_range,exploratory_stability_no_nominal_coverage_validation,,,,,,,,,
1.2233184405084216,5000,14.530276633117229,0.0005208333333333333,,,MC_PRECISION_INSUFFICIENT,descriptive_empirical_resampling_not_population_coverage,0,,5000,False,R_main,sparse_summary.json,1.828164787708673,16.3584414208259,,S20_bw1.5_2,,,,,,,,,,,,,,,,,,,0.0,1.0,angle_deg,success_conditional_descriptive_range,exploratory_stability_no_nominal_coverage_validation,,,,,,,,,
2.012037628641682,5000,18.993418898275593,0.0005208333333333333,,,MC_PRECISION_INSUFFICIENT,descriptive_empirical_resampling_not_population_coverage,0,,5000,False,R_main,sparse_summary.json,2.5905618617449253,21.583980760020516,,S20_bw1.5_2,,,,,,,,,,,,,,,,,,,0.0,2.0,angle_deg,success_conditional_descriptive_range,exploratory_stability_no_nominal_coverage_validation,,,,,,,,,
0.6246546336726126,5000,10.673613761604468,0.0005208333333333333,,,MC_PRECISION_INSUFFICIENT,descriptive_empirical_resampling_not_population_coverage,0,,5000,False,R_main,sparse_summary.json,2.123135491152655,12.796749252757124,,S20_bw1.5_2,,,,,,,,,,,,,,,,,,,0.0,3.0,angle_deg,success_conditional_descriptive_range,exploratory_stability_no_nominal_coverage_validation,,,,,,,,,
1.7768135561235319,5000,19.49752024303822,0.0005208333333333333,,,MC_PRECISION_INSUFFICIENT,descriptive_empirical_resampling_not_population_coverage,0,,5000,False,R_main,sparse_summary.json,2.336908633710671,21.83442887674889,,S20_bw1.5_2,,,,,,,,,,,,,,,,,,,0.0,4.0,angle_deg,success_conditional_descriptive_range,exploratory_stability_no_nominal_coverage_validation,,,,,,,,,
0.005623008024638998,5000,0.15077726637677707,0.0005208333333333333,,,MC_PRECISION_INSUFFICIENT,descriptive_empirical_resampling_not_population_coverage,0,,5000,False,R_main,sparse_summary.json,0.49512721177549207,0.6459044781522691,,S20_bw2_3,,,,,,,,,,,,,,,,,,,0.0,1.0,cumulative_fve,success_conditional_descriptive_range,exploratory_stability_no_nominal_coverage_validation,,,,,,,,,
0.0030940297442511033,5000,0.0773778403456048,0.0005208333333333333,,,MC_PRECISION_INSUFFICIENT,descriptive_empirical_resampling_not_population_coverage,0,,5000,False,R_main,sparse_summary.json,0.8259929909908986,0.9033708313365034,,S20_bw2_3,,,,,,,,,,,,,,,,,,,0.0,2.0,cumulative_fve,success_conditional_descriptive_range,exploratory_stability_no_nominal_coverage_validation,,,,,,,,,
0.0009074035284573068,5000,0.016002420918545535,0.0005208333333333333,,,MC_PRECISION_INSUFFICIENT,descriptive_empirical_resampling_not_population_coverage,0,,5000,False,R_main,sparse_summary.json,0.9759522460538889,0.9919546669724344,,S20_bw2_3,,,,,,,,,,,,,,,,,,,0.0,3.0,cumulative_fve,success_conditional_descriptive_range,exploratory_stability_no_nominal_coverage_validation,,,,,,,,,
9.211529850605693e-05,5000,0.001330634331107583,0.0005208333333333333,,,MC_PRECISION_INSUFFICIENT,descriptive_empirical_resampling_not_population_coverage,0,,5000,False,R_main,sparse_summary.json,0.998655051379362,0.9999856857104695,,S20_bw2_3,,,,,,,,,,,,,,,,,,,0.0,4.0,cumulative_fve,success_conditional_descriptive_range,exploratory_stability_no_nominal_coverage_validation,,,,,,,,,
1.2906421598874687,5000,15.610710076849422,0.0005208333333333333,,,MC_PRECISION_INSUFFICIENT,descriptive_empirical_resampling_not_population_coverage,0,,5000,False,R_main,sparse_summary.json,1.5446926929002767,17.1554027697497,,S20_bw2_3,,,,,,,,,,,,,,,,,,,0.0,1.0,angle_deg,success_conditional_descriptive_range,exploratory_stability_no_nominal_coverage_validation,,,,,,,,,
0.902988241702456,5000,14.20800266056903,0.0005208333333333333,,,MC_PRECISION_INSUFFICIENT,descriptive_empirical_resampling_not_population_coverage,0,,5000,False,R_main,sparse_summary.json,1.8959130347117745,16.103915695280804,,S20_bw2_3,,,,,,,,,,,,,,,,,,,0.0,2.0,angle_deg,success_conditional_descriptive_range,exploratory_stability_no_nominal_coverage_validation,,,,,,,,,
0.6238567251542637,5000,8.630180962658123,0.0005208333333333333,,,MC_PRECISION_INSUFFICIENT,descriptive_empirical_resampling_not_population_coverage,0,,5000,False,R_main,sparse_summary.json,1.3962711709937914,10.026452133651915,,S20_bw2_3,,,,,,,,,,,,,,,,,,,0.0,3.0,angle_deg,success_conditional_descriptive_range,exploratory_stability_no_nominal_coverage_validation,,,,,,,,,
1.1013736260154978,5000,12.369387011141654,0.0005208333333333333,,,MC_PRECISION_INSUFFICIENT,descriptive_empirical_resampling_not_population_coverage,0,,5000,False,R_main,sparse_summary.json,1.2964303763125518,13.665817387454206,,S20_bw2_3,,,,,,,,,,,,,,,,,,,0.0,4.0,angle_deg,success_conditional_descriptive_range,exploratory_stability_no_nominal_coverage_validation,,,,,,,,,
0.006466908737437493,5000,0.15514155447338585,0.0005208333333333333,,,MC_PRECISION_INSUFFICIENT,descriptive_empirical_resampling_not_population_coverage,0,,5000,False,R_main,sparse_summary.json,0.51946058154065,0.6746021360140358,,S20_bw3_4,,,,,,,,,,,,,,,,,,,0.0,1.0,cumulative_fve,success_conditional_descriptive_range,exploratory_stability_no_nominal_coverage_validation,,,,,,,,,
0.0032941722462831446,5000,0.06483804063793763,0.0005208333333333333,,,MC_PRECISION_INSUFFICIENT,descriptive_empirical_resampling_not_population_coverage,0,,5000,False,R_main,sparse_summary.json,0.8837810198907299,0.9486190605286675,,S20_bw3_4,,,,,,,,,,,,,,,,,,,0.0,2.0,cumulative_fve,success_conditional_descriptive_range,exploratory_stability_no_nominal_coverage_validation,,,,,,,,,
0.0002613468957265441,5000,0.006506788613825809,0.0005208333333333333,,,MC_PRECISION_INSUFFICIENT,descriptive_empirical_resampling_not_population_coverage,0,,5000,False,R_main,sparse_summary.json,0.9916621337315638,0.9981689223453896,,S20_bw3_4,,,,,,,,,,,,,,,,,,,0.0,3.0,cumulative_fve,success_conditional_descriptive_range,exploratory_stability_no_nominal_coverage_validation,,,,,,,,,
2.09216995505912e-07,5000,2.313842968226787e-06,0.0005208333333333333,,,MC_PRECISION_INSUFFICIENT,descriptive_empirical_resampling_not_population_coverage,0,,5000,False,R_main,sparse_summary.json,0.9999948294497769,0.9999971432927451,,S20_bw3_4,,,,,,,,,,,,,,,,,,,0.0,4.0,cumulative_fve,success_conditional_descriptive_range,exploratory_stability_no_nominal_coverage_validation,,,,,,,,,
1.6475673066396475,5000,17.174936752294855,0.0005208333333333333,,,MC_PRECISION_INSUFFICIENT,descriptive_empirical_resampling_not_population_coverage,0,,5000,False,R_main,sparse_summary.json,1.3660319049906902,18.540968657285546,,S20_bw3_4,,,,,,,,,,,,,,,,,,,0.0,1.0,angle_deg,success_conditional_descriptive_range,exploratory_stability_no_nominal_coverage_validation,,,,,,,,,
0.5802922586194939,5000,9.62634039836929,0.0005208333333333333,,,MC_PRECISION_INSUFFICIENT,descriptive_empirical_resampling_not_population_coverage,0,,5000,False,R_main,sparse_summary.json,1.2931099838179787,10.91945038218727,,S20_bw3_4,,,,,,,,,,,,,,,,,,,0.0,2.0,angle_deg,success_conditional_descriptive_range,exploratory_stability_no_nominal_coverage_validation,,,,,,,,,
0.699674412602457,5000,7.74135130562166,0.0005208333333333333,,,MC_PRECISION_INSUFFICIENT,descriptive_empirical_resampling_not_population_coverage,0,,5000,False,R_main,sparse_summary.json,0.986172832592419,8.72752413821408,,S20_bw3_4,,,,,,,,,,,,,,,,,,,0.0,3.0,angle_deg,success_conditional_descriptive_range,exploratory_stability_no_nominal_coverage_validation,,,,,,,,,
1.2985285348601376,5000,13.023650398245287,0.0005208333333333333,,,MC_PRECISION_INSUFFICIENT,descriptive_empirical_resampling_not_population_coverage,0,,5000,False,R_main,sparse_summary.json,1.039859940053678,14.063510338298965,,S20_bw3_4,,,,,,,,,,,,,,,,,,,0.0,4.0,angle_deg,success_conditional_descriptive_range,exploratory_stability_no_nominal_coverage_validation,,,,,,,,,
0.0009458448713672851,100000,0.12422655550326667,0.0010416666666666667,,,MC_PRECISION_MET,descriptive_empirical_resampling_not_population_coverage,0,,100000,False,FPCA_precision,complete_summary.json,0.5381530886150386,0.6623796441183053,,F10,,,,,,,,,,,,,,,,,,,0.0,1.0,cumulative_fve,success_conditional_descriptive_range,exploratory_stability_no_nominal_coverage_validation,,,,,,,,,
0.00042004508239057436,100000,0.048961352389704116,0.0010416666666666667,,,MC_PRECISION_MET,descriptive_empirical_resampling_not_population_coverage,0,,100000,False,FPCA_precision,complete_summary.json,0.8437728969880676,0.8927342493777717,,F10,,,,,,,,,,,,,,,,,,,0.0,2.0,cumulative_fve,success_conditional_descriptive_range,exploratory_stability_no_nominal_coverage_validation,,,,,,,,,
0.0002392814135299126,100000,0.02707913182280508,0.0010416666666666667,,,MC_PRECISION_MET,descriptive_empirical_resampling_not_population_coverage,0,,100000,False,FPCA_precision,complete_summary.json,0.9138937901550623,0.9409729219778674,,F10,,,,,,,,,,,,,,,,,,,0.0,3.0,cumulative_fve,success_conditional_descriptive_range,exploratory_stability_no_nominal_coverage_validation,,,,,,,,,
0.00016770408385424762,100000,0.01854148334751282,0.0010416666666666667,,,MC_PRECISION_MET,descriptive_empirical_resampling_not_population_coverage,0,,100000,False,FPCA_precision,complete_summary.json,0.9408339439287366,0.9593754272762495,,F10,,,,,,,,,,,,,,,,,,,0.0,4.0,cumulative_fve,success_conditional_descriptive_range,exploratory_stability_no_nominal_coverage_validation,,,,,,,,,
0.14074646569422455,100000,9.75400360487811,0.0010416666666666667,,,MC_PRECISION_MET,descriptive_empirical_resampling_not_population_coverage,0,,100000,False,FPCA_precision,complete_summary.json,1.177390487669432,10.931394092547542,,F10,,,,,,,,,,,,,,,,,,,0.0,1.0,angle_deg,success_conditional_descriptive_range,exploratory_stability_no_nominal_coverage_validation,,,,,,,,,
0.0653927944671322,100000,5.263042048908658,0.0010416666666666667,,,MC_PRECISION_MET,descriptive_empirical_resampling_not_population_coverage,0,,100000,False,FPCA_precision,complete_summary.json,1.7214229246075732,6.984464973516231,,F10,,,,,,,,,,,,,,,,,,,0.0,2.0,angle_deg,success_conditional_descriptive_range,exploratory_stability_no_nominal_coverage_validation,,,,,,,,,
0.14758522037480937,100000,10.641374109829332,0.0010416666666666667,,,MC_PRECISION_MET,descriptive_empirical_resampling_not_population_coverage,0,,100000,False,FPCA_precision,complete_summary.json,3.1160696218612602,13.757443731690593,,F10,,,,,,,,,,,,,,,,,,,0.0,3.0,angle_deg,success_conditional_descriptive_range,exploratory_stability_no_nominal_coverage_validation,,,,,,,,,
1.2519115141978716,100000,60.95780203972227,0.0010416666666666667,,,MC_PRECISION_INSUFFICIENT,descriptive_empirical_resampling_not_population_coverage,0,,100000,False,FPCA_precision,complete_summary.json,6.8639953454280525,67.82179738515032,,F10,,,,,,,,,,,,,,,,,,,0.0,4.0,angle_deg,success_conditional_descriptive_range,exploratory_stability_no_nominal_coverage_validation,,,,,,,,,
0.0004640811577240056,100000,0.017935084687573988,0.0010416666666666667,,,MC_PRECISION_INSUFFICIENT,descriptive_empirical_resampling_not_population_coverage,0,,100000,False,FPCA_precision,complete_summary.json,0.9818537426813976,0.9997888273689716,,F10,,,,,,,,,,,,,,,,,,,0.0,1.0,matched_inner,success_conditional_descriptive_range,exploratory_stability_no_nominal_coverage_validation,,,,,,,,,
0.00047752323946725905,100000,0.01946712788936289,0.0010416666666666667,,,MC_PRECISION_INSUFFICIENT,descriptive_empirical_resampling_not_population_coverage,0,,100000,False,FPCA_precision,complete_summary.json,0.9798930580021172,0.9993601858914801,,F10,,,,,,,,,,,,,,,,,,,0.0,2.0,matched_inner,success_conditional_descriptive_range,exploratory_stability_no_nominal_coverage_validation,,,,,,,,,
0.0006080356880876492,100000,0.02832245943006151,0.0010416666666666667,,,MC_PRECISION_INSUFFICIENT,descriptive_empirical_resampling_not_population_coverage,0,,100000,False,FPCA_precision,complete_summary.json,0.9698486948258253,0.9981711542558868,,F10,,,,,,,,,,,,,,,,,,,0.0,3.0,matched_inner,success_conditional_descriptive_range,exploratory_stability_no_nominal_coverage_validation,,,,,,,,,
0.020329091455934922,100000,0.6159096565279998,0.0010416666666666667,,,MC_PRECISION_INSUFFICIENT,descriptive_empirical_resampling_not_population_coverage,0,,100000,False,FPCA_precision,complete_summary.json,0.3759632637164033,0.9918729202444031,,F10,,,,,,,,,,,,,,,,,,,0.0,4.0,matched_inner,success_conditional_descriptive_range,exploratory_stability_no_nominal_coverage_validation,,,,,,,,,
0.001518791321879931,100000,0.19459502285211777,0.0010416666666666667,,,MC_PRECISION_MET,descriptive_empirical_resampling_not_population_coverage,0,,100000,False,FPCA_precision,complete_summary.json,0.36861835326014974,0.5632133761122675,,F20,,,,,,,,,,,,,,,,,,,0.0,1.0,cumulative_fve,success_conditional_descriptive_range,exploratory_stability_no_nominal_coverage_validation,,,,,,,,,
0.0009377169415865083,100000,0.125065634473562,0.0010416666666666667,,,MC_PRECISION_MET,descriptive_empirical_resampling_not_population_coverage,0,,100000,False,FPCA_precision,complete_summary.json,0.6454060160272146,0.7704716505007766,,F20,,,,,,,,,,,,,,,,,,,0.0,2.0,cumulative_fve,success_conditional_descriptive_range,exploratory_stability_no_nominal_coverage_validation,,,,,,,,,
0.0007209155316917348,100000,0.0853625888007683,0.0010416666666666667,,,MC_PRECISION_MET,descriptive_empirical_resampling_not_population_coverage,0,,100000,False,FPCA_precision,complete_summary.json,0.7922379972107434,0.8776005860115117,,F20,,,,,,,,,,,,,,,,,,,0.0,3.0,cumulative_fve,success_conditional_descriptive_range,exploratory_stability_no_nominal_coverage_validation,,,,,,,,,
0.0005490037203830234,100000,0.058211880189128484,0.0010416666666666667,,,MC_PRECISION_MET,descriptive_empirical_resampling_not_population_coverage,0,,100000,False,FPCA_precision,complete_summary.json,0.8602227718750998,0.9184346520642283,,F20,,,,,,,,,,,,,,,,,,,0.0,4.0,cumulative_fve,success_conditional_descriptive_range,exploratory_stability_no_nominal_coverage_validation,,,,,,,,,
0.7515639235850244,100000,29.86714326608153,0.0010416666666666667,,,MC_PRECISION_INSUFFICIENT,descriptive_empirical_resampling_not_population_coverage,0,,100000,False,FPCA_precision,complete_summary.json,4.178661718621238,34.04580498470277,,F20,,,,,,,,,,,,,,,,,,,0.0,1.0,angle_deg,success_conditional_descriptive_range,exploratory_stability_no_nominal_coverage_validation,,,,,,,,,
0.33277184464756004,100000,25.203259121739862,0.0010416666666666667,,,MC_PRECISION_MET,descriptive_empirical_resampling_not_population_coverage,0,,100000,False,FPCA_precision,complete_summary.json,6.079866900025923,31.283126021765785,,F20,,,,,,,,,,,,,,,,,,,0.0,2.0,angle_deg,success_conditional_descriptive_range,exploratory_stability_no_nominal_coverage_validation,,,,,,,,,
0.43483737370508635,100000,21.556076903479582,0.0010416666666666667,,,MC_PRECISION_INSUFFICIENT,descriptive_empirical_resampling_not_population_coverage,0,,100000,False,FPCA_precision,complete_summary.json,6.4561618584066025,28.012238761886184,,F20,,,,,,,,,,,,,,,,,,,0.0,3.0,angle_deg,success_conditional_descriptive_range,exploratory_stability_no_nominal_coverage_validation,,,,,,,,,
0.708887962626676,100000,71.07144361921117,0.0010416666666666667,,,MC_PRECISION_INSUFFICIENT,descriptive_empirical_resampling_not_population_coverage,0,,100000,False,FPCA_precision,complete_summary.json,9.431684708920418,80.50312832813158,,F20,,,,,,,,,,,,,,,,,,,0.0,4.0,angle_deg,success_conditional_descriptive_range,exploratory_stability_no_nominal_coverage_validation,,,,,,,,,
0.0047789903286297175,100000,0.15672748993938646,0.0010416666666666667,,,MC_PRECISION_INSUFFICIENT,descriptive_empirical_resampling_not_population_coverage,0,,100000,False,FPCA_precision,complete_summary.json,0.8406136406129351,0.9973411305523215,,F20,,,,,,,,,,,,,,,,,,,0.0,1.0,matched_inner,success_conditional_descriptive_range,exploratory_stability_no_nominal_coverage_validation,,,,,,,,,
0.004367396221360953,100000,0.20238556806079888,0.0010416666666666667,,,MC_PRECISION_INSUFFICIENT,descriptive_empirical_resampling_not_population_coverage,0,,100000,False,FPCA_precision,complete_summary.json,0.7912173258108645,0.9936028938716633,,F20,,,,,,,,,,,,,,,,,,,0.0,2.0,matched_inner,success_conditional_descriptive_range,exploratory_stability_no_nominal_coverage_validation,,,,,,,,,
0.0037633080949445175,100000,0.18276393807686386,0.0010416666666666667,,,MC_PRECISION_INSUFFICIENT,descriptive_empirical_resampling_not_population_coverage,0,,100000,False,FPCA_precision,complete_summary.json,0.8077181409718404,0.9904820790487042,,F20,,,,,,,,,,,,,,,,,,,0.0,3.0,matched_inner,success_conditional_descriptive_range,exploratory_stability_no_nominal_coverage_validation,,,,,,,,,
0.01119243151735086,100000,0.8164371048298366,0.0010416666666666667,,,MC_PRECISION_INSUFFICIENT,descriptive_empirical_resampling_not_population_coverage,0,,100000,False,FPCA_precision,complete_summary.json,0.16709620349605103,0.9835333083258876,,F20,,,,,,,,,,,,,,,,,,,0.0,4.0,matched_inner,success_conditional_descriptive_range,exploratory_stability_no_nominal_coverage_validation,,,,,,,,,
0.0046511627906977715,200000,0.3209302325581397,6.868131868131868e-05,0.8411214953271028,mean_change,MC_PRECISION_MET,success_conditional_descriptive_resampling_range_not_population_CI,0,VAS,200000,False,completion,finite_changes_summary.json,0.6837209302325581,1.0046511627906978,,,,,,,,,,,,,,,,,,,,,,,,,,0.01,2.0,1.0,214.0,1.0,,,,
0.0,200000,0.0,6.868131868131868e-05,1.0,median_change,MC_PRECISION_MET,success_conditional_descriptive_resampling_range_not_population_CI,0,VAS,200000,True,completion,finite_changes_summary.json,1.0,1.0,,,,,,,,,,,,,,,,,,,,,,,,,,0.01,2.0,1.0,214.0,1.0,,,,
0.0046511627906977715,200000,0.3209302325581397,6.868131868131868e-05,0.8411214953271028,mean_rate,MC_PRECISION_MET,success_conditional_descriptive_resampling_range_not_population_CI,0,VAS/minute,200000,False,completion,finite_changes_summary.json,0.6837209302325581,1.0046511627906978,,,,,,,,,,,,,,,,,,,,,,,,,,0.01,2.0,1.0,214.0,1.0,,,,
0.0,200000,0.0,6.868131868131868e-05,1.0,median_rate,MC_PRECISION_MET,success_conditional_descriptive_resampling_range_not_population_CI,0,VAS/minute,200000,True,completion,finite_changes_summary.json,1.0,1.0,,,,,,,,,,,,,,,,,,,,,,,,,,0.01,2.0,1.0,214.0,1.0,,,,
0.002281602386907111,200000,0.13084112149532712,6.868131868131868e-05,0.5794392523364486,rise_proportion,MC_PRECISION_INSUFFICIENT,success_conditional_descriptive_resampling_range_not_population_CI,0,proportion,200000,False,completion,finite_changes_summary.json,0.514018691588785,0.6448598130841121,,,,,,,,,,,,,,,,,,,,,,,,,,0.002,2.0,1.0,214.0,1.0,,,,
0.0,200000,0.06959356661595306,6.868131868131868e-05,0.07009345794392523,fall_proportion,MC_PRECISION_MET,success_conditional_descriptive_resampling_range_not_population_CI,0,proportion,200000,False,completion,finite_changes_summary.json,0.037383177570093455,0.10697674418604651,,,,,,,,,,,,,,,,,,,,,,,,,,0.002,2.0,1.0,214.0,1.0,,,,
0.001987116497434216,200000,0.1267222465993857,6.868131868131868e-05,0.35046728971962615,unchanged_proportion,MC_PRECISION_MET,success_conditional_descriptive_resampling_range_not_population_CI,0,proportion,200000,False,completion,finite_changes_summary.json,0.28837209302325584,0.41509433962264153,,,,,,,,,,,,,,,,,,,,,,,,,,0.002,2.0,1.0,214.0,1.0,,,,
0.0023473158009127415,200000,0.3060638991523582,6.868131868131868e-05,0.35046728971962615,mean_change,MC_PRECISION_MET,success_conditional_descriptive_resampling_range_not_population_CI,0,VAS,200000,False,completion,finite_changes_summary.json,0.19626168224299065,0.5023255813953489,,,,,,,,,,,,,,,,,,,,,,,,,,0.01,3.0,1.0,214.0,2.0,,,,
0.0,200000,1.0,6.868131868131868e-05,0.0,median_change,MC_PRECISION_MET,success_conditional_descriptive_resampling_range_not_population_CI,0,VAS,200000,False,completion,finite_changes_summary.json,0.0,1.0,,,,,,,,,,,,,,,,,,,,,,,,,,0.01,3.0,1.0,214.0,2.0,,,,
0.0023473158009127415,200000,0.3060638991523582,6.868131868131868e-05,0.35046728971962615,mean_rate,MC_PRECISION_MET,success_conditional_descriptive_resampling_range_not_population_CI,0,VAS/minute,200000,False,completion,finite_changes_summary.json,0.19626168224299065,0.5023255813953489,,,,,,,,,,,,,,,,,,,,,,,,,,0.01,3.0,1.0,214.0,2.0,,,,
0.0,200000,1.0,6.868131868131868e-05,0.0,median_rate,MC_PRECISION_MET,success_conditional_descriptive_resampling_range_not_population_CI,0,VAS/minute,200000,False,completion,finite_changes_summary.json,0.0,1.0,,,,,,,,,,,,,,,,,,,,,,,,,,0.01,3.0,1.0,214.0,2.0,,,,
0.0021281263712153997,200000,0.13420359806932863,6.868131868131868e-05,0.4485981308411215,rise_proportion,MC_PRECISION_INSUFFICIENT,success_conditional_descriptive_resampling_range_not_population_CI,0,proportion,200000,False,completion,finite_changes_summary.json,0.38207547169811323,0.5162790697674419,,,,,,,,,,,,,,,,,,,,,,,,,,0.002,3.0,1.0,214.0,2.0,,,,
0.003005704256252739,200000,0.09869593566615953,6.868131868131868e-05,0.16822429906542055,fall_proportion,MC_PRECISION_INSUFFICIENT,success_conditional_descriptive_resampling_range_not_population_CI,0,proportion,200000,False,completion,finite_changes_summary.json,0.12093023255813953,0.21962616822429906,,,,,,,,,,,,,,,,,,,,,,,,,,0.002,3.0,1.0,214.0,2.0,,,,
0.0021060945109911966,200000,0.13084112149532712,6.868131868131868e-05,0.38317757009345793,unchanged_proportion,MC_PRECISION_INSUFFICIENT,success_conditional_descriptive_resampling_range_not_population_CI,0,proportion,200000,False,completion,finite_changes_summary.json,0.3177570093457944,0.4485981308411215,,,,,,,,,,,,,,,,,,,,,,,,,,0.002,3.0,1.0,214.0,2.0,,,,
0.003967554223241049,200000,0.3102134821507662,6.868131868131868e-05,0.07981220657276995,mean_change,MC_PRECISION_MET,success_conditional_descriptive_resampling_range_not_population_CI,0,VAS,200000,False,completion,finite_changes_summary.json,-0.07547169811320754,0.2347417840375587,,,,,,,,,,,,,,,,,,,,,,,,,,0.01,4.0,1.0,213.0,3.0,,,,
0.0,200000,0.0,6.868131868131868e-05,0.0,median_change,MC_PRECISION_MET,success_conditional_descriptive_resampling_range_not_population_CI,0,VAS,200000,True,completion,finite_changes_summary.json,0.0,0.0,,,,,,,,,,,,,,,,,,,,,,,,,,0.01,4.0,1.0,213.0,3.0,,,,
0.003967554223241049,200000,0.3102134821507662,6.868131868131868e-05,0.07981220657276995,mean_rate,MC_PRECISION_MET,success_conditional_descriptive_resampling_range_not_population_CI,0,VAS/minute,200000,False,completion,finite_changes_summary.json,-0.07547169811320754,0.2347417840375587,,,,,,,,,,,,,,,,,,,,,,,,,,0.01,4.0,1.0,213.0,3.0,,,,
0.0,200000,0.0,6.868131868131868e-05,0.0,median_rate,MC_PRECISION_MET,success_conditional_descriptive_resampling_range_not_population_CI,0,VAS/minute,200000,True,completion,finite_changes_summary.json,0.0,0.0,,,,,,,,,,,,,,,,,,,,,,,,,,0.01,4.0,1.0,213.0,3.0,,,,
0.0019086481505857789,200000,0.12692120299419762,6.868131868131868e-05,0.3427230046948357,rise_proportion,MC_PRECISION_MET,success_conditional_descriptive_resampling_range_not_population_CI,0,proportion,200000,False,completion,finite_changes_summary.json,0.2796208530805687,0.40654205607476634,,,,,,,,,,,,,,,,,,,,,,,,,,0.002,4.0,1.0,213.0,3.0,,,,
0.0015356939142644466,200000,0.11780047815692238,6.868131868131868e-05,0.2676056338028169,fall_proportion,MC_PRECISION_MET,success_conditional_descriptive_resampling_range_not_population_CI,0,proportion,200000,False,completion,finite_changes_summary.json,0.20930232558139536,0.32710280373831774,,,,,,,,,,,,,,,,,,,,,,,,,,0.002,4.0,1.0,213.0,3.0,,,,
0.001528036141376532,200000,0.12992736291965634,6.868131868131868e-05,0.38967136150234744,unchanged_proportion,MC_PRECISION_MET,success_conditional_descriptive_resampling_range_not_population_CI,0,proportion,200000,False,completion,finite_changes_summary.json,0.32547169811320753,0.45539906103286387,,,,,,,,,,,,,,,,,,,,,,,,,,0.002,4.0,1.0,213.0,3.0,,,,
0.004558753487106213,200000,0.248850056630377,6.868131868131868e-05,-0.1179245283018868,mean_change,MC_PRECISION_MET,success_conditional_descriptive_resampling_range_not_population_CI,0,VAS,200000,False,completion,finite_changes_summary.json,-0.24401913875598086,0.004830917874396135,,,,,,,,,,,,,,,,,,,,,,,,,,0.01,5.0,1.0,212.0,4.0,,,,
0.0,200000,0.0,6.868131868131868e-05,0.0,median_change,MC_PRECISION_MET,success_conditional_descriptive_resampling_range_not_population_CI,0,VAS,200000,True,completion,finite_changes_summary.json,0.0,0.0,,,,,,,,,,,,,,,,,,,,,,,,,,0.01,5.0,1.0,212.0,4.0,,,,
0.004558753487106213,200000,0.248850056630377,6.868131868131868e-05,-0.1179245283018868,mean_rate,MC_PRECISION_MET,success_conditional_descriptive_resampling_range_not_population_CI,0,VAS/minute,200000,False,completion,finite_changes_summary.json,-0.24401913875598086,0.004830917874396135,,,,,,,,,,,,,,,,,,,,,,,,,,0.01,5.0,1.0,212.0,4.0,,,,
0.0,200000,0.0,6.868131868131868e-05,0.0,median_rate,MC_PRECISION_MET,success_conditional_descriptive_resampling_range_not_population_CI,0,VAS/minute,200000,True,completion,finite_changes_summary.json,0.0,0.0,,,,,,,,,,,,,,,,,,,,,,,,,,0.01,5.0,1.0,212.0,4.0,,,,
0.0008858180529719428,200000,0.11566858080393766,6.868131868131868e-05,0.24528301886792453,rise_proportion,MC_PRECISION_MET,success_conditional_descriptive_resampling_range_not_population_CI,0,proportion,200000,False,completion,finite_changes_summary.json,0.18867924528301888,0.30434782608695654,,,,,,,,,,,,,,,,,,,,,,,,,,0.002,5.0,1.0,212.0,4.0,,,,
0.00124719381391869,200000,0.12438522757757309,6.868131868131868e-05,0.30660377358490565,fall_proportion,MC_PRECISION_MET,success_conditional_descriptive_resampling_range_not_population_CI,0,proportion,200000,False,completion,finite_changes_summary.json,0.24528301886792453,0.3696682464454976,,,,,,,,,,,,,,,,,,,,,,,,,,0.002,5.0,1.0,212.0,4.0,,,,
0.0021281263712153997,200000,0.13488372093023254,6.868131868131868e-05,0.4481132075471698,unchanged_proportion,MC_PRECISION_INSUFFICIENT,success_conditional_descriptive_resampling_range_not_population_CI,0,proportion,200000,False,completion,finite_changes_summary.json,0.3813953488372093,0.5162790697674419,,,,,,,,,,,,,,,,,,,,,,,,,,0.002,5.0,1.0,212.0,4.0,,,,
0.004426559356136818,200000,0.2866532528504359,6.868131868131868e-05,-0.12264150943396226,mean_change,MC_PRECISION_MET,success_conditional_descriptive_resampling_range_not_population_CI,0,VAS,200000,False,completion,finite_changes_summary.json,-0.2676056338028169,0.01904761904761905,,,,,,,,,,,,,,,,,,,,,,,,,,0.01,6.0,1.0,212.0,5.0,,,,
0.0,200000,0.0,6.868131868131868e-05,0.0,median_change,MC_PRECISION_MET,success_conditional_descriptive_resampling_range_not_population_CI,0,VAS,200000,True,completion,finite_changes_summary.json,0.0,0.0,,,,,,,,,,,,,,,,,,,,,,,,,,0.01,6.0,1.0,212.0,5.0,,,,
0.004426559356136818,200000,0.2866532528504359,6.868131868131868e-05,-0.12264150943396226,mean_rate,MC_PRECISION_MET,success_conditional_descriptive_resampling_range_not_population_CI,0,VAS/minute,200000,False,completion,finite_changes_summary.json,-0.2676056338028169,0.01904761904761905,,,,,,,,,,,,,,,,,,,,,,,,,,0.01,6.0,1.0,212.0,5.0,,,,
0.0,200000,0.0,6.868131868131868e-05,0.0,median_rate,MC_PRECISION_MET,success_conditional_descriptive_resampling_range_not_population_CI,0,VAS/minute,200000,True,completion,finite_changes_summary.json,0.0,0.0,,,,,,,,,,,,,,,,,,,,,,,,,,0.01,6.0,1.0,212.0,5.0,,,,
0.0014769095117381226,200000,0.11310481648848228,6.868131868131868e-05,0.22641509433962265,rise_proportion,MC_PRECISION_MET,success_conditional_descriptive_resampling_range_not_population_CI,0,proportion,200000,False,completion,finite_changes_summary.json,0.17061611374407584,0.2837209302325581,,,,,,,,,,,,,,,,,,,,,,,,,,0.002,6.0,1.0,212.0,5.0,,,,
0.00136660201022748,200000,0.12291269876422906,6.868131868131868e-05,0.29245283018867924,fall_proportion,MC_PRECISION_MET,success_conditional_descriptive_resampling_range_not_population_CI,0,proportion,200000,False,completion,finite_changes_summary.json,0.23222748815165878,0.35514018691588783,,,,,,,,,,,,,,,,,,,,,,,,,,0.002,6.0,1.0,212.0,5.0,,,,
0.0012181616832779296,200000,0.1345514950166113,6.868131868131868e-05,0.4811320754716981,unchanged_proportion,MC_PRECISION_MET,success_conditional_descriptive_resampling_range_not_population_CI,0,proportion,200000,False,completion,finite_changes_summary.json,0.4142857142857143,0.5488372093023256,,,,,,,,,,,,,,,,,,,,,,,,,,0.002,6.0,1.0,212.0,5.0,,,,
0.001638763397998011,200000,0.26684911999643995,6.868131868131868e-05,-0.2132701421800948,mean_change,MC_PRECISION_MET,success_conditional_descriptive_resampling_range_not_population_CI,0,VAS,200000,False,completion,finite_changes_summary.json,-0.3474178403755869,-0.08056872037914692,,,,,,,,,,,,,,,,,,,,,,,,,,0.01,7.0,1.0,211.0,6.0,,,,
0.0,200000,0.0,6.868131868131868e-05,0.0,median_change,MC_PRECISION_MET,success_conditional_descriptive_resampling_range_not_population_CI,0,VAS,200000,True,completion,finite_changes_summary.json,0.0,0.0,,,,,,,,,,,,,,,,,,,,,,,,,,0.01,7.0,1.0,211.0,6.0,,,,
0.001638763397998011,200000,0.26684911999643995,6.868131868131868e-05,-0.2132701421800948,mean_rate,MC_PRECISION_MET,success_conditional_descriptive_resampling_range_not_population_CI,0,VAS/minute,200000,False,completion,finite_changes_summary.json,-0.3474178403755869,-0.08056872037914692,,,,,,,,,,,,,,,,,,,,,,,,,,0.01,7.0,1.0,211.0,6.0,,,,
0.0,200000,0.0,6.868131868131868e-05,0.0,median_rate,MC_PRECISION_MET,success_conditional_descriptive_resampling_range_not_population_CI,0,VAS/minute,200000,True,completion,finite_changes_summary.json,0.0,0.0,,,,,,,,,,,,,,,,,,,,,,,,,,0.01,7.0,1.0,211.0,6.0,,,,
0.0012295448448538249,200000,0.10849056603773585,6.868131868131868e-05,0.2037914691943128,rise_proportion,MC_PRECISION_MET,success_conditional_descriptive_resampling_range_not_population_CI,0,proportion,200000,False,completion,finite_changes_summary.json,0.1509433962264151,0.25943396226415094,,,,,,,,,,,,,,,,,,,,,,,,,,0.002,7.0,1.0,211.0,6.0,,,,
0.001274255566484861,200000,0.12735849056603776,6.868131868131868e-05,0.33175355450236965,fall_proportion,MC_PRECISION_MET,success_conditional_descriptive_resampling_range_not_population_CI,0,proportion,200000,False,completion,finite_changes_summary.json,0.2688679245283019,0.39622641509433965,,,,,,,,,,,,,,,,,,,,,,,,,,0.002,7.0,1.0,211.0,6.0,,,,
0.0016179017409534424,200000,0.13420470450133193,6.868131868131868e-05,0.46445497630331756,unchanged_proportion,MC_PRECISION_MET,success_conditional_descriptive_resampling_range_not_population_CI,0,proportion,200000,False,completion,finite_changes_summary.json,0.397196261682243,0.5314009661835749,,,,,,,,,,,,,,,,,,,,,,,,,,0.002,7.0,1.0,211.0,6.0,,,,
0.003537735849056603,200000,0.2568127962085308,6.868131868131868e-05,-0.06666666666666667,mean_change,MC_PRECISION_MET,success_conditional_descriptive_resampling_range_not_population_CI,0,VAS,200000,False,completion,finite_changes_summary.json,-0.1943127962085308,0.0625,,,,,,,,,,,,,,,,,,,,,,,,,,0.01,8.0,1.0,210.0,7.0,,,,
0.0,200000,0.0,6.868131868131868e-05,0.0,median_change,MC_PRECISION_MET,success_conditional_descriptive_resampling_range_not_population_CI,0,VAS,200000,True,completion,finite_changes_summary.json,0.0,0.0,,,,,,,,,,,,,,,,,,,,,,,,,,0.01,8.0,1.0,210.0,7.0,,,,
0.003537735849056603,200000,0.2568127962085308,6.868131868131868e-05,-0.06666666666666667,mean_rate,MC_PRECISION_MET,success_conditional_descriptive_resampling_range_not_population_CI,0,VAS/minute,200000,False,completion,finite_changes_summary.json,-0.1943127962085308,0.0625,,,,,,,,,,,,,,,,,,,,,,,,,,0.01,8.0,1.0,210.0,7.0,,,,
0.0,200000,0.0,6.868131868131868e-05,0.0,median_rate,MC_PRECISION_MET,success_conditional_descriptive_resampling_range_not_population_CI,0,VAS/minute,200000,True,completion,finite_changes_summary.json,0.0,0.0,,,,,,,,,,,,,,,,,,,,,,,,,,0.01,8.0,1.0,210.0,7.0,,,,
0.0011164783084214314,200000,0.1083051229970661,6.868131868131868e-05,0.2,rise_proportion,MC_PRECISION_MET,success_conditional_descriptive_resampling_range_not_population_CI,0,proportion,200000,False,completion,finite_changes_summary.json,0.14761904761904762,0.2559241706161137,,,,,,,,,,,,,,,,,,,,,,,,,,0.002,8.0,1.0,210.0,7.0,,,,
0.0011164274322169043,200000,0.12303816193976375,6.868131868131868e-05,0.29523809523809524,fall_proportion,MC_PRECISION_MET,success_conditional_descriptive_resampling_range_not_population_CI,0,proportion,200000,False,completion,finite_changes_summary.json,0.23444976076555024,0.357487922705314,,,,,,,,,,,,,,,,,,,,,,,,,,0.002,8.0,1.0,210.0,7.0,,,,
0.0014810426540284305,200000,0.13461538461538458,6.868131868131868e-05,0.5047619047619047,unchanged_proportion,MC_PRECISION_MET,success_conditional_descriptive_resampling_range_not_population_CI,0,proportion,200000,False,completion,finite_changes_summary.json,0.4375,0.5721153846153846,,,,,,,,,,,,,,,,,,,,,,,,,,0.002,8.0,1.0,210.0,7.0,,,,
0.0018110271430488156,200000,0.2230693556320708,6.868131868131868e-05,-0.16346153846153846,mean_change,MC_PRECISION_MET,success_conditional_descriptive_resampling_range_not_population_CI,0,VAS,200000,False,completion,finite_changes_summary.json,-0.2757009345794392,-0.05263157894736842,,,,,,,,,,,,,,,,,,,,,,,,,,0.01,9.0,1.0,208.0,8.0,,,,
0.0,200000,0.0,6.868131868131868e-05,0.0,median_change,MC_PRECISION_MET,success_conditional_descriptive_resampling_range_not_population_CI,0,VAS,200000,True,completion,finite_changes_summary.json,0.0,0.0,,,,,,,,,,,,,,,,,,,,,,,,,,0.01,9.0,1.0,208.0,8.0,,,,
0.0018110271430488156,200000,0.2230693556320708,6.868131868131868e-05,-0.16346153846153846,mean_rate,MC_PRECISION_MET,success_conditional_descriptive_resampling_range_not_population_CI,0,VAS/minute,200000,False,completion,finite_changes_summary.json,-0.2757009345794392,-0.05263157894736842,,,,,,,,,,,,,,,,,,,,,,,,,,0.01,9.0,1.0,208.0,8.0,,,,
0.0,200000,0.0,6.868131868131868e-05,0.0,median_rate,MC_PRECISION_MET,success_conditional_descriptive_resampling_range_not_population_CI,0,VAS/minute,200000,True,completion,finite_changes_summary.json,0.0,0.0,,,,,,,,,,,,,,,,,,,,,,,,,,0.01,9.0,1.0,208.0,8.0,,,,
0.0006768584432255975,200000,0.10047846889952154,6.868131868131868e-05,0.16346153846153846,rise_proportion,MC_PRECISION_MET,success_conditional_descriptive_resampling_range_not_population_CI,0,proportion,200000,False,completion,finite_changes_summary.json,0.11483253588516747,0.215311004784689,,,,,,,,,,,,,,,,,,,,,,,,,,0.002,9.0,1.0,208.0,8.0,,,,
0.0014264022454332226,200000,0.12218460844053264,6.868131868131868e-05,0.27884615384615385,fall_proportion,MC_PRECISION_MET,success_conditional_descriptive_resampling_range_not_population_CI,0,proportion,200000,False,completion,finite_changes_summary.json,0.21904761904761905,0.3412322274881517,,,,,,,,,,,,,,,,,,,,,,,,,,0.002,9.0,1.0,208.0,8.0,,,,
0.002139603368149834,200000,0.13470873786407767,6.868131868131868e-05,0.5576923076923077,unchanged_proportion,MC_PRECISION_INSUFFICIENT,success_conditional_descriptive_resampling_range_not_population_CI,0,proportion,200000,False,completion,finite_changes_summary.json,0.49029126213592233,0.625,,,,,,,,,,,,,,,,,,,,,,,,,,0.002,9.0,1.0,208.0,8.0,,,,
0.001571091908876665,200000,0.20571862348178135,6.868131868131868e-05,-0.10679611650485436,mean_change,MC_PRECISION_MET,success_conditional_descriptive_resampling_range_not_population_CI,0,VAS,200000,False,completion,finite_changes_summary.json,-0.21052631578947367,-0.004807692307692308,,,,,,,,,,,,,,,,,,,,,,,,,,0.01,10.0,1.0,206.0,9.0,,,,
0.0,200000,0.0,6.868131868131868e-05,0.0,median_change,MC_PRECISION_MET,success_conditional_descriptive_resampling_range_not_population_CI,0,VAS,200000,True,completion,finite_changes_summary.json,0.0,0.0,,,,,,,,,,,,,,,,,,,,,,,,,,0.01,10.0,1.0,206.0,9.0,,,,
0.001571091908876665,200000,0.20571862348178135,6.868131868131868e-05,-0.10679611650485436,mean_rate,MC_PRECISION_MET,success_conditional_descriptive_resampling_range_not_population_CI,0,VAS/minute,200000,False,completion,finite_changes_summary.json,-0.21052631578947367,-0.004807692307692308,,,,,,,,,,,,,,,,,,,,,,,,,,0.01,10.0,1.0,206.0,9.0,,,,
0.0,200000,0.0,6.868131868131868e-05,0.0,median_rate,MC_PRECISION_MET,success_conditional_descriptive_resampling_range_not_population_CI,0,VAS/minute,200000,True,completion,finite_changes_summary.json,0.0,0.0,,,,,,,,,,,,,,,,,,,,,,,,,,0.01,10.0,1.0,206.0,9.0,,,,
0.0010192195690157252,200000,0.09801576132845483,6.868131868131868e-05,0.15048543689320387,rise_proportion,MC_PRECISION_MET,success_conditional_descriptive_resampling_range_not_population_CI,0,proportion,200000,False,completion,finite_changes_summary.json,0.10294117647058823,0.20095693779904306,,,,,,,,,,,,,,,,,,,,,,,,,,0.002,10.0,1.0,206.0,9.0,,,,
0.0011312217194570096,200000,0.11744840525328332,6.868131868131868e-05,0.24757281553398058,fall_proportion,MC_PRECISION_MET,success_conditional_descriptive_resampling_range_not_population_CI,0,proportion,200000,False,completion,finite_changes_summary.json,0.1902439024390244,0.3076923076923077,,,,,,,,,,,,,,,,,,,,,,,,,,0.002,10.0,1.0,206.0,9.0,,,,
0.0016025641025640969,200000,0.13395550527903466,6.868131868131868e-05,0.6019417475728155,unchanged_proportion,MC_PRECISION_MET,success_conditional_descriptive_resampling_range_not_population_CI,0,proportion,200000,False,completion,finite_changes_summary.json,0.5343137254901961,0.6682692307692307,,,,,,,,,,,,,,,,,,,,,,,,,,0.002,10.0,1.0,206.0,9.0,,,,
0.0019230769230769162,200000,0.27692307692307694,6.868131868131868e-05,-0.13917525773195877,mean_change,MC_PRECISION_MET,success_conditional_descriptive_resampling_range_not_population_CI,0,VAS,200000,False,completion,finite_changes_summary.json,-0.27692307692307694,0.0,,,,,,,,,,,,,,,,,,,,,,,,,,0.01,11.0,1.0,194.0,10.0,,,,
0.0,200000,0.0,6.868131868131868e-05,0.0,median_change,MC_PRECISION_MET,success_conditional_descriptive_resampling_range_not_population_CI,0,VAS,200000,True,completion,finite_changes_summary.json,0.0,0.0,,,,,,,,,,,,,,,,,,,,,,,,,,0.01,11.0,1.0,194.0,10.0,,,,
0.0019230769230769162,200000,0.27692307692307694,6.868131868131868e-05,-0.13917525773195877,mean_rate,MC_PRECISION_MET,success_conditional_descriptive_resampling_range_not_population_CI,0,VAS/minute,200000,False,completion,finite_changes_summary.json,-0.27692307692307694,0.0,,,,,,,,,,,,,,,,,,,,,,,,,,0.01,11.0,1.0,194.0,10.0,,,,
0.0,200000,0.0,6.868131868131868e-05,0.0,median_rate,MC_PRECISION_MET,success_conditional_descriptive_resampling_range_not_population_CI,0,VAS/minute,200000,True,completion,finite_changes_summary.json,0.0,0.0,,,,,,,,,,,,,,,,,,,,,,,,,,0.01,11.0,1.0,194.0,10.0,,,,
0.0012545682648775203,200000,0.11036684284891937,6.868131868131868e-05,0.19072164948453607,rise_proportion,MC_PRECISION_MET,success_conditional_descriptive_resampling_range_not_population_CI,0,proportion,200000,False,completion,finite_changes_summary.json,0.13705583756345177,0.24742268041237114,,,,,,,,,,,,,,,,,,,,,,,,,,0.002,11.0,1.0,194.0,10.0,,,,
0.0012886597938144284,200000,0.13010204081632654,6.868131868131868e-05,0.30927835051546393,fall_proportion,MC_PRECISION_MET,success_conditional_descriptive_resampling_range_not_population_CI,0,proportion,200000,False,completion,finite_changes_summary.json,0.24489795918367346,0.375,,,,,,,,,,,,,,,,,,,,,,,,,,0.002,11.0,1.0,194.0,10.0,,,,
0.0007588841785732825,200000,0.14062881480074874,6.868131868131868e-05,0.5,unchanged_proportion,MC_PRECISION_MET,success_conditional_descriptive_resampling_range_not_population_CI,0,proportion,200000,False,completion,finite_changes_summary.json,0.43005181347150256,0.5706806282722513,,,,,,,,,,,,,,,,,,,,,,,,,,0.002,11.0,1.0,194.0,10.0,,,,
0.0045695045695045705,200000,0.2528897219618869,6.868131868131868e-05,-0.13989637305699482,mean_change,MC_PRECISION_MET,success_conditional_descriptive_resampling_range_not_population_CI,0,VAS,200000,False,completion,finite_changes_summary.json,-0.26804123711340205,-0.015151515151515152,,,,,,,,,,,,,,,,,,,,,,,,,,0.01,12.0,1.0,193.0,11.0,,,,
0.0,200000,0.0,6.868131868131868e-05,0.0,median_change,MC_PRECISION_MET,success_conditional_descriptive_resampling_range_not_population_CI,0,VAS,200000,True,completion,finite_changes_summary.json,0.0,0.0,,,,,,,,,,,,,,,,,,,,,,,,,,0.01,12.0,1.0,193.0,11.0,,,,
0.0045695045695045705,200000,0.2528897219618869,6.868131868131868e-05,-0.13989637305699482,mean_rate,MC_PRECISION_MET,success_conditional_descriptive_resampling_range_not_population_CI,0,VAS/minute,200000,False,completion,finite_changes_summary.json,-0.26804123711340205,-0.015151515151515152,,,,,,,,,,,,,,,,,,,,,,,,,,0.01,12.0,1.0,193.0,11.0,,,,
0.0,200000,0.0,6.868131868131868e-05,0.0,median_rate,MC_PRECISION_MET,success_conditional_descriptive_resampling_range_not_population_CI,0,VAS/minute,200000,True,completion,finite_changes_summary.json,0.0,0.0,,,,,,,,,,,,,,,,,,,,,,,,,,0.01,12.0,1.0,193.0,11.0,,,,
0.0009818360333824216,200000,0.10877115607255083,6.868131868131868e-05,0.18134715025906736,rise_proportion,MC_PRECISION_MET,success_conditional_descriptive_resampling_range_not_population_CI,0,proportion,200000,False,completion,finite_changes_summary.json,0.12834224598930483,0.23711340206185566,,,,,,,,,,,,,,,,,,,,,,,,,,0.002,12.0,1.0,193.0,11.0,,,,
0.001262321059275373,200000,0.12629876360446307,6.868131868131868e-05,0.27979274611398963,fall_proportion,MC_PRECISION_MET,success_conditional_descriptive_resampling_range_not_population_CI,0,proportion,200000,False,completion,finite_changes_summary.json,0.21761658031088082,0.3439153439153439,,,,,,,,,,,,,,,,,,,,,,,,,,0.002,12.0,1.0,193.0,11.0,,,,
0.001084369214493508,200000,0.14095394736842104,6.868131868131868e-05,0.538860103626943,unchanged_proportion,MC_PRECISION_MET,success_conditional_descriptive_resampling_range_not_population_CI,0,proportion,200000,False,completion,finite_changes_summary.json,0.46842105263157896,0.609375,,,,,,,,,,,,,,,,,,,,,,,,,,0.002,12.0,1.0,193.0,11.0,,,,
0.0012807377049180446,200000,0.22664584959666928,6.868131868131868e-05,-0.1925133689839572,mean_change,MC_PRECISION_MET,success_conditional_descriptive_resampling_range_not_population_CI,0,VAS,200000,False,completion,finite_changes_summary.json,-0.30601092896174864,-0.07936507936507936,,,,,,,,,,,,,,,,,,,,,,,,,,0.01,13.0,1.0,187.0,12.0,,,,
0.0,200000,0.0,6.868131868131868e-05,0.0,median_change,MC_PRECISION_MET,success_conditional_descriptive_resampling_range_not_population_CI,0,VAS,200000,True,completion,finite_changes_summary.json,0.0,0.0,,,,,,,,,,,,,,,,,,,,,,,,,,0.01,13.0,1.0,187.0,12.0,,,,
0.0012807377049180446,200000,0.22664584959666928,6.868131868131868e-05,-0.1925133689839572,mean_rate,MC_PRECISION_MET,success_conditional_descriptive_resampling_range_not_population_CI,0,VAS/minute,200000,False,completion,finite_changes_summary.json,-0.30601092896174864,-0.07936507936507936,,,,,,,,,,,,,,,,,,,,,,,,,,0.01,13.0,1.0,187.0,12.0,,,,
0.0,200000,0.0,6.868131868131868e-05,0.0,median_rate,MC_PRECISION_MET,success_conditional_descriptive_resampling_range_not_population_CI,0,VAS/minute,200000,True,completion,finite_changes_summary.json,0.0,0.0,,,,,,,,,,,,,,,,,,,,,,,,,,0.01,13.0,1.0,187.0,12.0,,,,
0.0008912655971479444,200000,0.09209119054320293,6.868131868131868e-05,0.11764705882352941,rise_proportion,MC_PRECISION_MET,success_conditional_descriptive_resampling_range_not_population_CI,0,proportion,200000,False,completion,finite_changes_summary.json,0.07368421052631578,0.1657754010695187,,,,,,,,,,,,,,,,,,,,,,,,,,0.002,13.0,1.0,187.0,12.0,,,,
0.0009574468085106203,200000,0.131120218579235,6.868131868131868e-05,0.2994652406417112,fall_proportion,MC_PRECISION_MET,success_conditional_descriptive_resampling_range_not_population_CI,0,proportion,200000,False,completion,finite_changes_summary.json,0.235,0.366120218579235,,,,,,,,,,,,,,,,,,,,,,,,,,0.002,13.0,1.0,187.0,12.0,,,,
0.001991558171333452,200000,0.14161378587646267,6.868131868131868e-05,0.5828877005347594,unchanged_proportion,MC_PRECISION_MET,success_conditional_descriptive_resampling_range_not_population_CI,0,proportion,200000,False,completion,finite_changes_summary.json,0.5112359550561798,0.6528497409326425,,,,,,,,,,,,,,,,,,,,,,,,,,0.002,13.0,1.0,187.0,12.0,,,,
0.005021612001017035,200000,0.24786378487057048,6.868131868131868e-05,-0.11299435028248588,mean_change,MC_PRECISION_INSUFFICIENT,success_conditional_descriptive_resampling_range_not_population_CI,0,VAS,200000,False,completion,finite_changes_summary.json,-0.23699421965317918,0.010869565217391304,,,,,,,,,,,,,,,,,,,,,,,,,,0.01,14.0,1.0,177.0,13.0,,,,
0.0,200000,0.0,6.868131868131868e-05,0.0,median_change,MC_PRECISION_MET,success_conditional_descriptive_resampling_range_not_population_CI,0,VAS,200000,True,completion,finite_changes_summary.json,0.0,0.0,,,,,,,,,,,,,,,,,,,,,,,,,,0.01,14.0,1.0,177.0,13.0,,,,
0.005021612001017035,200000,0.24786378487057048,6.868131868131868e-05,-0.11299435028248588,mean_rate,MC_PRECISION_INSUFFICIENT,success_conditional_descriptive_resampling_range_not_population_CI,0,VAS/minute,200000,False,completion,finite_changes_summary.json,-0.23699421965317918,0.010869565217391304,,,,,,,,,,,,,,,,,,,,,,,,,,0.01,14.0,1.0,177.0,13.0,,,,
0.0,200000,0.0,6.868131868131868e-05,0.0,median_rate,MC_PRECISION_MET,success_conditional_descriptive_resampling_range_not_population_CI,0,VAS/minute,200000,True,completion,finite_changes_summary.json,0.0,0.0,,,,,,,,,,,,,,,,,,,,,,,,,,0.01,14.0,1.0,177.0,13.0,,,,
0.0007533902561526751,200000,0.11049723756906078,6.868131868131868e-05,0.1694915254237288,rise_proportion,MC_PRECISION_MET,success_conditional_descriptive_resampling_range_not_population_CI,0,proportion,200000,False,completion,finite_changes_summary.json,0.11602209944751381,0.2265193370165746,,,,,,,,,,,,,,,,,,,,,,,,,,0.002,14.0,1.0,177.0,13.0,,,,
0.001090873028990802,200000,0.12851539126387876,6.868131868131868e-05,0.2542372881355932,fall_proportion,MC_PRECISION_MET,success_conditional_descriptive_resampling_range_not_population_CI,0,proportion,200000,False,completion,finite_changes_summary.json,0.19101123595505617,0.31952662721893493,,,,,,,,,,,,,,,,,,,,,,,,,,0.002,14.0,1.0,177.0,13.0,,,,
0.001073639004673499,200000,0.1455267895945862,6.868131868131868e-05,0.576271186440678,unchanged_proportion,MC_PRECISION_MET,success_conditional_descriptive_resampling_range_not_population_CI,0,proportion,200000,False,completion,finite_changes_summary.json,0.5028248587570622,0.6483516483516484,,,,,,,,,,,,,,,,,,,,,,,,,,0.002,14.0,1.0,177.0,13.0,,,,
0.0014114800376394676,200000,0.22589336358479864,6.868131868131868e-05,-0.13095238095238096,mean_change,MC_PRECISION_MET,success_conditional_descriptive_resampling_range_not_population_CI,0,VAS,200000,False,completion,finite_changes_summary.json,-0.2441860465116279,-0.018292682926829267,,,,,,,,,,,,,,,,,,,,,,,,,,0.01,15.0,1.0,168.0,14.0,,,,
0.0,200000,0.0,6.868131868131868e-05,0.0,median_change,MC_PRECISION_MET,success_conditional_descriptive_resampling_range_not_population_CI,0,VAS,200000,True,completion,finite_changes_summary.json,0.0,0.0,,,,,,,,,,,,,,,,,,,,,,,,,,0.01,15.0,1.0,168.0,14.0,,,,
0.0014114800376394676,200000,0.22589336358479864,6.868131868131868e-05,-0.13095238095238096,mean_rate,MC_PRECISION_MET,success_conditional_descriptive_resampling_range_not_population_CI,0,VAS/minute,200000,False,completion,finite_changes_summary.json,-0.2441860465116279,-0.018292682926829267,,,,,,,,,,,,,,,,,,,,,,,,,,0.01,15.0,1.0,168.0,14.0,,,,
0.0,200000,0.0,6.868131868131868e-05,0.0,median_rate,MC_PRECISION_MET,success_conditional_descriptive_resampling_range_not_population_CI,0,VAS/minute,200000,True,completion,finite_changes_summary.json,0.0,0.0,,,,,,,,,,,,,,,,,,,,,,,,,,0.01,15.0,1.0,168.0,14.0,,,,
0.0008774780630484147,200000,0.09979479084451459,6.868131868131868e-05,0.125,rise_proportion,MC_PRECISION_MET,success_conditional_descriptive_resampling_range_not_population_CI,0,proportion,200000,False,completion,finite_changes_summary.json,0.07734806629834254,0.17714285714285713,,,,,,,,,,,,,,,,,,,,,,,,,,0.002,15.0,1.0,168.0,14.0,,,,
0.0009397841977027699,200000,0.1259865971705138,6.868131868131868e-05,0.22023809523809523,fall_proportion,MC_PRECISION_MET,success_conditional_descriptive_resampling_range_not_population_CI,0,proportion,200000,False,completion,finite_changes_summary.json,0.1588235294117647,0.2848101265822785,,,,,,,,,,,,,,,,,,,,,,,,,,0.002,15.0,1.0,168.0,14.0,,,,
0.0009684508511192957,200000,0.1438361686688704,6.868131868131868e-05,0.6547619047619048,unchanged_proportion,MC_PRECISION_MET,success_conditional_descriptive_resampling_range_not_population_CI,0,proportion,200000,False,completion,finite_changes_summary.json,0.5822784810126582,0.7261146496815286,,,,,,,,,,,,,,,,,,,,,,,,,,0.002,15.0,1.0,168.0,14.0,,,,
0.002439835865587228,200000,0.3321882514599794,6.868131868131868e-05,-0.056451612903225805,mean_change,MC_PRECISION_MET,success_conditional_descriptive_resampling_range_not_population_CI,0,VAS,200000,False,completion,finite_changes_summary.json,-0.21951219512195122,0.11267605633802817,,,,,,,,,,,,,,,,,,,,,,,,,,0.01,16.0,1.0,124.0,15.0,,,,
0.0,200000,0.0,6.868131868131868e-05,0.0,median_change,MC_PRECISION_MET,success_conditional_descriptive_resampling_range_not_population_CI,0,VAS,200000,True,completion,finite_changes_summary.json,0.0,0.0,,,,,,,,,,,,,,,,,,,,,,,,,,0.01,16.0,1.0,124.0,15.0,,,,
0.002439835865587228,200000,0.3321882514599794,6.868131868131868e-05,-0.056451612903225805,mean_rate,MC_PRECISION_MET,success_conditional_descriptive_resampling_range_not_population_CI,0,VAS/minute,200000,False,completion,finite_changes_summary.json,-0.21951219512195122,0.11267605633802817,,,,,,,,,,,,,,,,,,,,,,,,,,0.01,16.0,1.0,124.0,15.0,,,,
0.0,200000,0.0,6.868131868131868e-05,0.0,median_rate,MC_PRECISION_MET,success_conditional_descriptive_resampling_range_not_population_CI,0,VAS/minute,200000,True,completion,finite_changes_summary.json,0.0,0.0,,,,,,,,,,,,,,,,,,,,,,,,,,0.01,16.0,1.0,124.0,15.0,,,,
0.0016746759866026195,200000,0.1349244671311306,6.868131868131868e-05,0.1774193548387097,rise_proportion,MC_PRECISION_MET,success_conditional_descriptive_resampling_range_not_population_CI,0,proportion,200000,False,completion,finite_changes_summary.json,0.11278195488721804,0.24770642201834864,,,,,,,,,,,,,,,,,,,,,,,,,,0.002,16.0,1.0,124.0,15.0,,,,
0.0013782097780356828,200000,0.1587183308494784,6.868131868131868e-05,0.28225806451612906,fall_proportion,MC_PRECISION_MET,success_conditional_descriptive_resampling_range_not_population_CI,0,proportion,200000,False,completion,finite_changes_summary.json,0.20491803278688525,0.36363636363636365,,,,,,,,,,,,,,,,,,,,,,,,,,0.002,16.0,1.0,124.0,15.0,,,,
0.0013542409123307175,200000,0.1757330637007078,6.868131868131868e-05,0.5403225806451613,unchanged_proportion,MC_PRECISION_MET,success_conditional_descriptive_resampling_range_not_population_CI,0,proportion,200000,False,completion,finite_changes_summary.json,0.45217391304347826,0.627906976744186,,,,,,,,,,,,,,,,,,,,,,,,,,0.002,16.0,1.0,124.0,15.0,,,,
0.0031746031746031633,200000,0.46296296296296297,6.868131868131868e-05,-0.15853658536585366,mean_change,MC_PRECISION_MET,success_conditional_descriptive_resampling_range_not_population_CI,0,VAS,200000,False,completion,finite_changes_summary.json,-0.3888888888888889,0.07407407407407407,,,,,,,,,,,,,,,,,,,,,,,,,,0.01,17.0,1.0,82.0,16.0,,,,
0.0,200000,0.0,6.868131868131868e-05,0.0,median_change,MC_PRECISION_MET,success_conditional_descriptive_resampling_range_not_population_CI,0,VAS,200000,True,completion,finite_changes_summary.json,0.0,0.0,,,,,,,,,,,,,,,,,,,,,,,,,,0.01,17.0,1.0,82.0,16.0,,,,
0.0031746031746031633,200000,0.46296296296296297,6.868131868131868e-05,-0.15853658536585366,mean_rate,MC_PRECISION_MET,success_conditional_descriptive_resampling_range_not_population_CI,0,VAS/minute,200000,False,completion,finite_changes_summary.json,-0.3888888888888889,0.07407407407407407,,,,,,,,,,,,,,,,,,,,,,,,,,0.01,17.0,1.0,82.0,16.0,,,,
0.0,200000,0.0,6.868131868131868e-05,0.0,median_rate,MC_PRECISION_MET,success_conditional_descriptive_resampling_range_not_population_CI,0,VAS/minute,200000,True,completion,finite_changes_summary.json,0.0,0.0,,,,,,,,,,,,,,,,,,,,,,,,,,0.01,17.0,1.0,82.0,16.0,,,,
0.0018939393939393923,200000,0.16826923076923075,6.868131868131868e-05,0.18292682926829268,rise_proportion,MC_PRECISION_MET,success_conditional_descriptive_resampling_range_not_population_CI,0,proportion,200000,False,completion,finite_changes_summary.json,0.10256410256410256,0.2708333333333333,,,,,,,,,,,,,,,,,,,,,,,,,,0.002,17.0,1.0,82.0,16.0,,,,
0.001837621115937188,200000,0.19965967101531482,6.868131868131868e-05,0.3048780487804878,fall_proportion,MC_PRECISION_MET,success_conditional_descriptive_resampling_range_not_population_CI,0,proportion,200000,False,completion,finite_changes_summary.json,0.2073170731707317,0.4069767441860465,,,,,,,,,,,,,,,,,,,,,,,,,,0.002,17.0,1.0,82.0,16.0,,,,
0.0021645021645021467,200000,0.21765576195955938,6.868131868131868e-05,0.5121951219512195,unchanged_proportion,MC_PRECISION_INSUFFICIENT,success_conditional_descriptive_resampling_range_not_population_CI,0,proportion,200000,False,completion,finite_changes_summary.json,0.4025974025974026,0.620253164556962,,,,,,,,,,,,,,,,,,,,,,,,,,0.002,17.0,1.0,82.0,16.0,,,,
0.0033167495854063422,200000,0.486697965571205,6.868131868131868e-05,-0.18840579710144928,mean_change,MC_PRECISION_MET,success_conditional_descriptive_resampling_range_not_population_CI,0,VAS,200000,False,completion,finite_changes_summary.json,-0.4444444444444444,0.04225352112676056,,,,,,,,,,,,,,,,,,,,,,,,,,0.01,18.0,1.0,69.0,17.0,,,,
0.0,200000,0.0,6.868131868131868e-05,0.0,median_change,MC_PRECISION_MET,success_conditional_descriptive_resampling_range_not_population_CI,0,VAS,200000,True,completion,finite_changes_summary.json,0.0,0.0,,,,,,,,,,,,,,,,,,,,,,,,,,0.01,18.0,1.0,69.0,17.0,,,,
0.0033167495854063422,200000,0.486697965571205,6.868131868131868e-05,-0.18840579710144928,mean_rate,MC_PRECISION_MET,success_conditional_descriptive_resampling_range_not_population_CI,0,VAS/minute,200000,False,completion,finite_changes_summary.json,-0.4444444444444444,0.04225352112676056,,,,,,,,,,,,,,,,,,,,,,,,,,0.01,18.0,1.0,69.0,17.0,,,,
0.0,200000,0.0,6.868131868131868e-05,0.0,median_rate,MC_PRECISION_MET,success_conditional_descriptive_resampling_range_not_population_CI,0,VAS/minute,200000,True,completion,finite_changes_summary.json,0.0,0.0,,,,,,,,,,,,,,,,,,,,,,,,,,0.01,18.0,1.0,69.0,17.0,,,,
0.001984126984126977,200000,0.17962184873949577,6.868131868131868e-05,0.17391304347826086,rise_proportion,MC_PRECISION_MET,success_conditional_descriptive_resampling_range_not_population_CI,0,proportion,200000,False,completion,finite_changes_summary.json,0.08823529411764706,0.26785714285714285,,,,,,,,,,,,,,,,,,,,,,,,,,0.002,18.0,1.0,69.0,17.0,,,,
0.004694835680751186,200000,0.19819819819819817,6.868131868131868e-05,0.2318840579710145,fall_proportion,MC_PRECISION_INSUFFICIENT,success_conditional_descriptive_resampling_range_not_population_CI,0,proportion,200000,False,completion,finite_changes_summary.json,0.13513513513513514,0.3333333333333333,,,,,,,,,,,,,,,,,,,,,,,,,,0.002,18.0,1.0,69.0,17.0,,,,
0.0016142050040354738,200000,0.23348694316436258,6.868131868131868e-05,0.5942028985507246,unchanged_proportion,MC_PRECISION_MET,success_conditional_descriptive_resampling_range_not_population_CI,0,proportion,200000,False,completion,finite_changes_summary.json,0.47619047619047616,0.7096774193548387,,,,,,,,,,,,,,,,,,,,,,,,,,0.002,18.0,1.0,69.0,17.0,,,,
0.0033068783068783136,200000,0.47523041474654376,6.868131868131868e-05,-0.1694915254237288,mean_change,MC_PRECISION_MET,success_conditional_descriptive_resampling_range_not_population_CI,0,VAS,200000,False,completion,finite_changes_summary.json,-0.4107142857142857,0.06451612903225806,,,,,,,,,,,,,,,,,,,,,,,,,,0.01,19.0,1.0,59.0,18.0,,,,
0.0,200000,0.0,6.868131868131868e-05,0.0,median_change,MC_PRECISION_MET,success_conditional_descriptive_resampling_range_not_population_CI,0,VAS,200000,True,completion,finite_changes_summary.json,0.0,0.0,,,,,,,,,,,,,,,,,,,,,,,,,,0.01,19.0,1.0,59.0,18.0,,,,
0.0033068783068783136,200000,0.47523041474654376,6.868131868131868e-05,-0.1694915254237288,mean_rate,MC_PRECISION_MET,success_conditional_descriptive_resampling_range_not_population_CI,0,VAS/minute,200000,False,completion,finite_changes_summary.json,-0.4107142857142857,0.06451612903225806,,,,,,,,,,,,,,,,,,,,,,,,,,0.01,19.0,1.0,59.0,18.0,,,,
0.0,200000,0.0,6.868131868131868e-05,0.0,median_rate,MC_PRECISION_MET,success_conditional_descriptive_resampling_range_not_population_CI,0,VAS/minute,200000,True,completion,finite_changes_summary.json,0.0,0.0,,,,,,,,,,,,,,,,,,,,,,,,,,0.01,19.0,1.0,59.0,18.0,,,,
0.0011305822498586804,200000,0.20621225194132875,6.868131868131868e-05,0.2033898305084746,rise_proportion,MC_PRECISION_MET,success_conditional_descriptive_resampling_range_not_population_CI,0,proportion,200000,False,completion,finite_changes_summary.json,0.10526315789473684,0.3114754098360656,,,,,,,,,,,,,,,,,,,,,,,,,,0.002,19.0,1.0,59.0,18.0,,,,
0.0016835016835017313,200000,0.23196881091617932,6.868131868131868e-05,0.288135593220339,fall_proportion,MC_PRECISION_MET,success_conditional_descriptive_resampling_range_not_population_CI,0,proportion,200000,False,completion,finite_changes_summary.json,0.17543859649122806,0.4074074074074074,,,,,,,,,,,,,,,,,,,,,,,,,,0.002,19.0,1.0,59.0,18.0,,,,
0.0018181818181818299,200000,0.25636363636363635,6.868131868131868e-05,0.5084745762711864,unchanged_proportion,MC_PRECISION_MET,success_conditional_descriptive_resampling_range_not_population_CI,0,proportion,200000,False,completion,finite_changes_summary.json,0.38,0.6363636363636364,,,,,,,,,,,,,,,,,,,,,,,,,,0.002,19.0,1.0,59.0,18.0,,,,
0.004469987228607919,200000,0.5517241379310345,6.868131868131868e-05,-0.017857142857142856,mean_change,MC_PRECISION_MET,success_conditional_descriptive_resampling_range_not_population_CI,0,VAS,200000,False,completion,finite_changes_summary.json,-0.3103448275862069,0.2413793103448276,,,,,,,,,,,,,,,,,,,,,,,,,,0.01,20.0,1.0,56.0,19.0,,,,
0.0,200000,0.0,6.868131868131868e-05,0.0,median_change,MC_PRECISION_MET,success_conditional_descriptive_resampling_range_not_population_CI,0,VAS,200000,True,completion,finite_changes_summary.json,0.0,0.0,,,,,,,,,,,,,,,,,,,,,,,,,,0.01,20.0,1.0,56.0,19.0,,,,
0.004469987228607919,200000,0.5517241379310345,6.868131868131868e-05,-0.017857142857142856,mean_rate,MC_PRECISION_MET,success_conditional_descriptive_resampling_range_not_population_CI,0,VAS/minute,200000,False,completion,finite_changes_summary.json,-0.3103448275862069,0.2413793103448276,,,,,,,,,,,,,,,,,,,,,,,,,,0.01,20.0,1.0,56.0,19.0,,,,
0.0,200000,0.0,6.868131868131868e-05,0.0,median_rate,MC_PRECISION_MET,success_conditional_descriptive_resampling_range_not_population_CI,0,VAS/minute,200000,True,completion,finite_changes_summary.json,0.0,0.0,,,,,,,,,,,,,,,,,,,,,,,,,,0.01,20.0,1.0,56.0,19.0,,,,
0.001949317738791423,200000,0.22807017543859648,6.868131868131868e-05,0.25,rise_proportion,MC_PRECISION_MET,success_conditional_descriptive_resampling_range_not_population_CI,0,proportion,200000,False,completion,finite_changes_summary.json,0.14035087719298245,0.3684210526315789,,,,,,,,,,,,,,,,,,,,,,,,,,0.002,20.0,1.0,56.0,19.0,,,,
0.0018853695324283493,200000,0.2099686028257457,6.868131868131868e-05,0.19642857142857142,fall_proportion,MC_PRECISION_MET,success_conditional_descriptive_resampling_range_not_population_CI,0,proportion,200000,False,completion,finite_changes_summary.json,0.09615384615384616,0.30612244897959184,,,,,,,,,,,,,,,,,,,,,,,,,,0.002,20.0,1.0,56.0,19.0,,,,
0.0020242914979757276,200000,0.26315789473684215,6.868131868131868e-05,0.5535714285714286,unchanged_proportion,MC_PRECISION_INSUFFICIENT,success_conditional_descriptive_resampling_range_not_population_CI,0,proportion,200000,False,completion,finite_changes_summary.json,0.42105263157894735,0.6842105263157895,,,,,,,,,,,,,,,,,,,,,,,,,,0.002,20.0,1.0,56.0,19.0,,,,
0.004390349923929615,200000,0.49793523147141916,6.868131868131868e-05,1.191588785046729,mean_change,MC_PRECISION_MET,success_conditional_descriptive_resampling_range_not_population_CI,0,VAS,200000,False,completion,finite_changes_summary.json,0.9439252336448598,1.441860465116279,,,,,,,,,,,,,,,,,,,,,,,,,,0.01,3.0,2.0,214.0,1.0,,,,
0.0,200000,0.0,6.868131868131868e-05,1.0,median_change,MC_PRECISION_MET,success_conditional_descriptive_resampling_range_not_population_CI,0,VAS,200000,True,completion,finite_changes_summary.json,1.0,1.0,,,,,,,,,,,,,,,,,,,,,,,,,,0.01,3.0,2.0,214.0,1.0,,,,
0.0021951749619648075,200000,0.24896761573570958,6.868131868131868e-05,0.5957943925233645,mean_rate,MC_PRECISION_MET,success_conditional_descriptive_resampling_range_not_population_CI,0,VAS/minute,200000,False,completion,finite_changes_summary.json,0.4719626168224299,0.7209302325581395,,,,,,,,,,,,,,,,,,,,,,,,,,0.01,3.0,2.0,214.0,1.0,,,,
0.0,200000,0.0,6.868131868131868e-05,0.5,median_rate,MC_PRECISION_MET,success_conditional_descriptive_resampling_range_not_population_CI,0,VAS/minute,200000,True,completion,finite_changes_summary.json,0.5,0.5,,,,,,,,,,,,,,,,,,,,,,,,,,0.01,3.0,2.0,214.0,1.0,,,,
0.0012388611171484376,200000,0.12558139534883728,6.868131868131868e-05,0.6728971962616822,rise_proportion,MC_PRECISION_MET,success_conditional_descriptive_resampling_range_not_population_CI,0,proportion,200000,False,completion,finite_changes_summary.json,0.6093023255813953,0.7348837209302326,,,,,,,,,,,,,,,,,,,,,,,,,,0.002,3.0,2.0,214.0,1.0,,,,
0.002860574298504198,200000,0.09389671361502348,6.868131868131868e-05,0.14485981308411214,fall_proportion,MC_PRECISION_INSUFFICIENT,success_conditional_descriptive_resampling_range_not_population_CI,0,proportion,200000,False,completion,finite_changes_summary.json,0.09859154929577464,0.19248826291079812,,,,,,,,,,,,,,,,,,,,,,,,,,0.002,3.0,2.0,214.0,1.0,,,,
0.0024675182880227187,200000,0.10328638497652581,6.868131868131868e-05,0.1822429906542056,unchanged_proportion,MC_PRECISION_INSUFFICIENT,success_conditional_descriptive_resampling_range_not_population_CI,0,proportion,200000,False,completion,finite_changes_summary.json,0.13145539906103287,0.2347417840375587,,,,,,,,,,,,,,,,,,,,,,,,,,0.002,3.0,2.0,214.0,1.0,,,,
0.0030782177340774597,200000,0.460093896713615,6.868131868131868e-05,0.4225352112676056,mean_change,MC_PRECISION_MET,success_conditional_descriptive_resampling_range_not_population_CI,0,VAS,200000,False,completion,finite_changes_summary.json,0.19248826291079812,0.6525821596244131,,,,,,,,,,,,,,,,,,,,,,,,,,0.01,4.0,2.0,213.0,2.0,,,,
0.0,200000,1.0,6.868131868131868e-05,1.0,median_change,MC_PRECISION_MET,success_conditional_descriptive_resampling_range_not_population_CI,0,VAS,200000,False,completion,finite_changes_summary.json,0.0,1.0,,,,,,,,,,,,,,,,,,,,,,,,,,0.01,4.0,2.0,213.0,2.0,,,,
0.0015391088670387298,200000,0.2300469483568075,6.868131868131868e-05,0.2112676056338028,mean_rate,MC_PRECISION_MET,success_conditional_descriptive_resampling_range_not_population_CI,0,VAS/minute,200000,False,completion,finite_changes_summary.json,0.09624413145539906,0.32629107981220656,,,,,,,,,,,,,,,,,,,,,,,,,,0.01,4.0,2.0,213.0,2.0,,,,
0.0,200000,0.5,6.868131868131868e-05,0.5,median_rate,MC_PRECISION_MET,success_conditional_descriptive_resampling_range_not_population_CI,0,VAS/minute,200000,False,completion,finite_changes_summary.json,0.0,0.5,,,,,,,,,,,,,,,,,,,,,,,,,,0.01,4.0,2.0,213.0,2.0,,,,
0.001638835983523046,200000,0.13387518270806575,6.868131868131868e-05,0.5164319248826291,rise_proportion,MC_PRECISION_MET,success_conditional_descriptive_resampling_range_not_population_CI,0,proportion,200000,False,completion,finite_changes_summary.json,0.45023696682464454,0.5841121495327103,,,,,,,,,,,,,,,,,,,,,,,,,,0.002,4.0,2.0,213.0,2.0,,,,
0.0009128450336883254,200000,0.11682242990654204,6.868131868131868e-05,0.2535211267605634,fall_proportion,MC_PRECISION_MET,success_conditional_descriptive_resampling_range_not_population_CI,0,proportion,200000,False,completion,finite_changes_summary.json,0.19626168224299065,0.3130841121495327,,,,,,,,,,,,,,,,,,,,,,,,,,0.002,4.0,2.0,213.0,2.0,,,,
0.0013508725307821434,200000,0.11320754716981132,6.868131868131868e-05,0.2300469483568075,unchanged_proportion,MC_PRECISION_MET,success_conditional_descriptive_resampling_range_not_population_CI,0,proportion,200000,False,completion,finite_changes_summary.json,0.17452830188679244,0.28773584905660377,,,,,,,,,,,,,,,,,,,,,,,,,,0.002,4.0,2.0,213.0,2.0,,,,
0.0030997304582210117,200000,0.4390342052313883,6.868131868131868e-05,-0.04716981132075472,mean_change,MC_PRECISION_MET,success_conditional_descriptive_resampling_range_not_population_CI,0,VAS,200000,False,completion,finite_changes_summary.json,-0.2676056338028169,0.17142857142857143,,,,,,,,,,,,,,,,,,,,,,,,,,0.01,5.0,2.0,212.0,3.0,,,,
0.0,200000,0.0,6.868131868131868e-05,0.0,median_change,MC_PRECISION_MET,success_conditional_descriptive_resampling_range_not_population_CI,0,VAS,200000,True,completion,finite_changes_summary.json,0.0,0.0,,,,,,,,,,,,,,,,,,,,,,,,,,0.01,5.0,2.0,212.0,3.0,,,,
0.0015498652291105058,200000,0.21951710261569415,6.868131868131868e-05,-0.02358490566037736,mean_rate,MC_PRECISION_MET,success_conditional_descriptive_resampling_range_not_population_CI,0,VAS/minute,200000,False,completion,finite_changes_summary.json,-0.13380281690140844,0.08571428571428572,,,,,,,,,,,,,,,,,,,,,,,,,,0.01,5.0,2.0,212.0,3.0,,,,
0.0,200000,0.0,6.868131868131868e-05,0.0,median_rate,MC_PRECISION_MET,success_conditional_descriptive_resampling_range_not_population_CI,0,VAS/minute,200000,True,completion,finite_changes_summary.json,0.0,0.0,,,,,,,,,,,,,,,,,,,,,,,,,,0.01,5.0,2.0,212.0,3.0,,,,
0.0010801278518681734,200000,0.13062237324510417,6.868131868131868e-05,0.37264150943396224,rise_proportion,MC_PRECISION_MET,success_conditional_descriptive_resampling_range_not_population_CI,0,proportion,200000,False,completion,finite_changes_summary.json,0.3080568720379147,0.4386792452830189,,,,,,,,,,,,,,,,,,,,,,,,,,0.002,5.0,2.0,212.0,3.0,,,,
0.0014443692168810696,200000,0.13001579778830963,6.868131868131868e-05,0.36792452830188677,fall_proportion,MC_PRECISION_MET,success_conditional_descriptive_resampling_range_not_population_CI,0,proportion,200000,False,completion,finite_changes_summary.json,0.3033175355450237,0.43333333333333335,,,,,,,,,,,,,,,,,,,,,,,,,,0.002,5.0,2.0,212.0,3.0,,,,
0.0015058906900522473,200000,0.11737089201877934,6.868131868131868e-05,0.25943396226415094,unchanged_proportion,MC_PRECISION_MET,success_conditional_descriptive_resampling_range_not_population_CI,0,proportion,200000,False,completion,finite_changes_summary.json,0.20187793427230047,0.3192488262910798,,,,,,,,,,,,,,,,,,,,,,,,,,0.002,5.0,2.0,212.0,3.0,,,,
0.004141382823227173,200000,0.3987022190725074,6.868131868131868e-05,-0.24056603773584906,mean_change,MC_PRECISION_MET,success_conditional_descriptive_resampling_range_not_population_CI,0,VAS,200000,False,completion,finite_changes_summary.json,-0.44075829383886256,-0.04205607476635514,,,,,,,,,,,,,,,,,,,,,,,,,,0.01,6.0,2.0,212.0,4.0,,,,
0.0,200000,0.0,6.868131868131868e-05,0.0,median_change,MC_PRECISION_MET,success_conditional_descriptive_resampling_range_not_population_CI,0,VAS,200000,True,completion,finite_changes_summary.json,0.0,0.0,,,,,,,,,,,,,,,,,,,,,,,,,,0.01,6.0,2.0,212.0,4.0,,,,
0.0020706914116135865,200000,0.1993511095362537,6.868131868131868e-05,-0.12028301886792453,mean_rate,MC_PRECISION_MET,success_conditional_descriptive_resampling_range_not_population_CI,0,VAS/minute,200000,False,completion,finite_changes_summary.json,-0.22037914691943128,-0.02102803738317757,,,,,,,,,,,,,,,,,,,,,,,,,,0.01,6.0,2.0,212.0,4.0,,,,
0.0,200000,0.0,6.868131868131868e-05,0.0,median_rate,MC_PRECISION_MET,success_conditional_descriptive_resampling_range_not_population_CI,0,VAS/minute,200000,True,completion,finite_changes_summary.json,0.0,0.0,,,,,,,,,,,,,,,,,,,,,,,,,,0.01,6.0,2.0,212.0,4.0,,,,
0.0013225180744136922,200000,0.12309810826673889,6.868131868131868e-05,0.2971698113207547,rise_proportion,MC_PRECISION_MET,success_conditional_descriptive_resampling_range_not_population_CI,0,proportion,200000,False,completion,finite_changes_summary.json,0.23671497584541062,0.3598130841121495,,,,,,,,,,,,,,,,,,,,,,,,,,0.002,6.0,2.0,212.0,4.0,,,,
0.001520996362834759,200000,0.13203159280386134,6.868131868131868e-05,0.39622641509433965,fall_proportion,MC_PRECISION_MET,success_conditional_descriptive_resampling_range_not_population_CI,0,proportion,200000,False,completion,finite_changes_summary.json,0.3302325581395349,0.46226415094339623,,,,,,,,,,,,,,,,,,,,,,,,,,0.002,6.0,2.0,212.0,4.0,,,,
0.00122377233384513,200000,0.12438522757757309,6.868131868131868e-05,0.30660377358490565,unchanged_proportion,MC_PRECISION_MET,success_conditional_descriptive_resampling_range_not_population_CI,0,proportion,200000,False,completion,finite_changes_summary.json,0.24528301886792453,0.3696682464454976,,,,,,,,,,,,,,,,,,,,,,,,,,0.002,6.0,2.0,212.0,4.0,,,,
0.0033359407352873405,200000,0.40065447980139923,6.868131868131868e-05,-0.33649289099526064,mean_change,MC_PRECISION_MET,success_conditional_descriptive_resampling_range_not_population_CI,0,VAS,200000,False,completion,finite_changes_summary.json,-0.5380952380952381,-0.13744075829383887,,,,,,,,,,,,,,,,,,,,,,,,,,0.01,7.0,2.0,211.0,5.0,,,,
0.0,200000,0.0,6.868131868131868e-05,0.0,median_change,MC_PRECISION_MET,success_conditional_descriptive_resampling_range_not_population_CI,0,VAS,200000,True,completion,finite_changes_summary.json,0.0,0.0,,,,,,,,,,,,,,,,,,,,,,,,,,0.01,7.0,2.0,211.0,5.0,,,,
0.0016679703676436702,200000,0.20032723990069962,6.868131868131868e-05,-0.16824644549763032,mean_rate,MC_PRECISION_MET,success_conditional_descriptive_resampling_range_not_population_CI,0,VAS/minute,200000,False,completion,finite_changes_summary.json,-0.26904761904761904,-0.06872037914691943,,,,,,,,,,,,,,,,,,,,,,,,,,0.01,7.0,2.0,211.0,5.0,,,,
0.0,200000,0.0,6.868131868131868e-05,0.0,median_rate,MC_PRECISION_MET,success_conditional_descriptive_resampling_range_not_population_CI,0,VAS/minute,200000,True,completion,finite_changes_summary.json,0.0,0.0,,,,,,,,,,,,,,,,,,,,,,,,,,0.01,7.0,2.0,211.0,5.0,,,,
0.0012699564586357015,200000,0.11792452830188677,6.868131868131868e-05,0.2559241706161137,rise_proportion,MC_PRECISION_MET,success_conditional_descriptive_resampling_range_not_population_CI,0,proportion,200000,False,completion,finite_changes_summary.json,0.19811320754716982,0.3160377358490566,,,,,,,,,,,,,,,,,,,,,,,,,,0.002,7.0,2.0,211.0,5.0,,,,
0.0015644411724106133,200000,0.13267927536873814,6.868131868131868e-05,0.3981042654028436,fall_proportion,MC_PRECISION_MET,success_conditional_descriptive_resampling_range_not_population_CI,0,proportion,200000,False,completion,finite_changes_summary.json,0.3317757009345794,0.46445497630331756,,,,,,,,,,,,,,,,,,,,,,,,,,0.002,7.0,2.0,211.0,5.0,,,,
0.001105895097950671,200000,0.12808070777286273,6.868131868131868e-05,0.3459715639810427,unchanged_proportion,MC_PRECISION_MET,success_conditional_descriptive_resampling_range_not_population_CI,0,proportion,200000,False,completion,finite_changes_summary.json,0.2822966507177033,0.41037735849056606,,,,,,,,,,,,,,,,,,,,,,,,,,0.002,7.0,2.0,211.0,5.0,,,,
0.0031671527524608084,200000,0.34123222748815163,6.868131868131868e-05,-0.2857142857142857,mean_change,MC_PRECISION_MET,success_conditional_descriptive_resampling_range_not_population_CI,0,VAS,200000,False,completion,finite_changes_summary.json,-0.4549763033175355,-0.11374407582938388,,,,,,,,,,,,,,,,,,,,,,,,,,0.01,8.0,2.0,210.0,6.0,,,,
0.0,200000,1.0,6.868131868131868e-05,0.0,median_change,MC_PRECISION_MET,success_conditional_descriptive_resampling_range_not_population_CI,0,VAS,200000,False,completion,finite_changes_summary.json,-1.0,0.0,,,,,,,,,,,,,,,,,,,,,,,,,,0.01,8.0,2.0,210.0,6.0,,,,
0.0015835763762304042,200000,0.17061611374407581,6.868131868131868e-05,-0.14285714285714285,mean_rate,MC_PRECISION_MET,success_conditional_descriptive_resampling_range_not_population_CI,0,VAS/minute,200000,False,completion,finite_changes_summary.json,-0.22748815165876776,-0.05687203791469194,,,,,,,,,,,,,,,,,,,,,,,,,,0.01,8.0,2.0,210.0,6.0,,,,
0.0,200000,0.5,6.868131868131868e-05,0.0,median_rate,MC_PRECISION_MET,success_conditional_descriptive_resampling_range_not_population_CI,0,VAS/minute,200000,False,completion,finite_changes_summary.json,-0.5,0.0,,,,,,,,,,,,,,,,,,,,,,,,,,0.01,8.0,2.0,210.0,6.0,,,,
0.0013796172674677698,200000,0.11863843734774326,6.868131868131868e-05,0.2619047619047619,rise_proportion,MC_PRECISION_MET,success_conditional_descriptive_resampling_range_not_population_CI,0,proportion,200000,False,completion,finite_changes_summary.json,0.2037914691943128,0.32242990654205606,,,,,,,,,,,,,,,,,,,,,,,,,,0.002,8.0,2.0,210.0,6.0,,,,
0.0006097560975609762,200000,0.1339140534262485,6.868131868131868e-05,0.44285714285714284,fall_proportion,MC_PRECISION_MET,success_conditional_descriptive_resampling_range_not_population_CI,0,proportion,200000,False,completion,finite_changes_summary.json,0.375609756097561,0.5095238095238095,,,,,,,,,,,,,,,,,,,,,,,,,,0.002,8.0,2.0,210.0,6.0,,,,
0.001363751935834323,200000,0.12303816193976375,6.868131868131868e-05,0.29523809523809524,unchanged_proportion,MC_PRECISION_MET,success_conditional_descriptive_resampling_range_not_population_CI,0,proportion,200000,False,completion,finite_changes_summary.json,0.23444976076555024,0.357487922705314,,,,,,,,,,,,,,,,,,,,,,,,,,0.002,8.0,2.0,210.0,6.0,,,,
0.003182453007303618,200000,0.3159326485624502,6.868131868131868e-05,-0.2403846153846154,mean_change,MC_PRECISION_MET,success_conditional_descriptive_resampling_range_not_population_CI,0,VAS,200000,False,completion,finite_changes_summary.json,-0.39805825242718446,-0.0821256038647343,,,,,,,,,,,,,,,,,,,,,,,,,,0.01,9.0,2.0,208.0,7.0,,,,
0.0,200000,0.0,6.868131868131868e-05,0.0,median_change,MC_PRECISION_MET,success_conditional_descriptive_resampling_range_not_population_CI,0,VAS,200000,True,completion,finite_changes_summary.json,0.0,0.0,,,,,,,,,,,,,,,,,,,,,,,,,,0.01,9.0,2.0,208.0,7.0,,,,
0.001591226503651809,200000,0.1579663242812251,6.868131868131868e-05,-0.1201923076923077,mean_rate,MC_PRECISION_MET,success_conditional_descriptive_resampling_range_not_population_CI,0,VAS/minute,200000,False,completion,finite_changes_summary.json,-0.19902912621359223,-0.04106280193236715,,,,,,,,,,,,,,,,,,,,,,,,,,0.01,9.0,2.0,208.0,7.0,,,,
0.0,200000,0.0,6.868131868131868e-05,0.0,median_rate,MC_PRECISION_MET,success_conditional_descriptive_resampling_range_not_population_CI,0,VAS/minute,200000,True,completion,finite_changes_summary.json,0.0,0.0,,,,,,,,,,,,,,,,,,,,,,,,,,0.01,9.0,2.0,208.0,7.0,,,,
0.0009380863039399334,200000,0.11039794608472403,6.868131868131868e-05,0.21153846153846154,rise_proportion,MC_PRECISION_MET,success_conditional_descriptive_resampling_range_not_population_CI,0,proportion,200000,False,completion,finite_changes_summary.json,0.15789473684210525,0.2682926829268293,,,,,,,,,,,,,,,,,,,,,,,,,,0.002,9.0,2.0,208.0,7.0,,,,
0.0012134533049431018,200000,0.13206876953680025,6.868131868131868e-05,0.3798076923076923,fall_proportion,MC_PRECISION_MET,success_conditional_descriptive_resampling_range_not_population_CI,0,proportion,200000,False,completion,finite_changes_summary.json,0.3140096618357488,0.44607843137254904,,,,,,,,,,,,,,,,,,,,,,,,,,0.002,9.0,2.0,208.0,7.0,,,,
0.0013937282229964931,200000,0.13310439560439558,6.868131868131868e-05,0.40865384615384615,unchanged_proportion,MC_PRECISION_MET,success_conditional_descriptive_resampling_range_not_population_CI,0,proportion,200000,False,completion,finite_changes_summary.json,0.34285714285714286,0.47596153846153844,,,,,,,,,,,,,,,,,,,,,,,,,,0.002,9.0,2.0,208.0,7.0,,,,
0.0020602443876100995,200000,0.26281600300173535,6.868131868131868e-05,-0.27184466019417475,mean_change,MC_PRECISION_MET,success_conditional_descriptive_resampling_range_not_population_CI,0,VAS,200000,False,completion,finite_changes_summary.json,-0.4029126213592233,-0.14009661835748793,,,,,,,,,,,,,,,,,,,,,,,,,,0.01,10.0,2.0,206.0,8.0,,,,
0.0,200000,0.0,6.868131868131868e-05,0.0,median_change,MC_PRECISION_MET,success_conditional_descriptive_resampling_range_not_population_CI,0,VAS,200000,True,completion,finite_changes_summary.json,0.0,0.0,,,,,,,,,,,,,,,,,,,,,,,,,,0.01,10.0,2.0,206.0,8.0,,,,
0.0010301221938050498,200000,0.13140800150086768,6.868131868131868e-05,-0.13592233009708737,mean_rate,MC_PRECISION_MET,success_conditional_descriptive_resampling_range_not_population_CI,0,VAS/minute,200000,False,completion,finite_changes_summary.json,-0.20145631067961164,-0.07004830917874397,,,,,,,,,,,,,,,,,,,,,,,,,,0.01,10.0,2.0,206.0,8.0,,,,
0.0,200000,0.0,6.868131868131868e-05,0.0,median_rate,MC_PRECISION_MET,success_conditional_descriptive_resampling_range_not_population_CI,0,VAS/minute,200000,True,completion,finite_changes_summary.json,0.0,0.0,,,,,,,,,,,,,,,,,,,,,,,,,,0.01,10.0,2.0,206.0,8.0,,,,
0.0008826125330979873,200000,0.10375342593022717,6.868131868131868e-05,0.17475728155339806,rise_proportion,MC_PRECISION_MET,success_conditional_descriptive_resampling_range_not_population_CI,0,proportion,200000,False,completion,finite_changes_summary.json,0.12440191387559808,0.22815533980582525,,,,,,,,,,,,,,,,,,,,,,,,,,0.002,10.0,2.0,206.0,8.0,,,,
0.001225490196078427,200000,0.13304455445544555,6.868131868131868e-05,0.3786407766990291,fall_proportion,MC_PRECISION_MET,success_conditional_descriptive_resampling_range_not_population_CI,0,proportion,200000,False,completion,finite_changes_summary.json,0.3125,0.44554455445544555,,,,,,,,,,,,,,,,,,,,,,,,,,0.002,10.0,2.0,206.0,8.0,,,,
0.001166915608663166,200000,0.13592233009708737,6.868131868131868e-05,0.44660194174757284,unchanged_proportion,MC_PRECISION_MET,success_conditional_descriptive_resampling_range_not_population_CI,0,proportion,200000,False,completion,finite_changes_summary.json,0.3786407766990291,0.5145631067961165,,,,,,,,,,,,,,,,,,,,,,,,,,0.002,10.0,2.0,206.0,8.0,,,,
0.0022391401701746527,200000,0.3254714634024979,6.868131868131868e-05,-0.25257731958762886,mean_change,MC_PRECISION_MET,success_conditional_descriptive_resampling_range_not_population_CI,0,VAS,200000,False,completion,finite_changes_summary.json,-0.41414141414141414,-0.08866995073891626,,,,,,,,,,,,,,,,,,,,,,,,,,0.01,11.0,2.0,194.0,9.0,,,,
0.0,200000,0.0,6.868131868131868e-05,0.0,median_change,MC_PRECISION_MET,success_conditional_descriptive_resampling_range_not_population_CI,0,VAS,200000,True,completion,finite_changes_summary.json,0.0,0.0,,,,,,,,,,,,,,,,,,,,,,,,,,0.01,11.0,2.0,194.0,9.0,,,,
0.0011195700850873264,200000,0.16273573170124894,6.868131868131868e-05,-0.12628865979381443,mean_rate,MC_PRECISION_MET,success_conditional_descriptive_resampling_range_not_population_CI,0,VAS/minute,200000,False,completion,finite_changes_summary.json,-0.20707070707070707,-0.04433497536945813,,,,,,,,,,,,,,,,,,,,,,,,,,0.01,11.0,2.0,194.0,9.0,,,,
0.0,200000,0.0,6.868131868131868e-05,0.0,median_rate,MC_PRECISION_MET,success_conditional_descriptive_resampling_range_not_population_CI,0,VAS/minute,200000,True,completion,finite_changes_summary.json,0.0,0.0,,,,,,,,,,,,,,,,,,,,,,,,,,0.01,11.0,2.0,194.0,9.0,,,,
0.0007825993091536976,200000,0.11350859788359788,6.868131868131868e-05,0.20618556701030927,rise_proportion,MC_PRECISION_MET,success_conditional_descriptive_resampling_range_not_population_CI,0,proportion,200000,False,completion,finite_changes_summary.json,0.15104166666666666,0.26455026455026454,,,,,,,,,,,,,,,,,,,,,,,,,,0.002,11.0,2.0,194.0,9.0,,,,
0.0013495276653170962,200000,0.13846153846153847,6.868131868131868e-05,0.4175257731958763,fall_proportion,MC_PRECISION_MET,success_conditional_descriptive_resampling_range_not_population_CI,0,proportion,200000,False,completion,finite_changes_summary.json,0.3487179487179487,0.48717948717948717,,,,,,,,,,,,,,,,,,,,,,,,,,0.002,11.0,2.0,194.0,9.0,,,,
0.0008197154794013506,200000,0.1361256544502618,6.868131868131868e-05,0.37628865979381443,unchanged_proportion,MC_PRECISION_MET,success_conditional_descriptive_resampling_range_not_population_CI,0,proportion,200000,False,completion,finite_changes_summary.json,0.3089005235602094,0.44502617801047123,,,,,,,,,,,,,,,,,,,,,,,,,,0.002,11.0,2.0,194.0,9.0,,,,
0.002537664280371832,200000,0.36684480373274014,6.868131868131868e-05,-0.27979274611398963,mean_change,MC_PRECISION_MET,success_conditional_descriptive_resampling_range_not_population_CI,0,VAS,200000,False,completion,finite_changes_summary.json,-0.46632124352331605,-0.09947643979057591,,,,,,,,,,,,,,,,,,,,,,,,,,0.01,12.0,2.0,193.0,10.0,,,,
0.0,200000,0.0,6.868131868131868e-05,0.0,median_change,MC_PRECISION_MET,success_conditional_descriptive_resampling_range_not_population_CI,0,VAS,200000,True,completion,finite_changes_summary.json,0.0,0.0,,,,,,,,,,,,,,,,,,,,,,,,,,0.01,12.0,2.0,193.0,10.0,,,,
0.001268832140185916,200000,0.18342240186637007,6.868131868131868e-05,-0.13989637305699482,mean_rate,MC_PRECISION_MET,success_conditional_descriptive_resampling_range_not_population_CI,0,VAS/minute,200000,False,completion,finite_changes_summary.json,-0.23316062176165803,-0.049738219895287955,,,,,,,,,,,,,,,,,,,,,,,,,,0.01,12.0,2.0,193.0,10.0,,,,
0.0,200000,0.0,6.868131868131868e-05,0.0,median_rate,MC_PRECISION_MET,success_conditional_descriptive_resampling_range_not_population_CI,0,VAS/minute,200000,True,completion,finite_changes_summary.json,0.0,0.0,,,,,,,,,,,,,,,,,,,,,,,,,,0.01,12.0,2.0,193.0,10.0,,,,
0.001136724119699728,200000,0.11299595980524191,6.868131868131868e-05,0.20207253886010362,rise_proportion,MC_PRECISION_MET,success_conditional_descriptive_resampling_range_not_population_CI,0,proportion,200000,False,completion,finite_changes_summary.json,0.14720812182741116,0.2602040816326531,,,,,,,,,,,,,,,,,,,,,,,,,,0.002,12.0,2.0,193.0,10.0,,,,
0.0012679861072826815,200000,0.1370391218688432,6.868131868131868e-05,0.38860103626943004,fall_proportion,MC_PRECISION_MET,success_conditional_descriptive_resampling_range_not_population_CI,0,proportion,200000,False,completion,finite_changes_summary.json,0.32085561497326204,0.45789473684210524,,,,,,,,,,,,,,,,,,,,,,,,,,0.002,12.0,2.0,193.0,10.0,,,,
0.0015225985682230658,200000,0.1390673071733146,6.868131868131868e-05,0.40932642487046633,unchanged_proportion,MC_PRECISION_MET,success_conditional_descriptive_resampling_range_not_population_CI,0,proportion,200000,False,completion,finite_changes_summary.json,0.3403141361256545,0.4793814432989691,,,,,,,,,,,,,,,,,,,,,,,,,,0.002,12.0,2.0,193.0,10.0,,,,
0.0029686403627138536,200000,0.3860568434242752,6.868131868131868e-05,-0.33689839572192515,mean_change,MC_PRECISION_MET,success_conditional_descriptive_resampling_range_not_population_CI,0,VAS,200000,False,completion,finite_changes_summary.json,-0.5303867403314917,-0.14432989690721648,,,,,,,,,,,,,,,,,,,,,,,,,,0.01,13.0,2.0,187.0,11.0,,,,
0.0,200000,0.0,6.868131868131868e-05,0.0,median_change,MC_PRECISION_MET,success_conditional_descriptive_resampling_range_not_population_CI,0,VAS,200000,True,completion,finite_changes_summary.json,0.0,0.0,,,,,,,,,,,,,,,,,,,,,,,,,,0.01,13.0,2.0,187.0,11.0,,,,
0.0014843201813569268,200000,0.1930284217121376,6.868131868131868e-05,-0.16844919786096257,mean_rate,MC_PRECISION_MET,success_conditional_descriptive_resampling_range_not_population_CI,0,VAS/minute,200000,False,completion,finite_changes_summary.json,-0.26519337016574585,-0.07216494845360824,,,,,,,,,,,,,,,,,,,,,,,,,,0.01,13.0,2.0,187.0,11.0,,,,
0.0,200000,0.0,6.868131868131868e-05,0.0,median_rate,MC_PRECISION_MET,success_conditional_descriptive_resampling_range_not_population_CI,0,VAS/minute,200000,True,completion,finite_changes_summary.json,0.0,0.0,,,,,,,,,,,,,,,,,,,,,,,,,,0.01,13.0,2.0,187.0,11.0,,,,
0.001157535001653609,200000,0.11170212765957446,6.868131868131868e-05,0.18716577540106952,rise_proportion,MC_PRECISION_MET,success_conditional_descriptive_resampling_range_not_population_CI,0,proportion,200000,False,completion,finite_changes_summary.json,0.13297872340425532,0.24468085106382978,,,,,,,,,,,,,,,,,,,,,,,,,,0.002,13.0,2.0,187.0,11.0,,,,
0.0015745692216280194,200000,0.1400889262753109,6.868131868131868e-05,0.39572192513368987,fall_proportion,MC_PRECISION_MET,success_conditional_descriptive_resampling_range_not_population_CI,0,proportion,200000,False,completion,finite_changes_summary.json,0.32620320855614976,0.46629213483146065,,,,,,,,,,,,,,,,,,,,,,,,,,0.002,13.0,2.0,187.0,11.0,,,,
0.002099994246591075,200000,0.14186072994363147,6.868131868131868e-05,0.41711229946524064,unchanged_proportion,MC_PRECISION_INSUFFICIENT,success_conditional_descriptive_resampling_range_not_population_CI,0,proportion,200000,False,completion,finite_changes_summary.json,0.3471502590673575,0.489010989010989,,,,,,,,,,,,,,,,,,,,,,,,,,0.002,13.0,2.0,187.0,11.0,,,,
0.0028248587570621764,200000,0.33615819209039555,6.868131868131868e-05,-0.3333333333333333,mean_change,MC_PRECISION_MET,success_conditional_descriptive_resampling_range_not_population_CI,0,VAS,200000,False,completion,finite_changes_summary.json,-0.5028248587570622,-0.16666666666666666,,,,,,,,,,,,,,,,,,,,,,,,,,0.01,14.0,2.0,177.0,12.0,,,,
0.0,200000,0.0,6.868131868131868e-05,0.0,median_change,MC_PRECISION_MET,success_conditional_descriptive_resampling_range_not_population_CI,0,VAS,200000,True,completion,finite_changes_summary.json,0.0,0.0,,,,,,,,,,,,,,,,,,,,,,,,,,0.01,14.0,2.0,177.0,12.0,,,,
0.0014124293785310882,200000,0.16807909604519777,6.868131868131868e-05,-0.16666666666666666,mean_rate,MC_PRECISION_MET,success_conditional_descriptive_resampling_range_not_population_CI,0,VAS/minute,200000,False,completion,finite_changes_summary.json,-0.2514124293785311,-0.08333333333333333,,,,,,,,,,,,,,,,,,,,,,,,,,0.01,14.0,2.0,177.0,12.0,,,,
0.0,200000,0.0,6.868131868131868e-05,0.0,median_rate,MC_PRECISION_MET,success_conditional_descriptive_resampling_range_not_population_CI,0,VAS/minute,200000,True,completion,finite_changes_summary.json,0.0,0.0,,,,,,,,,,,,,,,,,,,,,,,,,,0.01,14.0,2.0,177.0,12.0,,,,
0.0008695652173912882,200000,0.11341614906832298,6.868131868131868e-05,0.1807909604519774,rise_proportion,MC_PRECISION_MET,success_conditional_descriptive_resampling_range_not_population_CI,0,proportion,200000,False,completion,finite_changes_summary.json,0.12571428571428572,0.2391304347826087,,,,,,,,,,,,,,,,,,,,,,,,,,0.002,14.0,2.0,177.0,12.0,,,,
0.0013448090371167565,200000,0.14431818181818185,6.868131868131868e-05,0.3898305084745763,fall_proportion,MC_PRECISION_MET,success_conditional_descriptive_resampling_range_not_population_CI,0,proportion,200000,False,completion,finite_changes_summary.json,0.3181818181818182,0.4625,,,,,,,,,,,,,,,,,,,,,,,,,,0.002,14.0,2.0,177.0,12.0,,,,
0.000816753242510404,200000,0.1460997125582318,6.868131868131868e-05,0.4293785310734463,unchanged_proportion,MC_PRECISION_MET,success_conditional_descriptive_resampling_range_not_population_CI,0,proportion,200000,False,completion,finite_changes_summary.json,0.3567251461988304,0.5028248587570622,,,,,,,,,,,,,,,,,,,,,,,,,,0.002,14.0,2.0,177.0,12.0,,,,
0.002267895109851148,200000,0.3339869281045752,6.868131868131868e-05,-0.23809523809523808,mean_change,MC_PRECISION_MET,success_conditional_descriptive_resampling_range_not_population_CI,0,VAS,200000,False,completion,finite_changes_summary.json,-0.40588235294117647,-0.0718954248366013,,,,,,,,,,,,,,,,,,,,,,,,,,0.01,15.0,2.0,168.0,13.0,,,,
0.0,200000,0.0,6.868131868131868e-05,0.0,median_change,MC_PRECISION_MET,success_conditional_descriptive_resampling_range_not_population_CI,0,VAS,200000,True,completion,finite_changes_summary.json,0.0,0.0,,,,,,,,,,,,,,,,,,,,,,,,,,0.01,15.0,2.0,168.0,13.0,,,,
0.001133947554925574,200000,0.1669934640522876,6.868131868131868e-05,-0.11904761904761904,mean_rate,MC_PRECISION_MET,success_conditional_descriptive_resampling_range_not_population_CI,0,VAS/minute,200000,False,completion,finite_changes_summary.json,-0.20294117647058824,-0.03594771241830065,,,,,,,,,,,,,,,,,,,,,,,,,,0.01,15.0,2.0,168.0,13.0,,,,
0.0,200000,0.0,6.868131868131868e-05,0.0,median_rate,MC_PRECISION_MET,success_conditional_descriptive_resampling_range_not_population_CI,0,VAS/minute,200000,True,completion,finite_changes_summary.json,0.0,0.0,,,,,,,,,,,,,,,,,,,,,,,,,,0.01,15.0,2.0,168.0,13.0,,,,
0.0008357127933699693,200000,0.12141383212407644,6.868131868131868e-05,0.20238095238095238,rise_proportion,MC_PRECISION_MET,success_conditional_descriptive_resampling_range_not_population_CI,0,proportion,200000,False,completion,finite_changes_summary.json,0.143646408839779,0.26506024096385544,,,,,,,,,,,,,,,,,,,,,,,,,,0.002,15.0,2.0,168.0,13.0,,,,
0.0012123805448580605,200000,0.14153398911537035,6.868131868131868e-05,0.3273809523809524,fall_proportion,MC_PRECISION_MET,success_conditional_descriptive_resampling_range_not_population_CI,0,proportion,200000,False,completion,finite_changes_summary.json,0.2573099415204678,0.3988439306358382,,,,,,,,,,,,,,,,,,,,,,,,,,0.002,15.0,2.0,168.0,13.0,,,,
0.0011293054771316369,200000,0.1503928170594837,6.868131868131868e-05,0.47023809523809523,unchanged_proportion,MC_PRECISION_MET,success_conditional_descriptive_resampling_range_not_population_CI,0,proportion,200000,False,completion,finite_changes_summary.json,0.3950617283950617,0.5454545454545454,,,,,,,,,,,,,,,,,,,,,,,,,,0.002,15.0,2.0,168.0,13.0,,,,
0.0037733514784114783,200000,0.36588061901252766,6.868131868131868e-05,-0.20967741935483872,mean_change,MC_PRECISION_MET,success_conditional_descriptive_resampling_range_not_population_CI,0,VAS,200000,False,completion,finite_changes_summary.json,-0.391304347826087,-0.025423728813559324,,,,,,,,,,,,,,,,,,,,,,,,,,0.01,16.0,2.0,124.0,14.0,,,,
0.0,200000,0.0,6.868131868131868e-05,0.0,median_change,MC_PRECISION_MET,success_conditional_descriptive_resampling_range_not_population_CI,0,VAS,200000,True,completion,finite_changes_summary.json,0.0,0.0,,,,,,,,,,,,,,,,,,,,,,,,,,0.01,16.0,2.0,124.0,14.0,,,,
0.0018866757392057391,200000,0.18294030950626383,6.868131868131868e-05,-0.10483870967741936,mean_rate,MC_PRECISION_MET,success_conditional_descriptive_resampling_range_not_population_CI,0,VAS/minute,200000,False,completion,finite_changes_summary.json,-0.1956521739130435,-0.012711864406779662,,,,,,,,,,,,,,,,,,,,,,,,,,0.01,16.0,2.0,124.0,14.0,,,,
0.0,200000,0.0,6.868131868131868e-05,0.0,median_rate,MC_PRECISION_MET,success_conditional_descriptive_resampling_range_not_population_CI,0,VAS/minute,200000,True,completion,finite_changes_summary.json,0.0,0.0,,,,,,,,,,,,,,,,,,,,,,,,,,0.01,16.0,2.0,124.0,14.0,,,,
0.0009803921568627416,200000,0.14086021505376342,6.868131868131868e-05,0.20161290322580644,rise_proportion,MC_PRECISION_MET,success_conditional_descriptive_resampling_range_not_population_CI,0,proportion,200000,False,completion,finite_changes_summary.json,0.13333333333333333,0.27419354838709675,,,,,,,,,,,,,,,,,,,,,,,,,,0.002,16.0,2.0,124.0,14.0,,,,
0.0013365410318096904,200000,0.16920609462710506,6.868131868131868e-05,0.3629032258064516,fall_proportion,MC_PRECISION_MET,success_conditional_descriptive_resampling_range_not_population_CI,0,proportion,200000,False,completion,finite_changes_summary.json,0.27906976744186046,0.4482758620689655,,,,,,,,,,,,,,,,,,,,,,,,,,0.002,16.0,2.0,124.0,14.0,,,,
0.0013795821836815048,200000,0.1746002906976744,6.868131868131868e-05,0.43548387096774194,unchanged_proportion,MC_PRECISION_MET,success_conditional_descriptive_resampling_range_not_population_CI,0,proportion,200000,False,completion,finite_changes_summary.json,0.3488372093023256,0.5234375,,,,,,,,,,,,,,,,,,,,,,,,,,0.002,16.0,2.0,124.0,14.0,,,,
0.004091653027823217,200000,0.5987025023169601,6.868131868131868e-05,-0.24390243902439024,mean_change,MC_PRECISION_MET,success_conditional_descriptive_resampling_range_not_population_CI,0,VAS,200000,False,completion,finite_changes_summary.json,-0.5384615384615384,0.060240963855421686,,,,,,,,,,,,,,,,,,,,,,,,,,0.01,17.0,2.0,82.0,15.0,,,,
0.0,200000,1.0,6.868131868131868e-05,0.0,median_change,MC_PRECISION_MET,success_conditional_descriptive_resampling_range_not_population_CI,0,VAS,200000,False,completion,finite_changes_summary.json,-1.0,0.0,,,,,,,,,,,,,,,,,,,,,,,,,,0.01,17.0,2.0,82.0,15.0,,,,
0.0020458265139116083,200000,0.29935125115848005,6.868131868131868e-05,-0.12195121951219512,mean_rate,MC_PRECISION_MET,success_conditional_descriptive_resampling_range_not_population_CI,0,VAS/minute,200000,False,completion,finite_changes_summary.json,-0.2692307692307692,0.030120481927710843,,,,,,,,,,,,,,,,,,,,,,,,,,0.01,17.0,2.0,82.0,15.0,,,,
0.0,200000,0.5,6.868131868131868e-05,0.0,median_rate,MC_PRECISION_MET,success_conditional_descriptive_resampling_range_not_population_CI,0,VAS/minute,200000,False,completion,finite_changes_summary.json,-0.5,0.0,,,,,,,,,,,,,,,,,,,,,,,,,,0.01,17.0,2.0,82.0,15.0,,,,
0.00146520146520146,200000,0.17916666666666667,6.868131868131868e-05,0.21951219512195122,rise_proportion,MC_PRECISION_MET,success_conditional_descriptive_resampling_range_not_population_CI,0,proportion,200000,False,completion,finite_changes_summary.json,0.13333333333333333,0.3125,,,,,,,,,,,,,,,,,,,,,,,,,,0.002,17.0,2.0,82.0,15.0,,,,
0.004321382842509602,200000,0.21406633906633904,6.868131868131868e-05,0.4024390243902439,fall_proportion,MC_PRECISION_INSUFFICIENT,success_conditional_descriptive_resampling_range_not_population_CI,0,proportion,200000,False,completion,finite_changes_summary.json,0.2972972972972973,0.5113636363636364,,,,,,,,,,,,,,,,,,,,,,,,,,0.002,17.0,2.0,82.0,15.0,,,,
0.0020898641588296685,200000,0.20984848484848484,6.868131868131868e-05,0.3780487804878049,unchanged_proportion,MC_PRECISION_INSUFFICIENT,success_conditional_descriptive_resampling_range_not_population_CI,0,proportion,200000,False,completion,finite_changes_summary.json,0.275,0.48484848484848486,,,,,,,,,,,,,,,,,,,,,,,,,,0.002,17.0,2.0,82.0,15.0,,,,
0.00765639589169001,200000,0.6825396825396826,6.868131868131868e-05,-0.3188405797101449,mean_change,MC_PRECISION_MET,success_conditional_descriptive_resampling_range_not_population_CI,0,VAS,200000,False,completion,finite_changes_summary.json,-0.6666666666666666,0.015873015873015872,,,,,,,,,,,,,,,,,,,,,,,,,,0.01,18.0,2.0,69.0,16.0,,,,
0.0,200000,0.0,6.868131868131868e-05,0.0,median_change,MC_PRECISION_MET,success_conditional_descriptive_resampling_range_not_population_CI,0,VAS,200000,True,completion,finite_changes_summary.json,0.0,0.0,,,,,,,,,,,,,,,,,,,,,,,,,,0.01,18.0,2.0,69.0,16.0,,,,
0.003828197945845005,200000,0.3412698412698413,6.868131868131868e-05,-0.15942028985507245,mean_rate,MC_PRECISION_MET,success_conditional_descriptive_resampling_range_not_population_CI,0,VAS/minute,200000,False,completion,finite_changes_summary.json,-0.3333333333333333,0.007936507936507936,,,,,,,,,,,,,,,,,,,,,,,,,,0.01,18.0,2.0,69.0,16.0,,,,
0.0,200000,0.0,6.868131868131868e-05,0.0,median_rate,MC_PRECISION_MET,success_conditional_descriptive_resampling_range_not_population_CI,0,VAS/minute,200000,True,completion,finite_changes_summary.json,0.0,0.0,,,,,,,,,,,,,,,,,,,,,,,,,,0.01,18.0,2.0,69.0,16.0,,,,
0.001716247139588123,200000,0.1915204678362573,6.868131868131868e-05,0.2028985507246377,rise_proportion,MC_PRECISION_MET,success_conditional_descriptive_resampling_range_not_population_CI,0,proportion,200000,False,completion,finite_changes_summary.json,0.1111111111111111,0.3026315789473684,,,,,,,,,,,,,,,,,,,,,,,,,,0.002,18.0,2.0,69.0,16.0,,,,
0.0014214641080312895,200000,0.22761194029850745,6.868131868131868e-05,0.36231884057971014,fall_proportion,MC_PRECISION_MET,success_conditional_descriptive_resampling_range_not_population_CI,0,proportion,200000,False,completion,finite_changes_summary.json,0.25,0.47761194029850745,,,,,,,,,,,,,,,,,,,,,,,,,,0.002,18.0,2.0,69.0,16.0,,,,
0.0017094017094017033,200000,0.2356643356643357,6.868131868131868e-05,0.43478260869565216,unchanged_proportion,MC_PRECISION_MET,success_conditional_descriptive_resampling_range_not_population_CI,0,proportion,200000,False,completion,finite_changes_summary.json,0.3181818181818182,0.5538461538461539,,,,,,,,,,,,,,,,,,,,,,,,,,0.002,18.0,2.0,69.0,16.0,,,,
0.004617871161394598,200000,0.721311475409836,6.868131868131868e-05,-0.3898305084745763,mean_change,MC_PRECISION_MET,success_conditional_descriptive_resampling_range_not_population_CI,0,VAS,200000,False,completion,finite_changes_summary.json,-0.7540983606557377,-0.03278688524590164,,,,,,,,,,,,,,,,,,,,,,,,,,0.01,19.0,2.0,59.0,17.0,,,,
0.0,200000,1.0,6.868131868131868e-05,0.0,median_change,MC_PRECISION_MET,success_conditional_descriptive_resampling_range_not_population_CI,0,VAS,200000,False,completion,finite_changes_summary.json,-1.0,0.0,,,,,,,,,,,,,,,,,,,,,,,,,,0.01,19.0,2.0,59.0,17.0,,,,
0.002308935580697299,200000,0.360655737704918,6.868131868131868e-05,-0.19491525423728814,mean_rate,MC_PRECISION_MET,success_conditional_descriptive_resampling_range_not_population_CI,0,VAS/minute,200000,False,completion,finite_changes_summary.json,-0.3770491803278688,-0.01639344262295082,,,,,,,,,,,,,,,,,,,,,,,,,,0.01,19.0,2.0,59.0,17.0,,,,
0.0,200000,0.5,6.868131868131868e-05,0.0,median_rate,MC_PRECISION_MET,success_conditional_descriptive_resampling_range_not_population_CI,0,VAS/minute,200000,False,completion,finite_changes_summary.json,-0.5,0.0,,,,,,,,,,,,,,,,,,,,,,,,,,0.01,19.0,2.0,59.0,17.0,,,,
0.002194357366771149,200000,0.19860139860139858,6.868131868131868e-05,0.1864406779661017,rise_proportion,MC_PRECISION_INSUFFICIENT,success_conditional_descriptive_resampling_range_not_population_CI,0,proportion,200000,False,completion,finite_changes_summary.json,0.09230769230769231,0.2909090909090909,,,,,,,,,,,,,,,,,,,,,,,,,,0.002,19.0,2.0,59.0,17.0,,,,
0.0022246941045606095,200000,0.25243147656940756,6.868131868131868e-05,0.4067796610169492,fall_proportion,MC_PRECISION_INSUFFICIENT,success_conditional_descriptive_resampling_range_not_population_CI,0,proportion,200000,False,completion,finite_changes_summary.json,0.28205128205128205,0.5344827586206896,,,,,,,,,,,,,,,,,,,,,,,,,,0.002,19.0,2.0,59.0,17.0,,,,
0.00164319248826289,200000,0.2527926177756192,6.868131868131868e-05,0.4067796610169492,unchanged_proportion,MC_PRECISION_MET,success_conditional_descriptive_resampling_range_not_population_CI,0,proportion,200000,False,completion,finite_changes_summary.json,0.28169014084507044,0.5344827586206896,,,,,,,,,,,,,,,,,,,,,,,,,,0.002,19.0,2.0,59.0,17.0,,,,
0.0070372976776917895,200000,0.6372413793103449,6.868131868131868e-05,-0.19642857142857142,mean_change,MC_PRECISION_MET,success_conditional_descriptive_resampling_range_not_population_CI,0,VAS,200000,False,completion,finite_changes_summary.json,-0.5172413793103449,0.12,,,,,,,,,,,,,,,,,,,,,,,,,,0.01,20.0,2.0,56.0,18.0,,,,
0.0,200000,1.0,6.868131868131868e-05,0.0,median_change,MC_PRECISION_MET,success_conditional_descriptive_resampling_range_not_population_CI,0,VAS,200000,False,completion,finite_changes_summary.json,-1.0,0.0,,,,,,,,,,,,,,,,,,,,,,,,,,0.01,20.0,2.0,56.0,18.0,,,,
0.0035186488388458947,200000,0.31862068965517243,6.868131868131868e-05,-0.09821428571428571,mean_rate,MC_PRECISION_MET,success_conditional_descriptive_resampling_range_not_population_CI,0,VAS/minute,200000,False,completion,finite_changes_summary.json,-0.25862068965517243,0.06,,,,,,,,,,,,,,,,,,,,,,,,,,0.01,20.0,2.0,56.0,18.0,,,,
0.0,200000,0.5,6.868131868131868e-05,0.0,median_rate,MC_PRECISION_MET,success_conditional_descriptive_resampling_range_not_population_CI,0,VAS/minute,200000,False,completion,finite_changes_summary.json,-0.5,0.0,,,,,,,,,,,,,,,,,,,,,,,,,,0.01,20.0,2.0,56.0,18.0,,,,
0.0017921146953405187,200000,0.23371647509578544,6.868131868131868e-05,0.26785714285714285,rise_proportion,MC_PRECISION_MET,success_conditional_descriptive_resampling_range_not_population_CI,0,proportion,200000,False,completion,finite_changes_summary.json,0.15517241379310345,0.3888888888888889,,,,,,,,,,,,,,,,,,,,,,,,,,0.002,20.0,2.0,56.0,18.0,,,,
0.007462686567164201,200000,0.2574626865671642,6.868131868131868e-05,0.375,fall_proportion,MC_PRECISION_INSUFFICIENT,success_conditional_descriptive_resampling_range_not_population_CI,0,proportion,200000,False,completion,finite_changes_summary.json,0.25,0.5074626865671642,,,,,,,,,,,,,,,,,,,,,,,,,,0.002,20.0,2.0,56.0,18.0,,,,
0.004501125281320295,200000,0.25503875968992246,6.868131868131868e-05,0.35714285714285715,unchanged_proportion,MC_PRECISION_INSUFFICIENT,success_conditional_descriptive_resampling_range_not_population_CI,0,proportion,200000,False,completion,finite_changes_summary.json,0.23333333333333334,0.4883720930232558,,,,,,,,,,,,,,,,,,,,,,,,,,0.002,20.0,2.0,56.0,18.0,,,,
0.0046948356807512415,200000,0.7417840375586855,6.868131868131868e-05,1.0047169811320755,mean_change,MC_PRECISION_MET,success_conditional_descriptive_resampling_range_not_population_CI,0,VAS,200000,False,completion,finite_changes_summary.json,0.6338028169014085,1.375586854460094,,,,,,,,,,,,,,,,,,,,,,,,,,0.01,6.0,5.0,212.0,1.0,,,,
0.0,200000,0.0,6.868131868131868e-05,1.0,median_change,MC_PRECISION_MET,success_conditional_descriptive_resampling_range_not_population_CI,0,VAS,200000,True,completion,finite_changes_summary.json,1.0,1.0,,,,,,,,,,,,,,,,,,,,,,,,,,0.01,6.0,5.0,212.0,1.0,,,,
0.0009389671361502705,200000,0.14835680751173713,6.868131868131868e-05,0.2009433962264151,mean_rate,MC_PRECISION_MET,success_conditional_descriptive_resampling_range_not_population_CI,0,VAS/minute,200000,False,completion,finite_changes_summary.json,0.1267605633802817,0.2751173708920188,,,,,,,,,,,,,,,,,,,,,,,,,,0.01,6.0,5.0,212.0,1.0,,,,
0.0,200000,0.0,6.868131868131868e-05,0.2,median_rate,MC_PRECISION_MET,success_conditional_descriptive_resampling_range_not_population_CI,0,VAS/minute,200000,True,completion,finite_changes_summary.json,0.2,0.2,,,,,,,,,,,,,,,,,,,,,,,,,,0.01,6.0,5.0,212.0,1.0,,,,
0.0015429377534826871,200000,0.13207547169811318,6.868131868131868e-05,0.5990566037735849,rise_proportion,MC_PRECISION_MET,success_conditional_descriptive_resampling_range_not_population_CI,0,proportion,200000,False,completion,finite_changes_summary.json,0.5330188679245284,0.6650943396226415,,,,,,,,,,,,,,,,,,,,,,,,,,0.002,6.0,5.0,212.0,1.0,,,,
0.0011125945705385276,200000,0.11703554661301141,6.868131868131868e-05,0.25,fall_proportion,MC_PRECISION_MET,success_conditional_descriptive_resampling_range_not_population_CI,0,proportion,200000,False,completion,finite_changes_summary.json,0.19248826291079812,0.30952380952380953,,,,,,,,,,,,,,,,,,,,,,,,,,0.002,6.0,5.0,212.0,1.0,,,,
0.0009345794392523199,200000,0.09716099453359195,6.868131868131868e-05,0.1509433962264151,unchanged_proportion,MC_PRECISION_MET,success_conditional_descriptive_resampling_range_not_population_CI,0,proportion,200000,False,completion,finite_changes_summary.json,0.10377358490566038,0.20093457943925233,,,,,,,,,,,,,,,,,,,,,,,,,,0.002,6.0,5.0,212.0,1.0,,,,
0.004761904761904745,200000,0.7050301810865192,6.868131868131868e-05,-0.037914691943127965,mean_change,MC_PRECISION_MET,success_conditional_descriptive_resampling_range_not_population_CI,0,VAS,200000,False,completion,finite_changes_summary.json,-0.3904761904761905,0.3145539906103286,,,,,,,,,,,,,,,,,,,,,,,,,,0.01,7.0,5.0,211.0,2.0,,,,
0.0,200000,0.0,6.868131868131868e-05,0.0,median_change,MC_PRECISION_MET,success_conditional_descriptive_resampling_range_not_population_CI,0,VAS,200000,True,completion,finite_changes_summary.json,0.0,0.0,,,,,,,,,,,,,,,,,,,,,,,,,,0.01,7.0,5.0,211.0,2.0,,,,
0.0009523809523809545,200000,0.14100603621730382,6.868131868131868e-05,-0.007582938388625593,mean_rate,MC_PRECISION_MET,success_conditional_descriptive_resampling_range_not_population_CI,0,VAS/minute,200000,False,completion,finite_changes_summary.json,-0.07809523809523809,0.06291079812206572,,,,,,,,,,,,,,,,,,,,,,,,,,0.01,7.0,5.0,211.0,2.0,,,,
0.0,200000,0.0,6.868131868131868e-05,0.0,median_rate,MC_PRECISION_MET,success_conditional_descriptive_resampling_range_not_population_CI,0,VAS/minute,200000,True,completion,finite_changes_summary.json,0.0,0.0,,,,,,,,,,,,,,,,,,,,,,,,,,0.01,7.0,5.0,211.0,2.0,,,,
0.0021217045864933004,200000,0.1328126738312974,6.868131868131868e-05,0.4218009478672986,rise_proportion,MC_PRECISION_INSUFFICIENT,success_conditional_descriptive_resampling_range_not_population_CI,0,proportion,200000,False,completion,finite_changes_summary.json,0.35545023696682465,0.48826291079812206,,,,,,,,,,,,,,,,,,,,,,,,,,0.002,7.0,5.0,211.0,2.0,,,,
0.0015352780188238602,200000,0.1327014218009479,6.868131868131868e-05,0.4028436018957346,fall_proportion,MC_PRECISION_MET,success_conditional_descriptive_resampling_range_not_population_CI,0,proportion,200000,False,completion,finite_changes_summary.json,0.33649289099526064,0.46919431279620855,,,,,,,,,,,,,,,,,,,,,,,,,,0.002,7.0,5.0,211.0,2.0,,,,
0.0011682242990654068,200000,0.10173875244512065,6.868131868131868e-05,0.17535545023696683,unchanged_proportion,MC_PRECISION_MET,success_conditional_descriptive_resampling_range_not_population_CI,0,proportion,200000,False,completion,finite_changes_summary.json,0.1261682242990654,0.22790697674418606,,,,,,,,,,,,,,,,,,,,,,,,,,0.002,7.0,5.0,211.0,2.0,,,,
0.004807692307692291,200000,0.7039187227866474,6.868131868131868e-05,-0.45714285714285713,mean_change,MC_PRECISION_MET,success_conditional_descriptive_resampling_range_not_population_CI,0,VAS,200000,False,completion,finite_changes_summary.json,-0.8076923076923077,-0.10377358490566038,,,,,,,,,,,,,,,,,,,,,,,,,,0.01,8.0,5.0,210.0,3.0,,,,
0.0,200000,1.0,6.868131868131868e-05,0.0,median_change,MC_PRECISION_MET,success_conditional_descriptive_resampling_range_not_population_CI,0,VAS,200000,False,completion,finite_changes_summary.json,-1.0,0.0,,,,,,,,,,,,,,,,,,,,,,,,,,0.01,8.0,5.0,210.0,3.0,,,,
0.0009615384615384581,200000,0.14078374455732948,6.868131868131868e-05,-0.09142857142857143,mean_rate,MC_PRECISION_MET,success_conditional_descriptive_resampling_range_not_population_CI,0,VAS/minute,200000,False,completion,finite_changes_summary.json,-0.16153846153846155,-0.020754716981132078,,,,,,,,,,,,,,,,,,,,,,,,,,0.01,8.0,5.0,210.0,3.0,,,,
0.0,200000,0.2,6.868131868131868e-05,0.0,median_rate,MC_PRECISION_MET,success_conditional_descriptive_resampling_range_not_population_CI,0,VAS/minute,200000,False,completion,finite_changes_summary.json,-0.2,0.0,,,,,,,,,,,,,,,,,,,,,,,,,,0.01,8.0,5.0,210.0,3.0,,,,
0.0013089596027984762,200000,0.12796208530805686,6.868131868131868e-05,0.3380952380952381,rise_proportion,MC_PRECISION_MET,success_conditional_descriptive_resampling_range_not_population_CI,0,proportion,200000,False,completion,finite_changes_summary.json,0.27488151658767773,0.4028436018957346,,,,,,,,,,,,,,,,,,,,,,,,,,0.002,8.0,5.0,210.0,3.0,,,,
0.0018108651911469265,200000,0.13615023474178406,6.868131868131868e-05,0.4714285714285714,fall_proportion,MC_PRECISION_MET,success_conditional_descriptive_resampling_range_not_population_CI,0,proportion,200000,False,completion,finite_changes_summary.json,0.40375586854460094,0.539906103286385,,,,,,,,,,,,,,,,,,,,,,,,,,0.002,8.0,5.0,210.0,3.0,,,,
0.001151563468863498,200000,0.10718778077268643,6.868131868131868e-05,0.19047619047619047,unchanged_proportion,MC_PRECISION_MET,success_conditional_descriptive_resampling_range_not_population_CI,0,proportion,200000,False,completion,finite_changes_summary.json,0.1380952380952381,0.24528301886792453,,,,,,,,,,,,,,,,,,,,,,,,,,0.002,8.0,5.0,210.0,3.0,,,,
0.00455354459931101,200000,0.6229110325220164,6.868131868131868e-05,-0.7163461538461539,mean_change,MC_PRECISION_MET,success_conditional_descriptive_resampling_range_not_population_CI,0,VAS,200000,False,completion,finite_changes_summary.json,-1.0287081339712918,-0.4057971014492754,,,,,,,,,,,,,,,,,,,,,,,,,,0.01,9.0,5.0,208.0,4.0,,,,
0.0,200000,1.0,6.868131868131868e-05,-1.0,median_change,MC_PRECISION_MET,success_conditional_descriptive_resampling_range_not_population_CI,0,VAS,200000,False,completion,finite_changes_summary.json,-1.0,0.0,,,,,,,,,,,,,,,,,,,,,,,,,,0.01,9.0,5.0,208.0,4.0,,,,
0.0009107089198621965,200000,0.12458220650440328,6.868131868131868e-05,-0.14326923076923076,mean_rate,MC_PRECISION_MET,success_conditional_descriptive_resampling_range_not_population_CI,0,VAS/minute,200000,False,completion,finite_changes_summary.json,-0.20574162679425836,-0.08115942028985508,,,,,,,,,,,,,,,,,,,,,,,,,,0.01,9.0,5.0,208.0,4.0,,,,
0.0,200000,0.2,6.868131868131868e-05,-0.2,median_rate,MC_PRECISION_MET,success_conditional_descriptive_resampling_range_not_population_CI,0,VAS/minute,200000,False,completion,finite_changes_summary.json,-0.2,0.0,,,,,,,,,,,,,,,,,,,,,,,,,,0.01,9.0,5.0,208.0,4.0,,,,
0.0012362637362637319,200000,0.12505175983436853,6.868131868131868e-05,0.3076923076923077,rise_proportion,MC_PRECISION_MET,success_conditional_descriptive_resampling_range_not_population_CI,0,proportion,200000,False,completion,finite_changes_summary.json,0.2463768115942029,0.37142857142857144,,,,,,,,,,,,,,,,,,,,,,,,,,0.002,9.0,5.0,208.0,4.0,,,,
0.0013343762941149806,200000,0.13503547423450335,6.868131868131868e-05,0.5240384615384616,fall_proportion,MC_PRECISION_MET,success_conditional_descriptive_resampling_range_not_population_CI,0,proportion,200000,False,completion,finite_changes_summary.json,0.4563106796116505,0.5913461538461539,,,,,,,,,,,,,,,,,,,,,,,,,,0.002,9.0,5.0,208.0,4.0,,,,
0.0010581523739418286,200000,0.10104807473228528,6.868131868131868e-05,0.16826923076923078,unchanged_proportion,MC_PRECISION_MET,success_conditional_descriptive_resampling_range_not_population_CI,0,proportion,200000,False,completion,finite_changes_summary.json,0.11904761904761904,0.22009569377990432,,,,,,,,,,,,,,,,,,,,,,,,,,0.002,9.0,5.0,208.0,4.0,,,,
0.004692891649413333,200000,0.5701863354037268,6.868131868131868e-05,-0.7038834951456311,mean_change,MC_PRECISION_MET,success_conditional_descriptive_resampling_range_not_population_CI,0,VAS,200000,False,completion,finite_changes_summary.json,-0.9904761904761905,-0.42028985507246375,,,,,,,,,,,,,,,,,,,,,,,,,,0.01,10.0,5.0,206.0,5.0,,,,
0.0,200000,1.0,6.868131868131868e-05,0.0,median_change,MC_PRECISION_MET,success_conditional_descriptive_resampling_range_not_population_CI,0,VAS,200000,False,completion,finite_changes_summary.json,-1.0,0.0,,,,,,,,,,,,,,,,,,,,,,,,,,0.01,10.0,5.0,206.0,5.0,,,,
0.0009385783298826722,200000,0.11403726708074535,6.868131868131868e-05,-0.1407766990291262,mean_rate,MC_PRECISION_MET,success_conditional_descriptive_resampling_range_not_population_CI,0,VAS/minute,200000,False,completion,finite_changes_summary.json,-0.1980952380952381,-0.08405797101449275,,,,,,,,,,,,,,,,,,,,,,,,,,0.01,10.0,5.0,206.0,5.0,,,,
0.0,200000,0.2,6.868131868131868e-05,0.0,median_rate,MC_PRECISION_MET,success_conditional_descriptive_resampling_range_not_population_CI,0,VAS/minute,200000,False,completion,finite_changes_summary.json,-0.2,0.0,,,,,,,,,,,,,,,,,,,,,,,,,,0.01,10.0,5.0,206.0,5.0,,,,
0.0009710117468738066,200000,0.12515615056449902,6.868131868131868e-05,0.2961165048543689,rise_proportion,MC_PRECISION_MET,success_conditional_descriptive_resampling_range_not_population_CI,0,proportion,200000,False,completion,finite_changes_summary.json,0.23444976076555024,0.35960591133004927,,,,,,,,,,,,,,,,,,,,,,,,,,0.002,10.0,5.0,206.0,5.0,,,,
0.001057387292127343,200000,0.1363364468780196,6.868131868131868e-05,0.4854368932038835,fall_proportion,MC_PRECISION_MET,success_conditional_descriptive_resampling_range_not_population_CI,0,proportion,200000,False,completion,finite_changes_summary.json,0.41706161137440756,0.5533980582524272,,,,,,,,,,,,,,,,,,,,,,,,,,0.002,10.0,5.0,206.0,5.0,,,,
0.0008281573498964967,200000,0.11272893772893774,6.868131868131868e-05,0.21844660194174756,unchanged_proportion,MC_PRECISION_MET,success_conditional_descriptive_resampling_range_not_population_CI,0,proportion,200000,False,completion,finite_changes_summary.json,0.16346153846153846,0.2761904761904762,,,,,,,,,,,,,,,,,,,,,,,,,,0.002,10.0,5.0,206.0,5.0,,,,
0.0045351473922902175,200000,0.5075106184605822,6.868131868131868e-05,-0.7268041237113402,mean_change,MC_PRECISION_MET,success_conditional_descriptive_resampling_range_not_population_CI,0,VAS,200000,False,completion,finite_changes_summary.json,-0.9795918367346939,-0.4720812182741117,,,,,,,,,,,,,,,,,,,,,,,,,,0.01,11.0,5.0,194.0,6.0,,,,
0.0,200000,1.0,6.868131868131868e-05,-1.0,median_change,MC_PRECISION_MET,success_conditional_descriptive_resampling_range_not_population_CI,0,VAS,200000,False,completion,finite_changes_summary.json,-1.0,0.0,,,,,,,,,,,,,,,,,,,,,,,,,,0.01,11.0,5.0,194.0,6.0,,,,
0.0009070294784580546,200000,0.10150212369211642,6.868131868131868e-05,-0.14536082474226802,mean_rate,MC_PRECISION_MET,success_conditional_descriptive_resampling_range_not_population_CI,0,VAS/minute,200000,False,completion,finite_changes_summary.json,-0.19591836734693877,-0.09441624365482235,,,,,,,,,,,,,,,,,,,,,,,,,,0.01,11.0,5.0,194.0,6.0,,,,
0.0,200000,0.2,6.868131868131868e-05,-0.2,median_rate,MC_PRECISION_MET,success_conditional_descriptive_resampling_range_not_population_CI,0,VAS/minute,200000,False,completion,finite_changes_summary.json,-0.2,0.0,,,,,,,,,,,,,,,,,,,,,,,,,,0.01,11.0,5.0,194.0,6.0,,,,
0.0014248704663212264,200000,0.12435233160621761,6.868131868131868e-05,0.26288659793814434,rise_proportion,MC_PRECISION_MET,success_conditional_descriptive_resampling_range_not_population_CI,0,proportion,200000,False,completion,finite_changes_summary.json,0.20207253886010362,0.32642487046632124,,,,,,,,,,,,,,,,,,,,,,,,,,0.002,11.0,5.0,194.0,6.0,,,,
0.0011337868480725266,200000,0.1406926406926407,6.868131868131868e-05,0.5309278350515464,fall_proportion,MC_PRECISION_MET,success_conditional_descriptive_resampling_range_not_population_CI,0,proportion,200000,False,completion,finite_changes_summary.json,0.4603174603174603,0.601010101010101,,,,,,,,,,,,,,,,,,,,,,,,,,0.002,11.0,5.0,194.0,6.0,,,,
0.0010574177857671785,200000,0.11320703799654577,6.868131868131868e-05,0.20618556701030927,unchanged_proportion,MC_PRECISION_MET,success_conditional_descriptive_resampling_range_not_population_CI,0,proportion,200000,False,completion,finite_changes_summary.json,0.15104166666666666,0.26424870466321243,,,,,,,,,,,,,,,,,,,,,,,,,,0.002,11.0,5.0,194.0,6.0,,,,
0.0033024567055980336,200000,0.5119703825586178,6.868131868131868e-05,-0.6528497409326425,mean_change,MC_PRECISION_MET,success_conditional_descriptive_resampling_range_not_population_CI,0,VAS,200000,False,completion,finite_changes_summary.json,-0.9076923076923077,-0.39572192513368987,,,,,,,,,,,,,,,,,,,,,,,,,,0.01,12.0,5.0,193.0,7.0,,,,
0.0,200000,1.0,6.868131868131868e-05,-1.0,median_change,MC_PRECISION_MET,success_conditional_descriptive_resampling_range_not_population_CI,0,VAS,200000,False,completion,finite_changes_summary.json,-1.0,0.0,,,,,,,,,,,,,,,,,,,,,,,,,,0.01,12.0,5.0,193.0,7.0,,,,
0.0006604913411196178,200000,0.10239407651172357,6.868131868131868e-05,-0.1305699481865285,mean_rate,MC_PRECISION_MET,success_conditional_descriptive_resampling_range_not_population_CI,0,VAS/minute,200000,False,completion,finite_changes_summary.json,-0.18153846153846154,-0.07914438502673797,,,,,,,,,,,,,,,,,,,,,,,,,,0.01,12.0,5.0,193.0,7.0,,,,
0.0,200000,0.2,6.868131868131868e-05,-0.2,median_rate,MC_PRECISION_MET,success_conditional_descriptive_resampling_range_not_population_CI,0,VAS/minute,200000,False,completion,finite_changes_summary.json,-0.2,0.0,,,,,,,,,,,,,,,,,,,,,,,,,,0.01,12.0,5.0,193.0,7.0,,,,
0.0010257489282238796,200000,0.12014455969984553,6.868131868131868e-05,0.23834196891191708,rise_proportion,MC_PRECISION_MET,success_conditional_descriptive_resampling_range_not_population_CI,0,proportion,200000,False,completion,finite_changes_summary.json,0.1793478260869565,0.29949238578680204,,,,,,,,,,,,,,,,,,,,,,,,,,0.002,12.0,5.0,193.0,7.0,,,,
0.0015604337476857744,200000,0.1403419716804702,6.868131868131868e-05,0.5492227979274611,fall_proportion,MC_PRECISION_MET,success_conditional_descriptive_resampling_range_not_population_CI,0,proportion,200000,False,completion,finite_changes_summary.json,0.4789473684210526,0.6192893401015228,,,,,,,,,,,,,,,,,,,,,,,,,,0.002,12.0,5.0,193.0,7.0,,,,
0.0009057971014492794,200000,0.1154891304347826,6.868131868131868e-05,0.21243523316062177,unchanged_proportion,MC_PRECISION_MET,success_conditional_descriptive_resampling_range_not_population_CI,0,proportion,200000,False,completion,finite_changes_summary.json,0.15625,0.2717391304347826,,,,,,,,,,,,,,,,,,,,,,,,,,0.002,12.0,5.0,193.0,7.0,,,,
0.004368279569892497,200000,0.53125,6.868131868131868e-05,-0.7647058823529411,mean_change,MC_PRECISION_MET,success_conditional_descriptive_resampling_range_not_population_CI,0,VAS,200000,False,completion,finite_changes_summary.json,-1.03125,-0.5,,,,,,,,,,,,,,,,,,,,,,,,,,0.01,13.0,5.0,187.0,8.0,,,,
0.0,200000,1.0,6.868131868131868e-05,-1.0,median_change,MC_PRECISION_MET,success_conditional_descriptive_resampling_range_not_population_CI,0,VAS,200000,False,completion,finite_changes_summary.json,-1.0,0.0,,,,,,,,,,,,,,,,,,,,,,,,,,0.01,13.0,5.0,187.0,8.0,,,,
0.0008736559139784772,200000,0.10624999999999998,6.868131868131868e-05,-0.15294117647058822,mean_rate,MC_PRECISION_MET,success_conditional_descriptive_resampling_range_not_population_CI,0,VAS/minute,200000,False,completion,finite_changes_summary.json,-0.20625,-0.1,,,,,,,,,,,,,,,,,,,,,,,,,,0.01,13.0,5.0,187.0,8.0,,,,
0.0,200000,0.2,6.868131868131868e-05,-0.2,median_rate,MC_PRECISION_MET,success_conditional_descriptive_resampling_range_not_population_CI,0,VAS/minute,200000,False,completion,finite_changes_summary.json,-0.2,0.0,,,,,,,,,,,,,,,,,,,,,,,,,,0.01,13.0,5.0,187.0,8.0,,,,
0.001157535001653609,200000,0.11170212765957446,6.868131868131868e-05,0.18716577540106952,rise_proportion,MC_PRECISION_MET,success_conditional_descriptive_resampling_range_not_population_CI,0,proportion,200000,False,completion,finite_changes_summary.json,0.13297872340425532,0.24468085106382978,,,,,,,,,,,,,,,,,,,,,,,,,,0.002,13.0,5.0,187.0,8.0,,,,
0.0020517395182872433,200000,0.14295874822190607,6.868131868131868e-05,0.5614973262032086,fall_proportion,MC_PRECISION_INSUFFICIENT,success_conditional_descriptive_resampling_range_not_population_CI,0,proportion,200000,False,completion,finite_changes_summary.json,0.48947368421052634,0.6324324324324324,,,,,,,,,,,,,,,,,,,,,,,,,,0.002,13.0,5.0,187.0,8.0,,,,
0.0010873398377806431,200000,0.12444093659563271,6.868131868131868e-05,0.25133689839572193,unchanged_proportion,MC_PRECISION_MET,success_conditional_descriptive_resampling_range_not_population_CI,0,proportion,200000,False,completion,finite_changes_summary.json,0.19047619047619047,0.3149171270718232,,,,,,,,,,,,,,,,,,,,,,,,,,0.002,13.0,5.0,187.0,8.0,,,,
0.005101381893322987,200000,0.5913082784450471,6.868131868131868e-05,-0.7288135593220338,mean_change,MC_PRECISION_MET,success_conditional_descriptive_resampling_range_not_population_CI,0,VAS,200000,False,completion,finite_changes_summary.json,-1.0280898876404494,-0.4367816091954023,,,,,,,,,,,,,,,,,,,,,,,,,,0.01,14.0,5.0,177.0,9.0,,,,
0.0,200000,1.0,6.868131868131868e-05,-1.0,median_change,MC_PRECISION_MET,success_conditional_descriptive_resampling_range_not_population_CI,0,VAS,200000,False,completion,finite_changes_summary.json,-1.0,0.0,,,,,,,,,,,,,,,,,,,,,,,,,,0.01,14.0,5.0,177.0,9.0,,,,
0.001020276378664614,200000,0.11826165568900943,6.868131868131868e-05,-0.14576271186440676,mean_rate,MC_PRECISION_MET,success_conditional_descriptive_resampling_range_not_population_CI,0,VAS/minute,200000,False,completion,finite_changes_summary.json,-0.20561797752808988,-0.08735632183908046,,,,,,,,,,,,,,,,,,,,,,,,,,0.01,14.0,5.0,177.0,9.0,,,,
0.0,200000,0.2,6.868131868131868e-05,-0.2,median_rate,MC_PRECISION_MET,success_conditional_descriptive_resampling_range_not_population_CI,0,VAS/minute,200000,False,completion,finite_changes_summary.json,-0.2,0.0,,,,,,,,,,,,,,,,,,,,,,,,,,0.01,14.0,5.0,177.0,9.0,,,,
0.0009740259740259882,200000,0.12472617743702083,6.868131868131868e-05,0.23163841807909605,rise_proportion,MC_PRECISION_MET,success_conditional_descriptive_resampling_range_not_population_CI,0,proportion,200000,False,completion,finite_changes_summary.json,0.17045454545454544,0.29518072289156627,,,,,,,,,,,,,,,,,,,,,,,,,,0.002,14.0,5.0,177.0,9.0,,,,
0.001259079903147664,200000,0.1473123486682809,6.868131868131868e-05,0.536723163841808,fall_proportion,MC_PRECISION_MET,success_conditional_descriptive_resampling_range_not_population_CI,0,proportion,200000,False,completion,finite_changes_summary.json,0.46285714285714286,0.6101694915254238,,,,,,,,,,,,,,,,,,,,,,,,,,0.002,14.0,5.0,177.0,9.0,,,,
0.0008403361344537785,200000,0.12486631016042782,6.868131868131868e-05,0.23163841807909605,unchanged_proportion,MC_PRECISION_MET,success_conditional_descriptive_resampling_range_not_population_CI,0,proportion,200000,False,completion,finite_changes_summary.json,0.17058823529411765,0.29545454545454547,,,,,,,,,,,,,,,,,,,,,,,,,,0.002,14.0,5.0,177.0,9.0,,,,
0.0038767598449294116,200000,0.6020015090743022,6.868131868131868e-05,-0.7619047619047619,mean_change,MC_PRECISION_MET,success_conditional_descriptive_resampling_range_not_population_CI,0,VAS,200000,False,completion,finite_changes_summary.json,-1.0650887573964498,-0.46308724832214765,,,,,,,,,,,,,,,,,,,,,,,,,,0.01,15.0,5.0,168.0,10.0,,,,
0.0,200000,1.0,6.868131868131868e-05,-1.0,median_change,MC_PRECISION_MET,success_conditional_descriptive_resampling_range_not_population_CI,0,VAS,200000,False,completion,finite_changes_summary.json,-1.0,0.0,,,,,,,,,,,,,,,,,,,,,,,,,,0.01,15.0,5.0,168.0,10.0,,,,
0.0007753519689858712,200000,0.12040030181486044,6.868131868131868e-05,-0.15238095238095237,mean_rate,MC_PRECISION_MET,success_conditional_descriptive_resampling_range_not_population_CI,0,VAS/minute,200000,False,completion,finite_changes_summary.json,-0.21301775147928997,-0.09261744966442953,,,,,,,,,,,,,,,,,,,,,,,,,,0.01,15.0,5.0,168.0,10.0,,,,
0.0,200000,0.2,6.868131868131868e-05,-0.2,median_rate,MC_PRECISION_MET,success_conditional_descriptive_resampling_range_not_population_CI,0,VAS/minute,200000,False,completion,finite_changes_summary.json,-0.2,0.0,,,,,,,,,,,,,,,,,,,,,,,,,,0.01,15.0,5.0,168.0,10.0,,,,
0.0009709491999378428,200000,0.12627494456762747,6.868131868131868e-05,0.2261904761904762,rise_proportion,MC_PRECISION_MET,success_conditional_descriptive_resampling_range_not_population_CI,0,proportion,200000,False,completion,finite_changes_summary.json,0.16463414634146342,0.2909090909090909,,,,,,,,,,,,,,,,,,,,,,,,,,0.002,15.0,5.0,168.0,10.0,,,,
0.001141389641888979,200000,0.15050879835421183,6.868131868131868e-05,0.5416666666666666,fall_proportion,MC_PRECISION_MET,success_conditional_descriptive_resampling_range_not_population_CI,0,proportion,200000,False,completion,finite_changes_summary.json,0.4662576687116564,0.6167664670658682,,,,,,,,,,,,,,,,,,,,,,,,,,0.002,15.0,5.0,168.0,10.0,,,,
0.001107419712070845,200000,0.12802840434419382,6.868131868131868e-05,0.23214285714285715,unchanged_proportion,MC_PRECISION_MET,success_conditional_descriptive_resampling_range_not_population_CI,0,proportion,200000,False,completion,finite_changes_summary.json,0.1695906432748538,0.2976190476190476,,,,,,,,,,,,,,,,,,,,,,,,,,0.002,15.0,5.0,168.0,10.0,,,,
0.004648760330578483,200000,0.7378512396694215,6.868131868131868e-05,-0.6854838709677419,mean_change,MC_PRECISION_MET,success_conditional_descriptive_resampling_range_not_population_CI,0,VAS,200000,False,completion,finite_changes_summary.json,-1.0578512396694215,-0.32,,,,,,,,,,,,,,,,,,,,,,,,,,0.01,16.0,5.0,124.0,11.0,,,,
0.0,200000,1.0,6.868131868131868e-05,0.0,median_change,MC_PRECISION_MET,success_conditional_descriptive_resampling_range_not_population_CI,0,VAS,200000,False,completion,finite_changes_summary.json,-1.0,0.0,,,,,,,,,,,,,,,,,,,,,,,,,,0.01,16.0,5.0,124.0,11.0,,,,
0.0009297520661157022,200000,0.1475702479338843,6.868131868131868e-05,-0.13709677419354838,mean_rate,MC_PRECISION_MET,success_conditional_descriptive_resampling_range_not_population_CI,0,VAS/minute,200000,False,completion,finite_changes_summary.json,-0.2115702479338843,-0.064,,,,,,,,,,,,,,,,,,,,,,,,,,0.01,16.0,5.0,124.0,11.0,,,,
0.0,200000,0.2,6.868131868131868e-05,0.0,median_rate,MC_PRECISION_MET,success_conditional_descriptive_resampling_range_not_population_CI,0,VAS/minute,200000,False,completion,finite_changes_summary.json,-0.2,0.0,,,,,,,,,,,,,,,,,,,,,,,,,,0.01,16.0,5.0,124.0,11.0,,,,
0.0012132457893234139,200000,0.151530538227187,6.868131868131868e-05,0.24193548387096775,rise_proportion,MC_PRECISION_MET,success_conditional_descriptive_resampling_range_not_population_CI,0,proportion,200000,False,completion,finite_changes_summary.json,0.168141592920354,0.319672131147541,,,,,,,,,,,,,,,,,,,,,,,,,,0.002,16.0,5.0,124.0,11.0,,,,
0.0013329778725673092,200000,0.1756728120364484,6.868131868131868e-05,0.47580645161290325,fall_proportion,MC_PRECISION_MET,success_conditional_descriptive_resampling_range_not_population_CI,0,proportion,200000,False,completion,finite_changes_summary.json,0.3884297520661157,0.5641025641025641,,,,,,,,,,,,,,,,,,,,,,,,,,0.002,16.0,5.0,124.0,11.0,,,,
0.0014378594648661869,200000,0.15817881635763273,6.868131868131868e-05,0.28225806451612906,unchanged_proportion,MC_PRECISION_MET,success_conditional_descriptive_resampling_range_not_population_CI,0,proportion,200000,False,completion,finite_changes_summary.json,0.2047244094488189,0.3629032258064516,,,,,,,,,,,,,,,,,,,,,,,,,,0.002,16.0,5.0,124.0,11.0,,,,
0.009810671256454406,200000,0.8072289156626506,6.868131868131868e-05,-0.573170731707317,mean_change,MC_PRECISION_MET,success_conditional_descriptive_resampling_range_not_population_CI,0,VAS,200000,False,completion,finite_changes_summary.json,-0.9759036144578314,-0.1686746987951807,,,,,,,,,,,,,,,,,,,,,,,,,,0.01,17.0,5.0,82.0,12.0,,,,
0.0,200000,1.0,6.868131868131868e-05,-1.0,median_change,MC_PRECISION_MET,success_conditional_descriptive_resampling_range_not_population_CI,0,VAS,200000,False,completion,finite_changes_summary.json,-1.0,0.0,,,,,,,,,,,,,,,,,,,,,,,,,,0.01,17.0,5.0,82.0,12.0,,,,
0.0019621342512908813,200000,0.1614457831325301,6.868131868131868e-05,-0.1146341463414634,mean_rate,MC_PRECISION_MET,success_conditional_descriptive_resampling_range_not_population_CI,0,VAS/minute,200000,False,completion,finite_changes_summary.json,-0.19518072289156627,-0.033734939759036145,,,,,,,,,,,,,,,,,,,,,,,,,,0.01,17.0,5.0,82.0,12.0,,,,
0.0,200000,0.2,6.868131868131868e-05,-0.2,median_rate,MC_PRECISION_MET,success_conditional_descriptive_resampling_range_not_population_CI,0,VAS/minute,200000,False,completion,finite_changes_summary.json,-0.2,0.0,,,,,,,,,,,,,,,,,,,,,,,,,,0.01,17.0,5.0,82.0,12.0,,,,
0.003185727938833982,200000,0.18272425249169438,6.868131868131868e-05,0.23170731707317074,rise_proportion,MC_PRECISION_INSUFFICIENT,success_conditional_descriptive_resampling_range_not_population_CI,0,proportion,200000,False,completion,finite_changes_summary.json,0.14285714285714285,0.32558139534883723,,,,,,,,,,,,,,,,,,,,,,,,,,0.002,17.0,5.0,82.0,12.0,,,,
0.0011497556769186623,200000,0.21706864564007422,6.868131868131868e-05,0.524390243902439,fall_proportion,MC_PRECISION_MET,success_conditional_descriptive_resampling_range_not_population_CI,0,proportion,200000,False,completion,finite_changes_summary.json,0.4155844155844156,0.6326530612244898,,,,,,,,,,,,,,,,,,,,,,,,,,0.002,17.0,5.0,82.0,12.0,,,,
0.0028215028215028415,200000,0.18771816418875242,6.868131868131868e-05,0.24390243902439024,unchanged_proportion,MC_PRECISION_INSUFFICIENT,success_conditional_descriptive_resampling_range_not_population_CI,0,proportion,200000,False,completion,finite_changes_summary.json,0.15294117647058825,0.34065934065934067,,,,,,,,,,,,,,,,,,,,,,,,,,0.002,17.0,5.0,82.0,12.0,,,,
0.005490570541895438,200000,0.8848384424192212,6.868131868131868e-05,-0.5072463768115942,mean_change,MC_PRECISION_MET,success_conditional_descriptive_resampling_range_not_population_CI,0,VAS,200000,False,completion,finite_changes_summary.json,-0.9411764705882353,-0.056338028169014086,,,,,,,,,,,,,,,,,,,,,,,,,,0.01,18.0,5.0,69.0,13.0,,,,
0.0,200000,1.0,6.868131868131868e-05,-1.0,median_change,MC_PRECISION_MET,success_conditional_descriptive_resampling_range_not_population_CI,0,VAS,200000,False,completion,finite_changes_summary.json,-1.0,0.0,,,,,,,,,,,,,,,,,,,,,,,,,,0.01,18.0,5.0,69.0,13.0,,,,
0.0010981141083790877,200000,0.17696768848384423,6.868131868131868e-05,-0.10144927536231885,mean_rate,MC_PRECISION_MET,success_conditional_descriptive_resampling_range_not_population_CI,0,VAS/minute,200000,False,completion,finite_changes_summary.json,-0.18823529411764706,-0.011267605633802818,,,,,,,,,,,,,,,,,,,,,,,,,,0.01,18.0,5.0,69.0,13.0,,,,
0.0,200000,0.2,6.868131868131868e-05,-0.2,median_rate,MC_PRECISION_MET,success_conditional_descriptive_resampling_range_not_population_CI,0,VAS/minute,200000,False,completion,finite_changes_summary.json,-0.2,0.0,,,,,,,,,,,,,,,,,,,,,,,,,,0.01,18.0,5.0,69.0,13.0,,,,
0.0017334777898158626,200000,0.20457169244978063,6.868131868131868e-05,0.2463768115942029,rise_proportion,MC_PRECISION_MET,success_conditional_descriptive_resampling_range_not_population_CI,0,proportion,200000,False,completion,finite_changes_summary.json,0.14754098360655737,0.352112676056338,,,,,,,,,,,,,,,,,,,,,,,,,,0.002,18.0,5.0,69.0,13.0,,,,
0.004385964912280715,200000,0.23563218390804597,6.868131868131868e-05,0.5507246376811594,fall_proportion,MC_PRECISION_INSUFFICIENT,success_conditional_descriptive_resampling_range_not_population_CI,0,proportion,200000,False,completion,finite_changes_summary.json,0.43103448275862066,0.6666666666666666,,,,,,,,,,,,,,,,,,,,,,,,,,0.002,18.0,5.0,69.0,13.0,,,,
0.0014839940640237748,200000,0.1893867924528302,6.868131868131868e-05,0.2028985507246377,unchanged_proportion,MC_PRECISION_MET,success_conditional_descriptive_resampling_range_not_population_CI,0,proportion,200000,False,completion,finite_changes_summary.json,0.1125,0.3018867924528302,,,,,,,,,,,,,,,,,,,,,,,,,,0.002,18.0,5.0,69.0,13.0,,,,
0.007936507936507908,200000,0.9393939393939394,6.868131868131868e-05,-0.6949152542372882,mean_change,MC_PRECISION_MET,success_conditional_descriptive_resampling_range_not_population_CI,0,VAS,200000,False,completion,finite_changes_summary.json,-1.1666666666666667,-0.22727272727272727,,,,,,,,,,,,,,,,,,,,,,,,,,0.01,19.0,5.0,59.0,14.0,,,,
0.0,200000,1.0,6.868131868131868e-05,-1.0,median_change,MC_PRECISION_MET,success_conditional_descriptive_resampling_range_not_population_CI,0,VAS,200000,False,completion,finite_changes_summary.json,-1.0,0.0,,,,,,,,,,,,,,,,,,,,,,,,,,0.01,19.0,5.0,59.0,14.0,,,,
0.0015873015873015817,200000,0.18787878787878787,6.868131868131868e-05,-0.13898305084745763,mean_rate,MC_PRECISION_MET,success_conditional_descriptive_resampling_range_not_population_CI,0,VAS/minute,200000,False,completion,finite_changes_summary.json,-0.23333333333333334,-0.045454545454545456,,,,,,,,,,,,,,,,,,,,,,,,,,0.01,19.0,5.0,59.0,14.0,,,,
0.0,200000,0.2,6.868131868131868e-05,-0.2,median_rate,MC_PRECISION_MET,success_conditional_descriptive_resampling_range_not_population_CI,0,VAS/minute,200000,False,completion,finite_changes_summary.json,-0.2,0.0,,,,,,,,,,,,,,,,,,,,,,,,,,0.01,19.0,5.0,59.0,14.0,,,,
0.0012578616352201255,200000,0.21880172128434291,6.868131868131868e-05,0.23728813559322035,rise_proportion,MC_PRECISION_MET,success_conditional_descriptive_resampling_range_not_population_CI,0,proportion,200000,False,completion,finite_changes_summary.json,0.1320754716981132,0.3508771929824561,,,,,,,,,,,,,,,,,,,,,,,,,,0.002,19.0,5.0,59.0,14.0,,,,
0.0021978021978022455,200000,0.2555052790346908,6.868131868131868e-05,0.559322033898305,fall_proportion,MC_PRECISION_INSUFFICIENT,success_conditional_descriptive_resampling_range_not_population_CI,0,proportion,200000,False,completion,finite_changes_summary.json,0.4307692307692308,0.6862745098039216,,,,,,,,,,,,,,,,,,,,,,,,,,0.002,19.0,5.0,59.0,14.0,,,,
0.0019574259848299524,200000,0.20621225194132875,6.868131868131868e-05,0.2033898305084746,unchanged_proportion,MC_PRECISION_MET,success_conditional_descriptive_resampling_range_not_population_CI,0,proportion,200000,False,completion,finite_changes_summary.json,0.10526315789473684,0.3114754098360656,,,,,,,,,,,,,,,,,,,,,,,,,,0.002,19.0,5.0,59.0,14.0,,,,
0.007575757575757569,200000,1.1666666666666667,6.868131868131868e-05,-0.5892857142857143,mean_change,MC_PRECISION_MET,success_conditional_descriptive_resampling_range_not_population_CI,0,VAS,200000,False,completion,finite_changes_summary.json,-1.1666666666666667,0.0,,,,,,,,,,,,,,,,,,,,,,,,,,0.01,20.0,5.0,56.0,15.0,,,,
0.0,200000,1.0,6.868131868131868e-05,-1.0,median_change,MC_PRECISION_MET,success_conditional_descriptive_resampling_range_not_population_CI,0,VAS,200000,False,completion,finite_changes_summary.json,-1.0,0.0,,,,,,,,,,,,,,,,,,,,,,,,,,0.01,20.0,5.0,56.0,15.0,,,,
0.0015151515151514972,200000,0.23333333333333334,6.868131868131868e-05,-0.11785714285714285,mean_rate,MC_PRECISION_MET,success_conditional_descriptive_resampling_range_not_population_CI,0,VAS/minute,200000,False,completion,finite_changes_summary.json,-0.23333333333333334,0.0,,,,,,,,,,,,,,,,,,,,,,,,,,0.01,20.0,5.0,56.0,15.0,,,,
0.0,200000,0.2,6.868131868131868e-05,-0.2,median_rate,MC_PRECISION_MET,success_conditional_descriptive_resampling_range_not_population_CI,0,VAS/minute,200000,False,completion,finite_changes_summary.json,-0.2,0.0,,,,,,,,,,,,,,,,,,,,,,,,,,0.01,20.0,5.0,56.0,15.0,,,,
0.0018853695324283493,200000,0.20808323329331735,6.868131868131868e-05,0.19642857142857142,rise_proportion,MC_PRECISION_MET,success_conditional_descriptive_resampling_range_not_population_CI,0,proportion,200000,False,completion,finite_changes_summary.json,0.09803921568627451,0.30612244897959184,,,,,,,,,,,,,,,,,,,,,,,,,,0.002,20.0,5.0,56.0,15.0,,,,
0.0020242914979757276,200000,0.262280701754386,6.868131868131868e-05,0.5535714285714286,fall_proportion,MC_PRECISION_INSUFFICIENT,success_conditional_descriptive_resampling_range_not_population_CI,0,proportion,200000,False,completion,finite_changes_summary.json,0.42105263157894735,0.6833333333333333,,,,,,,,,,,,,,,,,,,,,,,,,,0.002,20.0,5.0,56.0,15.0,,,,
0.0020689655172413945,200000,0.2284210526315789,6.868131868131868e-05,0.25,unchanged_proportion,MC_PRECISION_INSUFFICIENT,success_conditional_descriptive_resampling_range_not_population_CI,0,proportion,200000,False,completion,finite_changes_summary.json,0.14,0.3684210526315789,,,,,,,,,,,,,,,,,,,,,,,,,,0.002,20.0,5.0,56.0,15.0,,,,
0.0015414346845810112,200000,0.13240663053583984,0.00017985611510791367,0.4019138755980861,,MC_PRECISION_MET,success_conditional_descriptive_resampling_range_not_population_CI,0,proportion,200000,False,completion,symptoms_summary.json,0.33649289099526064,0.4688995215311005,,,,,,,,,,,,,,,,,,,,,,,,,,0.002,,,,,A,209.0,symptom,abdominal pain
0.0008430166324903121,200000,0.09047619047619049,0.00017985611510791367,0.1291866028708134,,MC_PRECISION_MET,success_conditional_descriptive_resampling_range_not_population_CI,0,proportion,200000,False,completion,symptoms_summary.json,0.08571428571428572,0.1761904761904762,,,,,,,,,,,,,,,,,,,,,,,,,,0.002,,,,,B,209.0,symptom,bloating
0.0015050430172742768,200000,0.11911468812877257,0.00017985611510791367,0.7320574162679426,,MC_PRECISION_MET,success_conditional_descriptive_resampling_range_not_population_CI,0,proportion,200000,False,completion,symptoms_summary.json,0.6713615023474179,0.7904761904761904,,,,,,,,,,,,,,,,,,,,,,,,,,0.002,,,,,C,209.0,symptom,abdominal distension
0.0005806391675956812,200000,0.07279894276339774,0.00017985611510791367,0.08133971291866028,,MC_PRECISION_MET,success_conditional_descriptive_resampling_range_not_population_CI,0,proportion,200000,False,completion,symptoms_summary.json,0.04739336492890995,0.1201923076923077,,,,,,,,,,,,,,,,,,,,,,,,,,0.002,,,,,D,209.0,symptom,heartburn
0.0011732229123533333,200000,0.10766705961213971,0.00017985611510791367,0.19617224880382775,,MC_PRECISION_MET,success_conditional_descriptive_resampling_range_not_population_CI,0,proportion,200000,False,completion,symptoms_summary.json,0.14354066985645933,0.25120772946859904,,,,,,,,,,,,,,,,,,,,,,,,,,0.002,,,,,E,209.0,symptom,acid regurgitation
0.0006968641114982466,200000,0.0893919943984129,0.00017985611510791367,0.12440191387559808,,MC_PRECISION_MET,success_conditional_descriptive_resampling_range_not_population_CI,0,proportion,200000,False,completion,symptoms_summary.json,0.08133971291866028,0.17073170731707318,,,,,,,,,,,,,,,,,,,,,,,,,,0.002,,,,,F,209.0,symptom,belching
0.0015193088278646072,200000,0.13245198303816408,0.00017985611510791367,0.40669856459330145,,MC_PRECISION_MET,success_conditional_descriptive_resampling_range_not_population_CI,0,proportion,200000,False,completion,symptoms_summary.json,0.3412322274881517,0.47368421052631576,,,,,,,,,,,,,,,,,,,,,,,,,,0.002,,,,,G,209.0,symptom,nausea
0.0012137867857551776,200000,0.09360328638497653,0.00017985611510791367,0.13875598086124402,,MC_PRECISION_MET,success_conditional_descriptive_resampling_range_not_population_CI,0,proportion,200000,False,completion,symptoms_summary.json,0.09389671361502347,0.1875,,,,,,,,,,,,,,,,,,,,,,,,,,0.002,,,,,H,209.0,symptom,vomiting
0.000464511334076545,200000,0.0635994895633944,0.00017985611510791367,0.06220095693779904,,MC_PRECISION_MET,success_conditional_descriptive_resampling_range_not_population_CI,0,proportion,200000,False,completion,symptoms_summary.json,0.0330188679245283,0.0966183574879227,,,,,,,,,,,,,,,,,,,,,,,,,,0.002,,,,,I,209.0,symptom,loss of appetite
0.0005750828119249207,200000,0.07279894276339774,0.00017985611510791367,0.08133971291866028,,MC_PRECISION_MET,success_conditional_descriptive_resampling_range_not_population_CI,0,proportion,200000,False,completion,symptoms_summary.json,0.04739336492890995,0.1201923076923077,,,,,,,,,,,,,,,,,,,,,,,,,,0.002,,,,,J,209.0,symptom,tenesmus
0.0008741258741258584,200000,0.09177078845325291,0.00017985611510791367,0.1339712918660287,,MC_PRECISION_MET,success_conditional_descriptive_resampling_range_not_population_CI,0,proportion,200000,False,completion,symptoms_summary.json,0.09004739336492891,0.18181818181818182,,,,,,,,,,,,,,,,,,,,,,,,,,0.002,,,,,K,209.0,symptom,palpitations
0.0008430166324903121,200000,0.09047619047619049,0.00017985611510791367,0.1291866028708134,,MC_PRECISION_MET,success_conditional_descriptive_resampling_range_not_population_CI,0,proportion,200000,False,completion,symptoms_summary.json,0.08571428571428572,0.1761904761904762,,,,,,,,,,,,,,,,,,,,,,,,,,0.002,,,,,L,209.0,symptom,irritability
0.00011612783351913625,200000,0.02403846153846154,0.00017985611510791367,0.009569377990430622,,MC_PRECISION_MET,success_conditional_descriptive_resampling_range_not_population_CI,0,proportion,200000,False,completion,symptoms_summary.json,0.0,0.02403846153846154,,,,,,,,,,,,,,,,,,,,,,,,,,0.002,,,,,1,209.0,region,epigastrium
0.0009389671361502705,200000,0.1276324614352783,0.00017985611510791367,0.6650717703349283,,MC_PRECISION_MET,success_conditional_descriptive_resampling_range_not_population_CI,0,proportion,200000,False,completion,symptoms_summary.json,0.6009389671361502,0.7285714285714285,,,,,,,,,,,,,,,,,,,,,,,,,,0.002,,,,,2,209.0,region,right hypochondrium
0.0008825715347454688,200000,0.11538461538461539,0.00017985611510791367,0.23923444976076555,,MC_PRECISION_MET,success_conditional_descriptive_resampling_range_not_population_CI,0,proportion,200000,False,completion,symptoms_summary.json,0.18269230769230768,0.2980769230769231,,,,,,,,,,,,,,,,,,,,,,,,,,0.002,,,,,3,209.0,region,left hypochondrium
0.00011612783351913625,200000,0.02403846153846154,0.00017985611510791367,0.009569377990430622,,MC_PRECISION_MET,success_conditional_descriptive_resampling_range_not_population_CI,0,proportion,200000,False,completion,symptoms_summary.json,0.0,0.02403846153846154,,,,,,,,,,,,,,,,,,,,,,,,,,0.002,,,,,4,209.0,region,umbilical
0.002206736353077776,200000,0.13467556373676948,0.00017985611510791367,0.44019138755980863,,MC_PRECISION_INSUFFICIENT,success_conditional_descriptive_resampling_range_not_population_CI,0,proportion,200000,False,completion,symptoms_summary.json,0.37264150943396224,0.5073170731707317,,,,,,,,,,,,,,,,,,,,,,,,,,0.002,,,,,5,209.0,region,hypogastrium
0.0010351966873706209,200000,0.10952380952380952,0.00017985611510791367,0.20574162679425836,,MC_PRECISION_MET,success_conditional_descriptive_resampling_range_not_population_CI,0,proportion,200000,False,completion,symptoms_summary.json,0.1523809523809524,0.2619047619047619,,,,,,,,,,,,,,,,,,,,,,,,,,0.002,,,,,6,209.0,region,right lumbar
0.00011612783351913625,200000,0.02403846153846154,0.00017985611510791367,0.009569377990430622,,MC_PRECISION_MET,success_conditional_descriptive_resampling_range_not_population_CI,0,proportion,200000,False,completion,symptoms_summary.json,0.0,0.02403846153846154,,,,,,,,,,,,,,,,,,,,,,,,,,0.002,,,,,7,209.0,region,left lumbar
0.002211078185548207,200000,0.051038925687324196,0.00017985611510791367,0.03349282296650718,,MC_PRECISION_INSUFFICIENT,success_conditional_descriptive_resampling_range_not_population_CI,0,proportion,200000,False,completion,symptoms_summary.json,0.009708737864077669,0.06074766355140187,,,,,,,,,,,,,,,,,,,,,,,,,,0.002,,,,,8,209.0,region,right inguinal
0.00022568269013766712,200000,0.04283435862383231,0.00017985611510791367,0.023923444976076555,,MC_PRECISION_MET,success_conditional_descriptive_resampling_range_not_population_CI,0,proportion,200000,False,completion,symptoms_summary.json,0.004784688995215311,0.047619047619047616,,,,,,,,,,,,,,,,,,,,,,,,,,0.002,,,,,9,209.0,region,left inguinal
0.0,200000,0.0,0.00017985611510791367,0.0,,MC_PRECISION_MET,success_conditional_descriptive_resampling_range_not_population_CI,0,proportion,200000,True,completion,symptoms_summary.json,0.0,0.0,,,,,,,,,,,,,,,,,,,,,,,,,,0.002,,,,,A_1,204.0,symptom_region_pair,abdominal pain / epigastrium
0.0013938287032586594,200000,0.12080178606095904,0.00017985611510791367,0.25980392156862747,,MC_PRECISION_MET,success_conditional_descriptive_resampling_range_not_population_CI,0,proportion,200000,False,completion,symptoms_summary.json,0.20098039215686275,0.3217821782178218,,,,,,,,,,,,,,,,,,,,,,,,,,0.002,,,,,A_2,204.0,symptom_region_pair,abdominal pain / right hypochondrium
0.0006867156050201217,200000,0.08166339853651537,0.00017985611510791367,0.09803921568627451,,MC_PRECISION_MET,success_conditional_descriptive_resampling_range_not_population_CI,0,proportion,200000,False,completion,symptoms_summary.json,0.059113300492610835,0.1407766990291262,,,,,,,,,,,,,,,,,,,,,,,,,,0.002,,,,,A_3,204.0,symptom_region_pair,abdominal pain / left hypochondrium
0.0,200000,0.015,0.00017985611510791367,0.004901960784313725,,MC_PRECISION_MET,success_conditional_descriptive_resampling_range_not_population_CI,0,proportion,200000,False,completion,symptoms_summary.json,0.0,0.015,,,,,,,,,,,,,,,,,,,,,,,,,,0.002,,,,,A_4,204.0,symptom_region_pair,abdominal pain / umbilical
0.001038396522579088,200000,0.111453849832616,0.00017985611510791367,0.20588235294117646,,MC_PRECISION_MET,success_conditional_descriptive_resampling_range_not_population_CI,0,proportion,200000,False,completion,symptoms_summary.json,0.15196078431372548,0.2634146341463415,,,,,,,,,,,,,,,,,,,,,,,,,,0.002,,,,,A_5,204.0,symptom_region_pair,abdominal pain / hypogastrium
0.0003846153846153999,200000,0.08027363184079603,0.00017985611510791367,0.09313725490196079,,MC_PRECISION_MET,success_conditional_descriptive_resampling_range_not_population_CI,0,proportion,200000,False,completion,symptoms_summary.json,0.05472636815920398,0.135,,,,,,,,,,,,,,,,,,,,,,,,,,0.002,,,,,A_6,204.0,symptom_region_pair,abdominal pain / right lumbar
0.0,200000,0.0,0.00017985611510791367,0.0,,MC_PRECISION_MET,success_conditional_descriptive_resampling_range_not_population_CI,0,proportion,200000,True,completion,symptoms_summary.json,0.0,0.0,,,,,,,,,,,,,,,,,,,,,,,,,,0.002,,,,,A_7,204.0,symptom_region_pair,abdominal pain / left lumbar
0.0002367984844897017,200000,0.04361758094600411,0.00017985611510791367,0.024509803921568627,,MC_PRECISION_MET,success_conditional_descriptive_resampling_range_not_population_CI,0,proportion,200000,False,completion,symptoms_summary.json,0.0049261083743842365,0.04854368932038835,,,,,,,,,,,,,,,,,,,,,,,,,,0.002,,,,,A_8,204.0,symptom_region_pair,abdominal pain / right inguinal
0.00016575893914279327,200000,0.03414634146341464,0.00017985611510791367,0.014705882352941176,,MC_PRECISION_MET,success_conditional_descriptive_resampling_range_not_population_CI,0,proportion,200000,False,completion,symptoms_summary.json,0.0,0.03414634146341464,,,,,,,,,,,,,,,,,,,,,,,,,,0.002,,,,,A_9,204.0,symptom_region_pair,abdominal pain / left inguinal
0.0,200000,0.0,0.00017985611510791367,0.0,,MC_PRECISION_MET,success_conditional_descriptive_resampling_range_not_population_CI,0,proportion,200000,True,completion,symptoms_summary.json,0.0,0.0,,,,,,,,,,,,,,,,,,,,,,,,,,0.002,,,,,B_1,204.0,symptom_region_pair,bloating / epigastrium
0.0006096668780178477,200000,0.07460902003921757,0.00017985611510791367,0.08333333333333333,,MC_PRECISION_MET,success_conditional_descriptive_resampling_range_not_population_CI,0,proportion,200000,False,completion,symptoms_summary.json,0.04854368932038835,0.12315270935960591,,,,,,,,,,,,,,,,,,,,,,,,,,0.002,,,,,B_2,204.0,symptom_region_pair,bloating / right hypochondrium
0.0003658001268107003,200000,0.05456795411817901,0.00017985611510791367,0.04411764705882353,,MC_PRECISION_MET,success_conditional_descriptive_resampling_range_not_population_CI,0,proportion,200000,False,completion,symptoms_summary.json,0.01932367149758454,0.07389162561576355,,,,,,,,,,,,,,,,,,,,,,,,,,0.002,,,,,B_3,204.0,symptom_region_pair,bloating / left hypochondrium
0.0,200000,0.0,0.00017985611510791367,0.0,,MC_PRECISION_MET,success_conditional_descriptive_resampling_range_not_population_CI,0,proportion,200000,True,completion,symptoms_summary.json,0.0,0.0,,,,,,,,,,,,,,,,,,,,,,,,,,0.002,,,,,B_4,204.0,symptom_region_pair,bloating / umbilical
0.00045432807269249476,200000,0.06386896221903396,0.00017985611510791367,0.058823529411764705,,MC_PRECISION_MET,success_conditional_descriptive_resampling_range_not_population_CI,0,proportion,200000,False,completion,symptoms_summary.json,0.02926829268292683,0.09313725490196079,,,,,,,,,,,,,,,,,,,,,,,,,,0.002,,,,,B_5,204.0,symptom_region_pair,bloating / hypogastrium
0.0003658001268107003,200000,0.05456795411817901,0.00017985611510791367,0.04411764705882353,,MC_PRECISION_MET,success_conditional_descriptive_resampling_range_not_population_CI,0,proportion,200000,False,completion,symptoms_summary.json,0.01932367149758454,0.07389162561576355,,,,,,,,,,,,,,,,,,,,,,,,,,0.002,,,,,B_6,204.0,symptom_region_pair,bloating / right lumbar
0.0,200000,0.0,0.00017985611510791367,0.0,,MC_PRECISION_MET,success_conditional_descriptive_resampling_range_not_population_CI,0,proportion,200000,True,completion,symptoms_summary.json,0.0,0.0,,,,,,,,,,,,,,,,,,,,,,,,,,0.002,,,,,B_7,204.0,symptom_region_pair,bloating / left lumbar
0.0,200000,0.015,0.00017985611510791367,0.004901960784313725,,MC_PRECISION_MET,success_conditional_descriptive_resampling_range_not_population_CI,0,proportion,200000,False,completion,symptoms_summary.json,0.0,0.015,,,,,,,,,,,,,,,,,,,,,,,,,,0.002,,,,,B_8,204.0,symptom_region_pair,bloating / right inguinal
0.0,200000,0.015,0.00017985611510791367,0.004901960784313725,,MC_PRECISION_MET,success_conditional_descriptive_resampling_range_not_population_CI,0,proportion,200000,False,completion,symptoms_summary.json,0.0,0.015,,,,,,,,,,,,,,,,,,,,,,,,,,0.002,,,,,B_9,204.0,symptom_region_pair,bloating / left inguinal
7.537688442211046e-05,200000,0.015,0.00017985611510791367,0.004901960784313725,,MC_PRECISION_MET,success_conditional_descriptive_resampling_range_not_population_CI,0,proportion,200000,False,completion,symptoms_summary.json,0.0,0.015,,,,,,,,,,,,,,,,,,,,,,,,,,0.002,,,,,C_1,204.0,symptom_region_pair,abdominal distension / epigastrium
0.0009290658243137351,200000,0.1371845388873253,0.00017985611510791367,0.5343137254901961,,MC_PRECISION_MET,success_conditional_descriptive_resampling_range_not_population_CI,0,proportion,200000,False,completion,symptoms_summary.json,0.46568627450980393,0.6028708133971292,,,,,,,,,,,,,,,,,,,,,,,,,,0.002,,,,,C_2,204.0,symptom_region_pair,abdominal distension / right hypochondrium
0.0011832319134550406,200000,0.10705095213587237,0.00017985611510791367,0.18627450980392157,,MC_PRECISION_MET,success_conditional_descriptive_resampling_range_not_population_CI,0,proportion,200000,False,completion,symptoms_summary.json,0.13432835820895522,0.2413793103448276,,,,,,,,,,,,,,,,,,,,,,,,,,0.002,,,,,C_3,204.0,symptom_region_pair,abdominal distension / left hypochondrium
0.0,200000,0.015,0.00017985611510791367,0.004901960784313725,,MC_PRECISION_MET,success_conditional_descriptive_resampling_range_not_population_CI,0,proportion,200000,False,completion,symptoms_summary.json,0.0,0.015,,,,,,,,,,,,,,,,,,,,,,,,,,0.002,,,,,C_4,204.0,symptom_region_pair,abdominal distension / umbilical
0.0008958038661009415,200000,0.12465818010372468,0.00017985611510791367,0.28921568627450983,,MC_PRECISION_MET,success_conditional_descriptive_resampling_range_not_population_CI,0,proportion,200000,False,completion,symptoms_summary.json,0.22772277227722773,0.3523809523809524,,,,,,,,,,,,,,,,,,,,,,,,,,0.002,,,,,C_5,204.0,symptom_region_pair,abdominal distension / hypogastrium
0.0008761543926118776,200000,0.09268292682926829,0.00017985611510791367,0.1323529411764706,,MC_PRECISION_MET,success_conditional_descriptive_resampling_range_not_population_CI,0,proportion,200000,False,completion,symptoms_summary.json,0.08780487804878048,0.18048780487804877,,,,,,,,,,,,,,,,,,,,,,,,,,0.002,,,,,C_6,204.0,symptom_region_pair,abdominal distension / right lumbar
0.0,200000,0.0,0.00017985611510791367,0.0,,MC_PRECISION_MET,success_conditional_descriptive_resampling_range_not_population_CI,0,proportion,200000,True,completion,symptoms_summary.json,0.0,0.0,,,,,,,,,,,,,,,,,,,,,,,,,,0.002,,,,,C_7,204.0,symptom_region_pair,abdominal distension / left lumbar
0.00016575893914279327,200000,0.03414634146341464,0.00017985611510791367,0.014705882352941176,,MC_PRECISION_MET,success_conditional_descriptive_resampling_range_not_population_CI,0,proportion,200000,False,completion,symptoms_summary.json,0.0,0.03414634146341464,,,,,,,,,,,,,,,,,,,,,,,,,,0.002,,,,,C_8,204.0,symptom_region_pair,abdominal distension / right inguinal
7.537688442211046e-05,200000,0.015,0.00017985611510791367,0.004901960784313725,,MC_PRECISION_MET,success_conditional_descriptive_resampling_range_not_population_CI,0,proportion,200000,False,completion,symptoms_summary.json,0.0,0.015,,,,,,,,,,,,,,,,,,,,,,,,,,0.002,,,,,C_9,204.0,symptom_region_pair,abdominal distension / left inguinal
0.0,200000,0.0,0.00017985611510791367,0.0,,MC_PRECISION_MET,success_conditional_descriptive_resampling_range_not_population_CI,0,proportion,200000,True,completion,symptoms_summary.json,0.0,0.0,,,,,,,,,,,,,,,,,,,,,,,,,,0.002,,,,,D_1,204.0,symptom_region_pair,heartburn / epigastrium
0.000769230769230772,200000,0.07076923076923076,0.00017985611510791367,0.06862745098039216,,MC_PRECISION_MET,success_conditional_descriptive_resampling_range_not_population_CI,0,proportion,200000,False,completion,symptoms_summary.json,0.035,0.10576923076923077,,,,,,,,,,,,,,,,,,,,,,,,,,0.002,,,,,D_2,204.0,symptom_region_pair,heartburn / right hypochondrium
0.00016575893914279327,200000,0.03414634146341464,0.00017985611510791367,0.014705882352941176,,MC_PRECISION_MET,success_conditional_descriptive_resampling_range_not_population_CI,0,proportion,200000,False,completion,symptoms_summary.json,0.0,0.03414634146341464,,,,,,,,,,,,,,,,,,,,,,,,,,0.002,,,,,D_3,204.0,symptom_region_pair,heartburn / left hypochondrium
0.0,200000,0.0,0.00017985611510791367,0.0,,MC_PRECISION_MET,success_conditional_descriptive_resampling_range_not_population_CI,0,proportion,200000,True,completion,symptoms_summary.json,0.0,0.0,,,,,,,,,,,,,,,,,,,,,,,,,,0.002,,,,,D_4,204.0,symptom_region_pair,heartburn / umbilical
0.0009764671418806756,200000,0.05220095693779904,0.00017985611510791367,0.03431372549019608,,MC_PRECISION_MET,success_conditional_descriptive_resampling_range_not_population_CI,0,proportion,200000,False,completion,symptoms_summary.json,0.01,0.06220095693779904,,,,,,,,,,,,,,,,,,,,,,,,,,0.002,,,,,D_5,204.0,symptom_region_pair,heartburn / hypogastrium
0.00026825342632785104,200000,0.04479360979576218,0.00017985611510791367,0.029411764705882353,,MC_PRECISION_MET,success_conditional_descriptive_resampling_range_not_population_CI,0,proportion,200000,False,completion,symptoms_summary.json,0.00966183574879227,0.054455445544554455,,,,,,,,,,,,,,,,,,,,,,,,,,0.002,,,,,D_6,204.0,symptom_region_pair,heartburn / right lumbar
0.0,200000,0.0,0.00017985611510791367,0.0,,MC_PRECISION_MET,success_conditional_descriptive_resampling_range_not_population_CI,0,proportion,200000,True,completion,symptoms_summary.json,0.0,0.0,,,,,,,,,,,,,,,,,,,,,,,,,,0.002,,,,,D_7,204.0,symptom_region_pair,heartburn / left lumbar
7.537688442211046e-05,200000,0.015,0.00017985611510791367,0.004901960784313725,,MC_PRECISION_MET,success_conditional_descriptive_resampling_range_not_population_CI,0,proportion,200000,False,completion,symptoms_summary.json,0.0,0.015,,,,,,,,,,,,,,,,,,,,,,,,,,0.002,,,,,D_8,204.0,symptom_region_pair,heartburn / right inguinal
7.537688442211046e-05,200000,0.015,0.00017985611510791367,0.004901960784313725,,MC_PRECISION_MET,success_conditional_descriptive_resampling_range_not_population_CI,0,proportion,200000,False,completion,symptoms_summary.json,0.0,0.015,,,,,,,,,,,,,,,,,,,,,,,,,,0.002,,,,,D_9,204.0,symptom_region_pair,heartburn / left inguinal
0.0,200000,0.0,0.00017985611510791367,0.0,,MC_PRECISION_MET,success_conditional_descriptive_resampling_range_not_population_CI,0,proportion,200000,True,completion,symptoms_summary.json,0.0,0.0,,,,,,,,,,,,,,,,,,,,,,,,,,0.002,,,,,E_1,204.0,symptom_region_pair,acid regurgitation / epigastrium
0.0009500950095009675,200000,0.09900990099009903,0.00017985611510791367,0.15196078431372548,,MC_PRECISION_MET,success_conditional_descriptive_resampling_range_not_population_CI,0,proportion,200000,False,completion,symptoms_summary.json,0.10396039603960396,0.20297029702970298,,,,,,,,,,,,,,,,,,,,,,,,,,0.002,,,,,E_2,204.0,symptom_region_pair,acid regurgitation / right hypochondrium
0.0004221190375685996,200000,0.06232597986720925,0.00017985611510791367,0.05392156862745098,,MC_PRECISION_MET,success_conditional_descriptive_resampling_range_not_population_CI,0,proportion,200000,False,completion,symptoms_summary.json,0.024630541871921183,0.08695652173913043,,,,,,,,,,,,,,,,,,,,,,,,,,0.002,,,,,E_3,204.0,symptom_region_pair,acid regurgitation / left hypochondrium
0.0,200000,0.0,0.00017985611510791367,0.0,,MC_PRECISION_MET,success_conditional_descriptive_resampling_range_not_population_CI,0,proportion,200000,True,completion,symptoms_summary.json,0.0,0.0,,,,,,,,,,,,,,,,,,,,,,,,,,0.002,,,,,E_4,204.0,symptom_region_pair,acid regurgitation / umbilical
0.0007485752921858602,200000,0.08399961926518179,0.00017985611510791367,0.10784313725490197,,MC_PRECISION_MET,success_conditional_descriptive_resampling_range_not_population_CI,0,proportion,200000,False,completion,symptoms_summary.json,0.06796116504854369,0.15196078431372548,,,,,,,,,,,,,,,,,,,,,,,,,,0.002,,,,,E_5,204.0,symptom_region_pair,acid regurgitation / hypogastrium
0.00045432807269249476,200000,0.06401104130972778,0.00017985611510791367,0.058823529411764705,,MC_PRECISION_MET,success_conditional_descriptive_resampling_range_not_population_CI,0,proportion,200000,False,completion,symptoms_summary.json,0.02912621359223301,0.09313725490196079,,,,,,,,,,,,,,,,,,,,,,,,,,0.002,,,,,E_6,204.0,symptom_region_pair,acid regurgitation / right lumbar
0.0,200000,0.0,0.00017985611510791367,0.0,,MC_PRECISION_MET,success_conditional_descriptive_resampling_range_not_population_CI,0,proportion,200000,True,completion,symptoms_summary.json,0.0,0.0,,,,,,,,,,,,,,,,,,,,,,,,,,0.002,,,,,E_7,204.0,symptom_region_pair,acid regurgitation / left lumbar
0.00016575893914279327,200000,0.03398058252427184,0.00017985611510791367,0.014705882352941176,,MC_PRECISION_MET,success_conditional_descriptive_resampling_range_not_population_CI,0,proportion,200000,False,completion,symptoms_summary.json,0.0,0.03398058252427184,,,,,,,,,,,,,,,,,,,,,,,,,,0.002,,,,,E_8,204.0,symptom_region_pair,acid regurgitation / right inguinal
0.00016575893914279327,200000,0.03398058252427184,0.00017985611510791367,0.014705882352941176,,MC_PRECISION_MET,success_conditional_descriptive_resampling_range_not_population_CI,0,proportion,200000,False,completion,symptoms_summary.json,0.0,0.03398058252427184,,,,,,,,,,,,,,,,,,,,,,,,,,0.002,,,,,E_9,204.0,symptom_region_pair,acid regurgitation / left inguinal
7.537688442211046e-05,200000,0.015,0.00017985611510791367,0.004901960784313725,,MC_PRECISION_MET,success_conditional_descriptive_resampling_range_not_population_CI,0,proportion,200000,False,completion,symptoms_summary.json,0.0,0.015,,,,,,,,,,,,,,,,,,,,,,,,,,0.002,,,,,F_1,204.0,symptom_region_pair,belching / epigastrium
0.0006716417910447858,200000,0.08054455445544556,0.00017985611510791367,0.09313725490196079,,MC_PRECISION_MET,success_conditional_descriptive_resampling_range_not_population_CI,0,proportion,200000,False,completion,symptoms_summary.json,0.054455445544554455,0.135,,,,,,,,,,,,,,,,,,,,,,,,,,0.002,,,,,F_2,204.0,symptom_region_pair,belching / right hypochondrium
0.0,200000,0.024752475247524754,0.00017985611510791367,0.00980392156862745,,MC_PRECISION_MET,success_conditional_descriptive_resampling_range_not_population_CI,0,proportion,200000,False,completion,symptoms_summary.json,0.0,0.024752475247524754,,,,,,,,,,,,,,,,,,,,,,,,,,0.002,,,,,F_3,204.0,symptom_region_pair,belching / left hypochondrium
0.0,200000,0.0,0.00017985611510791367,0.0,,MC_PRECISION_MET,success_conditional_descriptive_resampling_range_not_population_CI,0,proportion,200000,True,completion,symptoms_summary.json,0.0,0.0,,,,,,,,,,,,,,,,,,,,,,,,,,0.002,,,,,F_4,204.0,symptom_region_pair,belching / umbilical
0.0005738880918220862,200000,0.07317073170731708,0.00017985611510791367,0.0784313725490196,,MC_PRECISION_MET,success_conditional_descriptive_resampling_range_not_population_CI,0,proportion,200000,False,completion,symptoms_summary.json,0.04390243902439024,0.11707317073170732,,,,,,,,,,,,,,,,,,,,,,,,,,0.002,,,,,F_5,204.0,symptom_region_pair,belching / hypogastrium
0.00023451057642699669,200000,0.04364172853607462,0.00017985611510791367,0.024509803921568627,,MC_PRECISION_MET,success_conditional_descriptive_resampling_range_not_population_CI,0,proportion,200000,False,completion,symptoms_summary.json,0.004901960784313725,0.04854368932038835,,,,,,,,,,,,,,,,,,,,,,,,,,0.002,,,,,F_6,204.0,symptom_region_pair,belching / right lumbar
0.0,200000,0.0,0.00017985611510791367,0.0,,MC_PRECISION_MET,success_conditional_descriptive_resampling_range_not_population_CI,0,proportion,200000,True,completion,symptoms_summary.json,0.0,0.0,,,,,,,,,,,,,,,,,,,,,,,,,,0.002,,,,,F_7,204.0,symptom_region_pair,belching / left lumbar
0.0001231466430225113,200000,0.024752475247524754,0.00017985611510791367,0.00980392156862745,,MC_PRECISION_MET,success_conditional_descriptive_resampling_range_not_population_CI,0,proportion,200000,False,completion,symptoms_summary.json,0.0,0.024752475247524754,,,,,,,,,,,,,,,,,,,,,,,,,,0.002,,,,,F_8,204.0,symptom_region_pair,belching / right inguinal
0.0001231466430225113,200000,0.024752475247524754,0.00017985611510791367,0.00980392156862745,,MC_PRECISION_MET,success_conditional_descriptive_resampling_range_not_population_CI,0,proportion,200000,False,completion,symptoms_summary.json,0.0,0.024752475247524754,,,,,,,,,,,,,,,,,,,,,,,,,,0.002,,,,,F_9,204.0,symptom_region_pair,belching / left inguinal
7.537688442211046e-05,200000,0.015,0.00017985611510791367,0.004901960784313725,,MC_PRECISION_MET,success_conditional_descriptive_resampling_range_not_population_CI,0,proportion,200000,False,completion,symptoms_summary.json,0.0,0.015,,,,,,,,,,,,,,,,,,,,,,,,,,0.002,,,,,G_1,204.0,symptom_region_pair,nausea / epigastrium
0.0010489339903400063,200000,0.11945554920997528,0.00017985611510791367,0.2549019607843137,,MC_PRECISION_MET,success_conditional_descriptive_resampling_range_not_population_CI,0,proportion,200000,False,completion,symptoms_summary.json,0.19607843137254902,0.3155339805825243,,,,,,,,,,,,,,,,,,,,,,,,,,0.002,,,,,G_2,204.0,symptom_region_pair,nausea / right hypochondrium
0.0006716417910447858,200000,0.08027363184079603,0.00017985611510791367,0.09313725490196079,,MC_PRECISION_MET,success_conditional_descriptive_resampling_range_not_population_CI,0,proportion,200000,False,completion,symptoms_summary.json,0.05472636815920398,0.135,,,,,,,,,,,,,,,,,,,,,,,,,,0.002,,,,,G_3,204.0,symptom_region_pair,nausea / left hypochondrium
7.537688442211046e-05,200000,0.015,0.00017985611510791367,0.004901960784313725,,MC_PRECISION_MET,success_conditional_descriptive_resampling_range_not_population_CI,0,proportion,200000,False,completion,symptoms_summary.json,0.0,0.015,,,,,,,,,,,,,,,,,,,,,,,,,,0.002,,,,,G_4,204.0,symptom_region_pair,nausea / umbilical
0.0006598984771573613,200000,0.11542705804458175,0.00017985611510791367,0.23039215686274508,,MC_PRECISION_MET,success_conditional_descriptive_resampling_range_not_population_CI,0,proportion,200000,False,completion,symptoms_summary.json,0.17391304347826086,0.2893401015228426,,,,,,,,,,,,,,,,,,,,,,,,,,0.002,,,,,G_5,204.0,symptom_region_pair,nausea / hypogastrium
0.0007173601147776321,200000,0.08292682926829267,0.00017985611510791367,0.10294117647058823,,MC_PRECISION_MET,success_conditional_descriptive_resampling_range_not_population_CI,0,proportion,200000,False,completion,symptoms_summary.json,0.06341463414634146,0.14634146341463414,,,,,,,,,,,,,,,,,,,,,,,,,,0.002,,,,,G_6,204.0,symptom_region_pair,nausea / right lumbar
7.537688442211046e-05,200000,0.015,0.00017985611510791367,0.004901960784313725,,MC_PRECISION_MET,success_conditional_descriptive_resampling_range_not_population_CI,0,proportion,200000,False,completion,symptoms_summary.json,0.0,0.015,,,,,,,,,,,,,,,,,,,,,,,,,,0.002,,,,,G_7,204.0,symptom_region_pair,nausea / left lumbar
0.0,200000,0.024752475247524754,0.00017985611510791367,0.00980392156862745,,MC_PRECISION_MET,success_conditional_descriptive_resampling_range_not_population_CI,0,proportion,200000,False,completion,symptoms_summary.json,0.0,0.024752475247524754,,,,,,,,,,,,,,,,,,,,,,,,,,0.002,,,,,G_8,204.0,symptom_region_pair,nausea / right inguinal
7.537688442211046e-05,200000,0.015,0.00017985611510791367,0.004901960784313725,,MC_PRECISION_MET,success_conditional_descriptive_resampling_range_not_population_CI,0,proportion,200000,False,completion,symptoms_summary.json,0.0,0.015,,,,,,,,,,,,,,,,,,,,,,,,,,0.002,,,,,G_9,204.0,symptom_region_pair,nausea / left inguinal
0.0,200000,0.0,0.00017985611510791367,0.0,,MC_PRECISION_MET,success_conditional_descriptive_resampling_range_not_population_CI,0,proportion,200000,True,completion,symptoms_summary.json,0.0,0.0,,,,,,,,,,,,,,,,,,,,,,,,,,0.002,,,,,H_1,204.0,symptom_region_pair,vomiting / epigastrium
0.0006096668780178477,200000,0.07484353061564455,0.00017985611510791367,0.08333333333333333,,MC_PRECISION_MET,success_conditional_descriptive_resampling_range_not_population_CI,0,proportion,200000,False,completion,symptoms_summary.json,0.04830917874396135,0.12315270935960591,,,,,,,,,,,,,,,,,,,,,,,,,,0.002,,,,,H_2,204.0,symptom_region_pair,vomiting / right hypochondrium
0.0001990049751243797,200000,0.03499330271718332,0.00017985611510791367,0.0196078431372549,,MC_PRECISION_MET,success_conditional_descriptive_resampling_range_not_population_CI,0,proportion,200000,False,completion,symptoms_summary.json,0.004807692307692308,0.03980099502487562,,,,,,,,,,,,,,,,,,,,,,,,,,0.002,,,,,H_3,204.0,symptom_region_pair,vomiting / left hypochondrium
0.0,200000,0.015,0.00017985611510791367,0.004901960784313725,,MC_PRECISION_MET,success_conditional_descriptive_resampling_range_not_population_CI,0,proportion,200000,False,completion,symptoms_summary.json,0.0,0.015,,,,,,,,,,,,,,,,,,,,,,,,,,0.002,,,,,H_4,204.0,symptom_region_pair,vomiting / umbilical
0.0018701576275714643,200000,0.07859181251104881,0.00017985611510791367,0.08823529411764706,,MC_PRECISION_INSUFFICIENT,success_conditional_descriptive_resampling_range_not_population_CI,0,proportion,200000,False,completion,symptoms_summary.json,0.050761421319796954,0.12935323383084577,,,,,,,,,,,,,,,,,,,,,,,,,,0.002,,,,,H_5,204.0,symptom_region_pair,vomiting / hypogastrium
0.0001970346288360167,200000,0.03499330271718332,0.00017985611510791367,0.0196078431372549,,MC_PRECISION_MET,success_conditional_descriptive_resampling_range_not_population_CI,0,proportion,200000,False,completion,symptoms_summary.json,0.004807692307692308,0.03980099502487562,,,,,,,,,,,,,,,,,,,,,,,,,,0.002,,,,,H_6,204.0,symptom_region_pair,vomiting / right lumbar
0.0,200000,0.0,0.00017985611510791367,0.0,,MC_PRECISION_MET,success_conditional_descriptive_resampling_range_not_population_CI,0,proportion,200000,True,completion,symptoms_summary.json,0.0,0.0,,,,,,,,,,,,,,,,,,,,,,,,,,0.002,,,,,H_7,204.0,symptom_region_pair,vomiting / left lumbar
0.00012193337560357023,200000,0.024752475247524754,0.00017985611510791367,0.00980392156862745,,MC_PRECISION_MET,success_conditional_descriptive_resampling_range_not_population_CI,0,proportion,200000,False,completion,symptoms_summary.json,0.0,0.024752475247524754,,,,,,,,,,,,,,,,,,,,,,,,,,0.002,,,,,H_8,204.0,symptom_region_pair,vomiting / right inguinal
7.537688442211046e-05,200000,0.015,0.00017985611510791367,0.004901960784313725,,MC_PRECISION_MET,success_conditional_descriptive_resampling_range_not_population_CI,0,proportion,200000,False,completion,symptoms_summary.json,0.0,0.015,,,,,,,,,,,,,,,,,,,,,,,,,,0.002,,,,,H_9,204.0,symptom_region_pair,vomiting / left inguinal
7.537688442211046e-05,200000,0.015,0.00017985611510791367,0.004901960784313725,,MC_PRECISION_MET,success_conditional_descriptive_resampling_range_not_population_CI,0,proportion,200000,False,completion,symptoms_summary.json,0.0,0.015,,,,,,,,,,,,,,,,,,,,,,,,,,0.002,,,,,I_1,204.0,symptom_region_pair,loss of appetite / epigastrium
0.00033151787828558654,200000,0.053586800573888094,0.00017985611510791367,0.0392156862745098,,MC_PRECISION_MET,success_conditional_descriptive_resampling_range_not_population_CI,0,proportion,200000,False,completion,symptoms_summary.json,0.014705882352941176,0.06829268292682927,,,,,,,,,,,,,,,,,,,,,,,,,,0.002,,,,,I_2,204.0,symptom_region_pair,loss of appetite / right hypochondrium
0.00016575893914279327,200000,0.03398058252427184,0.00017985611510791367,0.014705882352941176,,MC_PRECISION_MET,success_conditional_descriptive_resampling_range_not_population_CI,0,proportion,200000,False,completion,symptoms_summary.json,0.0,0.03398058252427184,,,,,,,,,,,,,,,,,,,,,,,,,,0.002,,,,,I_3,204.0,symptom_region_pair,loss of appetite / left hypochondrium
0.0,200000,0.0,0.00017985611510791367,0.0,,MC_PRECISION_MET,success_conditional_descriptive_resampling_range_not_population_CI,0,proportion,200000,True,completion,symptoms_summary.json,0.0,0.0,,,,,,,,,,,,,,,,,,,,,,,,,,0.002,,,,,I_4,204.0,symptom_region_pair,loss of appetite / umbilical
0.00026825342632785104,200000,0.04452535636943433,0.00017985611510791367,0.029411764705882353,,MC_PRECISION_MET,success_conditional_descriptive_resampling_range_not_population_CI,0,proportion,200000,False,completion,symptoms_summary.json,0.00966183574879227,0.054187192118226604,,,,,,,,,,,,,,,,,,,,,,,,,,0.002,,,,,I_5,204.0,symptom_region_pair,loss of appetite / hypogastrium
0.0,200000,0.024752475247524754,0.00017985611510791367,0.00980392156862745,,MC_PRECISION_MET,success_conditional_descriptive_resampling_range_not_population_CI,0,proportion,200000,False,completion,symptoms_summary.json,0.0,0.024752475247524754,,,,,,,,,,,,,,,,,,,,,,,,,,0.002,,,,,I_6,204.0,symptom_region_pair,loss of appetite / right lumbar
0.0,200000,0.0,0.00017985611510791367,0.0,,MC_PRECISION_MET,success_conditional_descriptive_resampling_range_not_population_CI,0,proportion,200000,True,completion,symptoms_summary.json,0.0,0.0,,,,,,,,,,,,,,,,,,,,,,,,,,0.002,,,,,I_7,204.0,symptom_region_pair,loss of appetite / left lumbar
0.0,200000,0.0,0.00017985611510791367,0.0,,MC_PRECISION_MET,success_conditional_descriptive_resampling_range_not_population_CI,0,proportion,200000,True,completion,symptoms_summary.json,0.0,0.0,,,,,,,,,,,,,,,,,,,,,,,,,,0.002,,,,,I_8,204.0,symptom_region_pair,loss of appetite / right inguinal
0.0,200000,0.0,0.00017985611510791367,0.0,,MC_PRECISION_MET,success_conditional_descriptive_resampling_range_not_population_CI,0,proportion,200000,True,completion,symptoms_summary.json,0.0,0.0,,,,,,,,,,,,,,,,,,,,,,,,,,0.002,,,,,I_9,204.0,symptom_region_pair,loss of appetite / left inguinal
7.537688442211046e-05,200000,0.015,0.00017985611510791367,0.004901960784313725,,MC_PRECISION_MET,success_conditional_descriptive_resampling_range_not_population_CI,0,proportion,200000,False,completion,symptoms_summary.json,0.0,0.015,,,,,,,,,,,,,,,,,,,,,,,,,,0.002,,,,,J_1,204.0,symptom_region_pair,tenesmus / epigastrium
0.003484403147814546,200000,0.06030150753768844,0.00017985611510791367,0.049019607843137254,,MC_PRECISION_INSUFFICIENT,success_conditional_descriptive_resampling_range_not_population_CI,0,proportion,200000,False,completion,symptoms_summary.json,0.020100502512562814,0.08040201005025126,,,,,,,,,,,,,,,,,,,,,,,,,,0.002,,,,,J_2,204.0,symptom_region_pair,tenesmus / right hypochondrium
0.0,200000,0.024752475247524754,0.00017985611510791367,0.00980392156862745,,MC_PRECISION_MET,success_conditional_descriptive_resampling_range_not_population_CI,0,proportion,200000,False,completion,symptoms_summary.json,0.0,0.024752475247524754,,,,,,,,,,,,,,,,,,,,,,,,,,0.002,,,,,J_3,204.0,symptom_region_pair,tenesmus / left hypochondrium
0.0,200000,0.0,0.00017985611510791367,0.0,,MC_PRECISION_MET,success_conditional_descriptive_resampling_range_not_population_CI,0,proportion,200000,True,completion,symptoms_summary.json,0.0,0.0,,,,,,,,,,,,,,,,,,,,,,,,,,0.002,,,,,J_4,204.0,symptom_region_pair,tenesmus / umbilical
0.0003658001268107003,200000,0.05456795411817901,0.00017985611510791367,0.04411764705882353,,MC_PRECISION_MET,success_conditional_descriptive_resampling_range_not_population_CI,0,proportion,200000,False,completion,symptoms_summary.json,0.01932367149758454,0.07389162561576355,,,,,,,,,,,,,,,,,,,,,,,,,,0.002,,,,,J_5,204.0,symptom_region_pair,tenesmus / hypogastrium
0.0,200000,0.024752475247524754,0.00017985611510791367,0.00980392156862745,,MC_PRECISION_MET,success_conditional_descriptive_resampling_range_not_population_CI,0,proportion,200000,False,completion,symptoms_summary.json,0.0,0.024752475247524754,,,,,,,,,,,,,,,,,,,,,,,,,,0.002,,,,,J_6,204.0,symptom_region_pair,tenesmus / right lumbar
7.537688442211046e-05,200000,0.015,0.00017985611510791367,0.004901960784313725,,MC_PRECISION_MET,success_conditional_descriptive_resampling_range_not_population_CI,0,proportion,200000,False,completion,symptoms_summary.json,0.0,0.015,,,,,,,,,,,,,,,,,,,,,,,,,,0.002,,,,,J_7,204.0,symptom_region_pair,tenesmus / left lumbar
0.0,200000,0.0,0.00017985611510791367,0.0,,MC_PRECISION_MET,success_conditional_descriptive_resampling_range_not_population_CI,0,proportion,200000,True,completion,symptoms_summary.json,0.0,0.0,,,,,,,,,,,,,,,,,,,,,,,,,,0.002,,,,,J_8,204.0,symptom_region_pair,tenesmus / right inguinal
0.0,200000,0.0,0.00017985611510791367,0.0,,MC_PRECISION_MET,success_conditional_descriptive_resampling_range_not_population_CI,0,proportion,200000,True,completion,symptoms_summary.json,0.0,0.0,,,,,,,,,,,,,,,,,,,,,,,,,,0.002,,,,,J_9,204.0,symptom_region_pair,tenesmus / left inguinal
7.537688442211046e-05,200000,0.015,0.00017985611510791367,0.004901960784313725,,MC_PRECISION_MET,success_conditional_descriptive_resampling_range_not_population_CI,0,proportion,200000,False,completion,symptoms_summary.json,0.0,0.015,,,,,,,,,,,,,,,,,,,,,,,,,,0.002,,,,,K_1,204.0,symptom_region_pair,palpitations / epigastrium
0.0006096668780178477,200000,0.07484353061564455,0.00017985611510791367,0.08333333333333333,,MC_PRECISION_MET,success_conditional_descriptive_resampling_range_not_population_CI,0,proportion,200000,False,completion,symptoms_summary.json,0.04830917874396135,0.12315270935960591,,,,,,,,,,,,,,,,,,,,,,,,,,0.002,,,,,K_2,204.0,symptom_region_pair,palpitations / right hypochondrium
0.0002367984844897017,200000,0.04361758094600411,0.00017985611510791367,0.024509803921568627,,MC_PRECISION_MET,success_conditional_descriptive_resampling_range_not_population_CI,0,proportion,200000,False,completion,symptoms_summary.json,0.0049261083743842365,0.04854368932038835,,,,,,,,,,,,,,,,,,,,,,,,,,0.002,,,,,K_3,204.0,symptom_region_pair,palpitations / left hypochondrium
0.0,200000,0.0,0.00017985611510791367,0.0,,MC_PRECISION_MET,success_conditional_descriptive_resampling_range_not_population_CI,0,proportion,200000,True,completion,symptoms_summary.json,0.0,0.0,,,,,,,,,,,,,,,,,,,,,,,,,,0.002,,,,,K_4,204.0,symptom_region_pair,palpitations / umbilical
0.0005393743257821049,200000,0.07224161844181931,0.00017985611510791367,0.07352941176470588,,MC_PRECISION_MET,success_conditional_descriptive_resampling_range_not_population_CI,0,proportion,200000,False,completion,symptoms_summary.json,0.03940886699507389,0.11165048543689321,,,,,,,,,,,,,,,,,,,,,,,,,,0.002,,,,,K_5,204.0,symptom_region_pair,palpitations / hypogastrium
0.0001970346288360167,200000,0.03499330271718332,0.00017985611510791367,0.0196078431372549,,MC_PRECISION_MET,success_conditional_descriptive_resampling_range_not_population_CI,0,proportion,200000,False,completion,symptoms_summary.json,0.004807692307692308,0.03980099502487562,,,,,,,,,,,,,,,,,,,,,,,,,,0.002,,,,,K_6,204.0,symptom_region_pair,palpitations / right lumbar
0.0,200000,0.0,0.00017985611510791367,0.0,,MC_PRECISION_MET,success_conditional_descriptive_resampling_range_not_population_CI,0,proportion,200000,True,completion,symptoms_summary.json,0.0,0.0,,,,,,,,,,,,,,,,,,,,,,,,,,0.002,,,,,K_7,204.0,symptom_region_pair,palpitations / left lumbar
0.0,200000,0.0,0.00017985611510791367,0.0,,MC_PRECISION_MET,success_conditional_descriptive_resampling_range_not_population_CI,0,proportion,200000,True,completion,symptoms_summary.json,0.0,0.0,,,,,,,,,,,,,,,,,,,,,,,,,,0.002,,,,,K_8,204.0,symptom_region_pair,palpitations / right inguinal
0.0,200000,0.0,0.00017985611510791367,0.0,,MC_PRECISION_MET,success_conditional_descriptive_resampling_range_not_population_CI,0,proportion,200000,True,completion,symptoms_summary.json,0.0,0.0,,,,,,,,,,,,,,,,,,,,,,,,,,0.002,,,,,K_9,204.0,symptom_region_pair,palpitations / left inguinal
7.537688442211046e-05,200000,0.015,0.00017985611510791367,0.004901960784313725,,MC_PRECISION_MET,success_conditional_descriptive_resampling_range_not_population_CI,0,proportion,200000,False,completion,symptoms_summary.json,0.0,0.015,,,,,,,,,,,,,,,,,,,,,,,,,,0.002,,,,,L_1,204.0,symptom_region_pair,irritability / epigastrium
0.0006096668780178477,200000,0.07484353061564455,0.00017985611510791367,0.08333333333333333,,MC_PRECISION_MET,success_conditional_descriptive_resampling_range_not_population_CI,0,proportion,200000,False,completion,symptoms_summary.json,0.04830917874396135,0.12315270935960591,,,,,,,,,,,,,,,,,,,,,,,,,,0.002,,,,,L_2,204.0,symptom_region_pair,irritability / right hypochondrium
0.00026825342632785104,200000,0.04452535636943433,0.00017985611510791367,0.029411764705882353,,MC_PRECISION_MET,success_conditional_descriptive_resampling_range_not_population_CI,0,proportion,200000,False,completion,symptoms_summary.json,0.00966183574879227,0.054187192118226604,,,,,,,,,,,,,,,,,,,,,,,,,,0.002,,,,,L_3,204.0,symptom_region_pair,irritability / left hypochondrium
0.0,200000,0.0,0.00017985611510791367,0.0,,MC_PRECISION_MET,success_conditional_descriptive_resampling_range_not_population_CI,0,proportion,200000,True,completion,symptoms_summary.json,0.0,0.0,,,,,,,,,,,,,,,,,,,,,,,,,,0.002,,,,,L_4,204.0,symptom_region_pair,irritability / umbilical
0.0005060728744939319,200000,0.07043728724797066,0.00017985611510791367,0.06862745098039216,,MC_PRECISION_MET,success_conditional_descriptive_resampling_range_not_population_CI,0,proportion,200000,False,completion,symptoms_summary.json,0.03482587064676617,0.10526315789473684,,,,,,,,,,,,,,,,,,,,,,,,,,0.002,,,,,L_5,204.0,symptom_region_pair,irritability / hypogastrium
0.00033151787828558654,200000,0.053586800573888094,0.00017985611510791367,0.0392156862745098,,MC_PRECISION_MET,success_conditional_descriptive_resampling_range_not_population_CI,0,proportion,200000,False,completion,symptoms_summary.json,0.014705882352941176,0.06829268292682927,,,,,,,,,,,,,,,,,,,,,,,,,,0.002,,,,,L_6,204.0,symptom_region_pair,irritability / right lumbar
0.0,200000,0.0,0.00017985611510791367,0.0,,MC_PRECISION_MET,success_conditional_descriptive_resampling_range_not_population_CI,0,proportion,200000,True,completion,symptoms_summary.json,0.0,0.0,,,,,,,,,,,,,,,,,,,,,,,,,,0.002,,,,,L_7,204.0,symptom_region_pair,irritability / left lumbar
0.0,200000,0.0,0.00017985611510791367,0.0,,MC_PRECISION_MET,success_conditional_descriptive_resampling_range_not_population_CI,0,proportion,200000,True,completion,symptoms_summary.json,0.0,0.0,,,,,,,,,,,,,,,,,,,,,,,,,,0.002,,,,,L_8,204.0,symptom_region_pair,irritability / right inguinal
0.0,200000,0.0,0.00017985611510791367,0.0,,MC_PRECISION_MET,success_conditional_descriptive_resampling_range_not_population_CI,0,proportion,200000,True,completion,symptoms_summary.json,0.0,0.0,,,,,,,,,,,,,,,,,,,,,,,,,,0.002,,,,,L_9,204.0,symptom_region_pair,irritability / left inguinal
0.0,200000,0.0,0.00017985611510791367,0.0,,MC_PRECISION_MET,success_conditional_descriptive_resampling_range_not_population_CI,0,proportion,200000,True,completion,symptoms_summary.json,0.0,0.0,,,,,,,,,,,,,,,,,,,,,,,,,,0.002,,,,,Functional Heartburn,204.0,legacy_rule_pattern,Functional Heartburn [rule alignment only]
7.537688442211046e-05,200000,0.015,0.00017985611510791367,0.004901960784313725,,MC_PRECISION_MET,success_conditional_descriptive_resampling_range_not_population_CI,0,proportion,200000,False,completion,symptoms_summary.json,0.0,0.015,,,,,,,,,,,,,,,,,,,,,,,,,,0.002,,,,,Belching Disorder,204.0,legacy_rule_pattern,Belching Disorder [rule alignment only]
7.537688442211046e-05,200000,0.015,0.00017985611510791367,0.004901960784313725,,MC_PRECISION_MET,success_conditional_descriptive_resampling_range_not_population_CI,0,proportion,200000,False,completion,symptoms_summary.json,0.0,0.015,,,,,,,,,,,,,,,,,,,,,,,,,,0.002,,,,,Chronic Nausea Vomiting Syndrome,204.0,legacy_rule_pattern,Chronic Nausea Vomiting Syndrome [rule alignment only]
7.537688442211046e-05,200000,0.015,0.00017985611510791367,0.004901960784313725,,MC_PRECISION_MET,success_conditional_descriptive_resampling_range_not_population_CI,0,proportion,200000,False,completion,symptoms_summary.json,0.0,0.015,,,,,,,,,,,,,,,,,,,,,,,,,,0.002,,,,,Functional Dyspepsia - PDS-like,204.0,legacy_rule_pattern,Functional Dyspepsia - PDS-like [rule alignment only]
0.0,200000,0.0,0.00017985611510791367,0.0,,MC_PRECISION_MET,success_conditional_descriptive_resampling_range_not_population_CI,0,proportion,200000,True,completion,symptoms_summary.json,0.0,0.0,,,,,,,,,,,,,,,,,,,,,,,,,,0.002,,,,,Functional Dyspepsia - EPS-like,204.0,legacy_rule_pattern,Functional Dyspepsia - EPS-like [rule alignment only]
0.0009086561453849895,200000,0.09443777511004402,0.00017985611510791367,0.13725490196078433,,MC_PRECISION_MET,success_conditional_descriptive_resampling_range_not_population_CI,0,proportion,200000,False,completion,symptoms_summary.json,0.09183673469387756,0.18627450980392157,,,,,,,,,,,,,,,,,,,,,,,,,,0.002,,,,,Irritable Bowel Syndrome-like,204.0,legacy_rule_pattern,Irritable Bowel Syndrome-like [rule alignment only]
0.0011897963068722706,200000,0.1274559425758064,0.00017985611510791367,0.3137254901960784,,MC_PRECISION_MET,success_conditional_descriptive_resampling_range_not_population_CI,0,proportion,200000,False,completion,symptoms_summary.json,0.25118483412322273,0.3786407766990291,,,,,,,,,,,,,,,,,,,,,,,,,,0.002,,,,,Functional Abdominal Bloating/Distension-like,204.0,legacy_rule_pattern,Functional Abdominal Bloating/Distension-like [rule alignment only]
0.0003658001268107003,200000,0.05456795411817901,0.00017985611510791367,0.04411764705882353,,MC_PRECISION_MET,success_conditional_descriptive_resampling_range_not_population_CI,0,proportion,200000,False,completion,symptoms_summary.json,0.01932367149758454,0.07389162561576355,,,,,,,,,,,,,,,,,,,,,,,,,,0.002,,,,,Functional Constipation / Defecatory Disorder-like,204.0,legacy_rule_pattern,Functional Constipation / Defecatory Disorder-like [rule alignment only]
0.0006128173097320055,200000,0.1355162754757075,0.00017985611510791367,0.4215686274509804,,MC_PRECISION_MET,success_conditional_descriptive_resampling_range_not_population_CI,0,proportion,200000,False,completion,symptoms_summary.json,0.35467980295566504,0.49019607843137253,,,,,,,,,,,,,,,,,,,,,,,,,,0.002,,,,,Biliary Pain-like,204.0,legacy_rule_pattern,Biliary Pain-like [rule alignment only]
0.000420168067226917,200000,0.0847481021394065,0.00017985611510791367,0.10784313725490197,,MC_PRECISION_MET,success_conditional_descriptive_resampling_range_not_population_CI,0,proportion,200000,False,completion,symptoms_summary.json,0.06763285024154589,0.1523809523809524,,,,,,,,,,,,,,,,,,,,,,,,,,0.002,,,,,Unspecified Functional GI Symptom Pattern,204.0,legacy_rule_pattern,Unspecified Functional GI Symptom Pattern [rule alignment only]
